id	movie_id	genre_id
000001_02	1	2
000001_03	1	3
000001_04	1	4
000001_05	1	5
000001_09	1	9
000002_02	2	2
000002_04	2	4
000002_09	2	9
000003_05	3	5
000003_14	3	14
000004_05	4	5
000004_08	4	8
000004_14	4	14
000005_05	5	5
000006_01	6	1
000006_06	6	6
000006_16	6	16
000007_05	7	5
000007_14	7	14
000008_02	8	2
000008_04	8	4
000009_01	9	1
000010_01	10	1
000010_02	10	2
000010_16	10	16
000011_05	11	5
000011_08	11	8
000011_14	11	14
000012_05	12	5
000012_11	12	11
000013_02	13	2
000013_03	13	3
000013_04	13	4
000014_08	14	8
000015_01	15	1
000015_02	15	2
000015_14	15	14
000016_06	16	6
000016_08	16	8
000017_08	17	8
000017_14	17	14
000018_05	18	5
000019_05	19	5
000020_01	20	1
000020_05	20	5
000020_06	20	6
000020_08	20	8
000020_16	20	16
000021_05	21	5
000021_06	21	6
000021_16	21	16
000022_06	22	6
000022_08	22	8
000022_11	22	11
000022_13	22	13
000022_16	22	16
000023_01	23	1
000023_06	23	6
000023_16	23	16
000024_08	24	8
000024_15	24	15
000025_08	25	8
000025_14	25	14
000026_08	26	8
000027_04	27	4
000027_08	27	8
000028_08	28	8
000028_14	28	14
000029_02	29	2
000029_08	29	8
000029_09	29	9
000029_13	29	13
000029_15	29	15
000030_06	30	6
000030_08	30	8
000031_08	31	8
000032_13	32	13
000032_15	32	15
000032_16	32	16
000034_04	34	4
000034_08	34	8
000036_06	36	6
000036_08	36	8
000038_04	38	4
000038_05	38	5
000039_05	39	5
000039_14	39	14
000040_08	40	8
000041_08	41	8
000041_17	41	17
000042_01	42	1
000042_06	42	6
000042_08	42	8
000043_08	43	8
000044_01	44	1
000044_02	44	2
000044_09	44	9
000045_05	45	5
000045_08	45	8
000045_16	45	16
000046_08	46	8
000046_14	46	14
000047_13	47	13
000047_16	47	16
000048_03	48	3
000048_04	48	4
000048_08	48	8
000048_12	48	12
000048_14	48	14
000049_08	49	8
000049_14	49	14
000050_06	50	6
000050_13	50	13
000050_16	50	16
000052_05	52	5
000052_08	52	8
000052_14	52	14
000053_02	53	2
000053_08	53	8
000054_04	54	4
000054_05	54	5
000055_08	55	8
000057_08	57	8
000058_05	58	5
000058_08	58	8
000058_14	58	14
000060_02	60	2
000060_04	60	4
000060_09	60	9
000061_08	61	8
000061_16	61	16
000062_08	62	8
000063_05	63	5
000063_06	63	6
000064_05	64	5
000064_14	64	14
000065_05	65	5
000066_01	66	1
000066_15	66	15
000066_16	66	16
000068_05	68	5
000068_14	68	14
000069_05	69	5
000070_01	70	1
000070_05	70	5
000070_11	70	11
000070_16	70	16
000071_01	71	1
000072_05	72	5
000072_08	72	8
000073_08	73	8
000073_17	73	17
000074_08	74	8
000074_14	74	14
000075_05	75	5
000075_08	75	8
000076_01	76	1
000076_15	76	15
000076_16	76	16
000077_07	77	7
000078_01	78	1
000078_06	78	6
000078_08	78	8
000078_16	78	16
000079_08	79	8
000079_16	79	16
000080_04	80	4
000080_08	80	8
000081_06	81	6
000081_08	81	8
000081_14	81	14
000082_05	82	5
000082_08	82	8
000083_08	83	8
000083_14	83	14
000085_08	85	8
000085_14	85	14
000086_01	86	1
000086_02	86	2
000086_08	86	8
000087_04	87	4
000087_05	87	5
000088_05	88	5
000089_01	89	1
000089_16	89	16
000092_08	92	8
000092_11	92	11
000092_16	92	16
000093_05	93	5
000093_11	93	11
000093_14	93	14
000094_05	94	5
000094_08	94	8
000094_14	94	14
000095_01	95	1
000095_02	95	2
000095_16	95	16
000096_05	96	5
000096_08	96	8
000097_06	97	6
000097_08	97	8
000099_07	99	7
000100_08	100	8
000100_16	100	16
000101_02	101	2
000101_05	101	5
000101_06	101	6
000101_14	101	14
000102_05	102	5
000103_13	103	13
000103_15	103	15
000103_16	103	16
000104_05	104	5
000105_08	105	8
000105_14	105	14
000106_05	106	5
000106_08	106	8
000107_02	107	2
000107_04	107	4
000107_05	107	5
000107_12	107	12
000108_07	108	7
000110_01	110	1
000110_08	110	8
000110_17	110	17
000111_06	111	6
000111_08	111	8
000111_16	111	16
000112_01	112	1
000112_02	112	2
000112_05	112	5
000112_06	112	6
000113_08	113	8
000113_13	113	13
000116_07	116	7
000117_06	117	6
000117_08	117	8
000118_05	118	5
000118_14	118	14
000119_05	119	5
000121_08	121	8
000122_05	122	5
000122_14	122	14
000123_08	123	8
000123_13	123	13
000123_14	123	14
000125_05	125	5
000126_02	126	2
000126_04	126	4
000126_09	126	9
000128_07	128	7
000129_05	129	5
000129_14	129	14
000132_16	132	16
000135_05	135	5
000137_07	137	7
000140_08	140	8
000140_14	140	14
000141_05	141	5
000144_05	144	5
000145_01	145	1
000145_05	145	5
000145_06	145	6
000145_08	145	8
000145_16	145	16
000146_02	146	2
000146_04	146	4
000147_08	147	8
000148_08	148	8
000149_06	149	6
000149_08	149	8
000149_16	149	16
000150_02	150	2
000150_08	150	8
000150_19	150	19
000151_01	151	1
000151_08	151	8
000151_14	151	14
000151_17	151	17
000152_08	152	8
000152_11	152	11
000153_01	153	1
000153_02	153	2
000153_05	153	5
000153_06	153	6
000154_08	154	8
000155_02	155	2
000155_08	155	8
000155_17	155	17
000156_05	156	5
000156_08	156	8
000157_05	157	5
000157_17	157	17
000158_02	158	2
000158_04	158	4
000159_06	159	6
000159_08	159	8
000159_13	159	13
000160_01	160	1
000160_02	160	2
000160_13	160	13
000160_15	160	15
000161_08	161	8
000161_16	161	16
000161_17	161	17
000162_07	162	7
000163_01	163	1
000163_14	163	14
000163_18	163	18
000164_06	164	6
000164_10	164	10
000164_13	164	13
000164_16	164	16
000165_01	165	1
000165_06	165	6
000165_16	165	16
000166_05	166	5
000166_06	166	6
000166_08	166	8
000168_01	168	1
000168_08	168	8
000168_14	168	14
000169_02	169	2
000169_04	169	4
000169_08	169	8
000170_01	170	1
000170_02	170	2
000170_06	170	6
000170_16	170	16
000171_05	171	5
000171_08	171	8
000172_01	172	1
000172_15	172	15
000172_16	172	16
000173_01	173	1
000173_06	173	6
000173_15	173	15
000174_05	174	5
000175_08	175	8
000176_05	176	5
000177_11	177	11
000178_05	178	5
000178_08	178	8
000179_08	179	8
000179_14	179	14
000180_05	180	5
000180_14	180	14
000181_01	181	1
000181_04	181	4
000183_05	183	5
000183_11	183	11
000183_16	183	16
000184_08	184	8
000185_01	185	1
000185_06	185	6
000185_16	185	16
000186_05	186	5
000186_14	186	14
000187_05	187	5
000188_09	188	9
000188_11	188	11
000188_13	188	13
000189_05	189	5
000189_09	189	9
000190_16	190	16
000191_08	191	8
000191_14	191	14
000193_08	193	8
000194_05	194	5
000194_08	194	8
000195_05	195	5
000195_08	195	8
000195_14	195	14
000196_11	196	11
000196_15	196	15
000198_01	198	1
000198_06	198	6
000198_08	198	8
000198_13	198	13
000198_15	198	15
000198_16	198	16
000199_08	199	8
000199_12	199	12
000199_14	199	14
000201_08	201	8
000201_09	201	9
000202_08	202	8
000202_14	202	14
000203_05	203	5
000204_01	204	1
000205_05	205	5
000205_08	205	8
000206_07	206	7
000207_08	207	8
000207_14	207	14
000208_01	208	1
000208_02	208	2
000208_15	208	15
000209_08	209	8
000210_18	210	18
000211_08	211	8
000212_02	212	2
000212_05	212	5
000212_06	212	6
000212_13	212	13
000213_08	213	8
000214_08	214	8
000214_17	214	17
000215_08	215	8
000215_14	215	14
000216_05	216	5
000217_08	217	8
000217_16	217	16
000218_05	218	5
000218_08	218	8
000219_08	219	8
000220_11	220	11
000222_08	222	8
000222_14	222	14
000223_05	223	5
000224_05	224	5
000224_08	224	8
000224_14	224	14
000225_08	225	8
000225_16	225	16
000227_01	227	1
000227_16	227	16
000228_05	228	5
000229_08	229	8
000229_16	229	16
000230_08	230	8
000230_16	230	16
000231_02	231	2
000231_05	231	5
000232_05	232	5
000232_08	232	8
000232_14	232	14
000233_08	233	8
000234_05	234	5
000235_05	235	5
000235_08	235	8
000236_01	236	1
000236_05	236	5
000236_14	236	14
000237_05	237	5
000237_14	237	14
000238_02	238	2
000238_04	238	4
000239_03	239	3
000239_04	239	4
000239_05	239	5
000239_14	239	14
000240_16	240	16
000241_04	241	4
000241_08	241	8
000242_08	242	8
000242_12	242	12
000243_04	243	4
000243_05	243	5
000243_09	243	9
000246_07	246	7
000247_06	247	6
000247_08	247	8
000248_05	248	5
000249_08	249	8
000249_14	249	14
000250_04	250	4
000250_05	250	5
000251_01	251	1
000252_05	252	5
000252_14	252	14
000253_08	253	8
000253_11	253	11
000254_08	254	8
000255_05	255	5
000256_05	256	5
000256_15	256	15
000257_13	257	13
000257_16	257	16
000258_02	258	2
000258_04	258	4
000258_05	258	5
000258_09	258	9
000258_14	258	14
000259_06	259	6
000259_08	259	8
000259_16	259	16
000260_01	260	1
000260_02	260	2
000260_15	260	15
000261_08	261	8
000262_04	262	4
000262_08	262	8
000263_08	263	8
000265_08	265	8
000265_09	265	9
000265_14	265	14
000266_08	266	8
000266_14	266	14
000266_17	266	17
000266_18	266	18
000267_05	267	5
000269_08	269	8
000270_08	270	8
000270_14	270	14
000271_08	271	8
000272_05	272	5
000272_08	272	8
000273_08	273	8
000273_11	273	11
000273_15	273	15
000274_05	274	5
000275_05	275	5
000276_05	276	5
000276_14	276	14
000277_08	277	8
000278_05	278	5
000279_08	279	8
000280_08	280	8
000280_16	280	16
000281_05	281	5
000281_08	281	8
000281_14	281	14
000282_08	282	8
000283_06	283	6
000283_08	283	8
000284_01	284	1
000284_06	284	6
000285_08	285	8
000285_11	285	11
000287_05	287	5
000287_14	287	14
000288_01	288	1
000288_06	288	6
000288_16	288	16
000289_05	289	5
000289_14	289	14
000290_06	290	6
000290_08	290	8
000291_08	291	8
000291_16	291	16
000292_01	292	1
000292_08	292	8
000292_15	292	15
000292_16	292	16
000293_01	293	1
000293_06	293	6
000293_08	293	8
000293_16	293	16
000294_05	294	5
000294_14	294	14
000295_05	295	5
000295_14	295	14
000296_05	296	5
000296_06	296	6
000296_08	296	8
000296_16	296	16
000298_08	298	8
000299_08	299	8
000300_08	300	8
000301_08	301	8
000301_14	301	14
000302_08	302	8
000302_14	302	14
000303_01	303	1
000303_16	303	16
000303_18	303	18
000304_05	304	5
000304_08	304	8
000305_05	305	5
000306_08	306	8
000307_08	307	8
000308_05	308	5
000308_08	308	8
000310_05	310	5
000311_11	311	11
000311_16	311	16
000312_05	312	5
000313_03	313	3
000313_04	313	4
000314_04	314	4
000314_08	314	8
000314_09	314	9
000314_13	314	13
000315_01	315	1
000315_08	315	8
000315_16	315	16
000316_01	316	1
000316_02	316	2
000316_15	316	15
000317_05	317	5
000317_08	317	8
000317_09	317	9
000318_06	318	6
000318_08	318	8
000319_05	319	5
000319_08	319	8
000319_16	319	16
000320_10	320	10
000320_16	320	16
000321_08	321	8
000322_05	322	5
000322_08	322	8
000324_05	324	5
000324_08	324	8
000325_05	325	5
000326_08	326	8
000327_01	327	1
000327_05	327	5
000327_15	327	15
000328_11	328	11
000328_16	328	16
000329_02	329	2
000329_08	329	8
000329_15	329	15
000330_01	330	1
000330_06	330	6
000330_11	330	11
000331_08	331	8
000332_11	332	11
000332_15	332	15
000333_05	333	5
000334_08	334	8
000335_13	335	13
000335_16	335	16
000336_08	336	8
000336_17	336	17
000337_08	337	8
000338_01	338	1
000338_15	338	15
000338_16	338	16
000339_05	339	5
000339_14	339	14
000340_02	340	2
000340_08	340	8
000340_17	340	17
000341_08	341	8
000342_05	342	5
000343_04	343	4
000344_05	344	5
000345_05	345	5
000345_08	345	8
000346_08	346	8
000346_12	346	12
000347_08	347	8
000347_10	347	10
000347_14	347	14
000348_05	348	5
000349_01	349	1
000349_06	349	6
000349_08	349	8
000349_16	349	16
000350_08	350	8
000350_13	350	13
000350_16	350	16
000351_05	351	5
000351_08	351	8
000351_14	351	14
000352_05	352	5
000352_08	352	8
000353_01	353	1
000353_06	353	6
000353_09	353	9
000353_16	353	16
000354_08	354	8
000355_04	355	4
000355_05	355	5
000355_09	355	9
000356_05	356	5
000356_08	356	8
000356_14	356	14
000356_17	356	17
000357_05	357	5
000357_14	357	14
000358_08	358	8
000359_05	359	5
000359_08	359	8
000359_14	359	14
000360_01	360	1
000360_05	360	5
000361_05	361	5
000361_08	361	8
000361_14	361	14
000362_02	362	2
000362_04	362	4
000362_14	362	14
000363_07	363	7
000364_02	364	2
000364_03	364	3
000364_04	364	4
000364_08	364	8
000364_12	364	12
000364_19	364	19
000365_08	365	8
000366_08	366	8
000366_11	366	11
000366_13	366	13
000366_16	366	16
000367_01	367	1
000367_05	367	5
000367_06	367	6
000367_09	367	9
000368_02	368	2
000368_05	368	5
000368_18	368	18
000369_08	369	8
000370_01	370	1
000370_05	370	5
000371_05	371	5
000371_08	371	8
000372_05	372	5
000372_08	372	8
000372_14	372	14
000373_16	373	16
000374_04	374	4
000374_05	374	5
000376_01	376	1
000376_16	376	16
000377_01	377	1
000377_14	377	14
000377_16	377	16
000378_05	378	5
000378_14	378	14
000379_01	379	1
000379_15	379	15
000379_16	379	16
000380_01	380	1
000380_02	380	2
000380_05	380	5
000380_14	380	14
000380_16	380	16
000381_08	381	8
000381_14	381	14
000382_08	382	8
000382_11	382	11
000382_14	382	14
000382_16	382	16
000383_18	383	18
000384_01	384	1
000384_06	384	6
000384_08	384	8
000385_08	385	8
000386_08	386	8
000387_01	387	1
000387_05	387	5
000388_08	388	8
000389_08	389	8
000389_14	389	14
000389_17	389	17
000390_01	390	1
000390_06	390	6
000390_08	390	8
000391_06	391	6
000391_08	391	8
000393_01	393	1
000393_02	393	2
000393_09	393	9
000405_01	405	1
000405_09	405	9
000406_08	406	8
000407_11	407	11
000407_16	407	16
000408_08	408	8
000409_06	409	6
000409_08	409	8
000410_04	410	4
000410_05	410	5
000410_09	410	9
000412_08	412	8
000413_05	413	5
000414_05	414	5
000415_05	415	5
000415_16	415	16
000416_18	416	18
000417_05	417	5
000417_14	417	14
000418_08	418	8
000419_05	419	5
000420_01	420	1
000420_05	420	5
000420_06	420	6
000420_16	420	16
000421_02	421	2
000421_04	421	4
000421_08	421	8
000422_16	422	16
000423_01	423	1
000423_16	423	16
000424_08	424	8
000425_08	425	8
000425_14	425	14
000426_11	426	11
000426_15	426	15
000426_16	426	16
000427_08	427	8
000427_13	427	13
000427_14	427	14
000427_16	427	16
000428_08	428	8
000429_05	429	5
000430_05	430	5
000430_08	430	8
000431_06	431	6
000431_08	431	8
000432_02	432	2
000432_05	432	5
000432_18	432	18
000433_05	433	5
000434_01	434	1
000434_02	434	2
000434_16	434	16
000435_05	435	5
000435_15	435	15
000436_08	436	8
000436_16	436	16
000437_05	437	5
000438_01	438	1
000438_05	438	5
000438_08	438	8
000440_05	440	5
000440_14	440	14
000441_05	441	5
000442_01	442	1
000442_02	442	2
000442_15	442	15
000444_05	444	5
000444_14	444	14
000445_05	445	5
000446_08	446	8
000446_14	446	14
000448_08	448	8
000449_05	449	5
000450_05	450	5
000450_08	450	8
000451_08	451	8
000451_13	451	13
000451_14	451	14
000452_08	452	8
000453_05	453	5
000453_14	453	14
000454_08	454	8
000454_16	454	16
000455_02	455	2
000455_04	455	4
000455_08	455	8
000456_06	456	6
000456_08	456	8
000456_16	456	16
000457_16	457	16
000458_08	458	8
000458_18	458	18
000459_01	459	1
000459_02	459	2
000459_06	459	6
000459_08	459	8
000459_14	459	14
000459_16	459	16
000460_05	460	5
000461_08	461	8
000461_14	461	14
000464_01	464	1
000464_02	464	2
000464_06	464	6
000464_16	464	16
000466_01	466	1
000466_05	466	5
000466_17	466	17
000467_05	467	5
000468_05	468	5
000468_14	468	14
000469_08	469	8
000469_14	469	14
000470_05	470	5
000471_05	471	5
000472_05	472	5
000472_08	472	8
000473_05	473	5
000473_17	473	17
000474_01	474	1
000474_16	474	16
000475_08	475	8
000476_05	476	5
000476_08	476	8
000477_08	477	8
000477_12	477	12
000478_05	478	5
000478_06	478	6
000478_08	478	8
000479_01	479	1
000479_06	479	6
000479_16	479	16
000480_01	480	1
000480_02	480	2
000480_15	480	15
000480_16	480	16
000481_08	481	8
000481_16	481	16
000482_06	482	6
000482_08	482	8
000482_16	482	16
000484_02	484	2
000484_04	484	4
000485_01	485	1
000485_02	485	2
000485_05	485	5
000485_09	485	9
000486_05	486	5
000487_05	487	5
000487_18	487	18
000488_08	488	8
000488_14	488	14
000489_05	489	5
000490_16	490	16
000491_08	491	8
000492_05	492	5
000492_13	492	13
000493_01	493	1
000493_06	493	6
000493_08	493	8
000494_01	494	1
000494_02	494	2
000494_16	494	16
000495_08	495	8
000496_05	496	5
000496_08	496	8
000496_14	496	14
000496_16	496	16
000497_05	497	5
000497_14	497	14
000499_05	499	5
000499_14	499	14
000500_05	500	5
000500_08	500	8
000501_08	501	8
000502_01	502	1
000502_04	502	4
000502_14	502	14
000504_01	504	1
000504_08	504	8
000504_15	504	15
000505_05	505	5
000506_08	506	8
000506_09	506	9
000506_14	506	14
000507_06	507	6
000507_08	507	8
000507_16	507	16
000508_08	508	8
000509_08	509	8
000509_14	509	14
000510_08	510	8
000511_01	511	1
000511_08	511	8
000512_11	512	11
000512_15	512	15
000513_05	513	5
000513_13	513	13
000513_14	513	14
000514_05	514	5
000515_08	515	8
000515_14	515	14
000516_05	516	5
000516_08	516	8
000517_01	517	1
000517_08	517	8
000517_13	517	13
000518_05	518	5
000519_01	519	1
000519_06	519	6
000519_08	519	8
000519_15	519	15
000519_16	519	16
000520_05	520	5
000521_06	521	6
000521_16	521	16
000522_01	522	1
000522_08	522	8
000523_08	523	8
000524_08	524	8
000526_08	526	8
000527_08	527	8
000527_17	527	17
000528_05	528	5
000528_08	528	8
000529_08	529	8
000531_04	531	4
000531_08	531	8
000532_05	532	5
000532_06	532	6
000532_11	532	11
000533_01	533	1
000533_02	533	2
000533_09	533	9
000533_13	533	13
000534_08	534	8
000534_14	534	14
000535_08	535	8
000536_08	536	8
000537_08	537	8
000538_08	538	8
000539_05	539	5
000539_08	539	8
000539_14	539	14
000540_16	540	16
000541_01	541	1
000541_15	541	15
000541_16	541	16
000542_05	542	5
000542_08	542	8
000542_14	542	14
000543_05	543	5
000543_14	543	14
000543_16	543	16
000544_01	544	1
000544_06	544	6
000546_01	546	1
000546_02	546	2
000546_04	546	4
000546_05	546	5
000546_09	546	9
000546_15	546	15
000547_01	547	1
000547_02	547	2
000547_16	547	16
000548_01	548	1
000548_13	548	13
000548_16	548	16
000549_08	549	8
000549_12	549	12
000550_05	550	5
000550_14	550	14
000551_03	551	3
000551_04	551	4
000551_09	551	9
000551_12	551	12
000552_01	552	1
000552_02	552	2
000552_05	552	5
000552_14	552	14
000553_01	553	1
000553_08	553	8
000553_18	553	18
000555_06	555	6
000555_16	555	16
000556_07	556	7
000558_01	558	1
000558_02	558	2
000558_03	558	3
000558_04	558	4
000558_09	558	9
000562_05	562	5
000562_08	562	8
000563_08	563	8
000563_14	563	14
000564_05	564	5
000567_05	567	5
000567_08	567	8
000568_05	568	5
000568_08	568	8
000569_05	569	5
000569_08	569	8
000573_08	573	8
000574_05	574	5
000574_08	574	8
000575_04	575	4
000575_05	575	5
000577_02	577	2
000577_04	577	4
000577_08	577	8
000579_06	579	6
000579_16	579	16
000580_08	580	8
000581_07	581	7
000583_05	583	5
000583_08	583	8
000585_05	585	5
000586_04	586	4
000586_05	586	5
000587_05	587	5
000587_08	587	8
000587_09	587	9
000587_14	587	14
000587_16	587	16
000588_02	588	2
000588_03	588	3
000588_04	588	4
000588_05	588	5
000588_12	588	12
000589_01	589	1
000589_15	589	15
000590_02	590	2
000590_08	590	8
000590_18	590	18
000592_01	592	1
000592_06	592	6
000592_16	592	16
000593_06	593	6
000593_11	593	11
000593_16	593	16
000594_03	594	3
000594_04	594	4
000594_08	594	8
000594_09	594	9
000594_12	594	12
000595_03	595	3
000595_04	595	4
000595_09	595	9
000595_12	595	12
000595_14	595	14
000595_19	595	19
000596_03	596	3
000596_04	596	4
000596_09	596	9
000596_12	596	12
000597_05	597	5
000597_14	597	14
000599_02	599	2
000599_18	599	18
000600_01	600	1
000600_05	600	5
000600_06	600	6
000602_07	602	7
000605_08	605	8
000605_14	605	14
000606_09	606	9
000606_11	606	11
000608_05	608	5
000608_06	608	6
000608_08	608	8
000608_16	608	16
000609_02	609	2
000609_04	609	4
000610_01	610	1
000610_02	610	2
000610_03	610	3
000610_11	610	11
000610_15	610	15
000611_01	611	1
000611_11	611	11
000611_15	611	15
000612_05	612	5
000613_08	613	8
000613_14	613	14
000615_05	615	5
000615_08	615	8
000616_03	616	3
000616_04	616	4
000617_05	617	5
000617_08	617	8
000618_05	618	5
000618_14	618	14
000619_05	619	5
000626_05	626	5
000627_08	627	8
000627_16	627	16
000628_06	628	6
000628_08	628	8
000628_13	628	13
000628_16	628	16
000631_02	631	2
000631_03	631	3
000631_04	631	4
000631_09	631	9
000631_12	631	12
000631_14	631	14
000632_08	632	8
000632_17	632	17
000633_05	633	5
000634_05	634	5
000635_05	635	5
000635_08	635	8
000636_08	636	8
000637_05	637	5
000638_14	638	14
000639_05	639	5
000639_08	639	8
000640_08	640	8
000640_16	640	16
000645_08	645	8
000647_01	647	1
000647_06	647	6
000647_08	647	8
000647_17	647	17
000648_01	648	1
000648_02	648	2
000648_13	648	13
000648_16	648	16
000649_05	649	5
000649_08	649	8
000650_08	650	8
000653_01	653	1
000653_02	653	2
000653_09	653	9
000656_05	656	5
000661_02	661	2
000661_03	661	3
000661_04	661	4
000661_09	661	9
000661_12	661	12
000662_16	662	16
000663_05	663	5
000665_05	665	5
000665_08	665	8
000665_17	665	17
000667_01	667	1
000668_08	668	8
000670_08	670	8
000671_05	671	5
000671_15	671	15
000673_02	673	2
000673_03	673	3
000673_04	673	4
000673_05	673	5
000673_09	673	9
000673_15	673	15
000674_02	674	2
000674_05	674	5
000674_15	674	15
000678_08	678	8
000678_16	678	16
000679_08	679	8
000680_08	680	8
000680_13	680	13
000680_14	680	14
000680_15	680	15
000680_16	680	16
000685_08	685	8
000688_01	688	1
000688_02	688	2
000688_05	688	5
000688_17	688	17
000691_05	691	5
000691_14	691	14
000692_01	692	1
000692_15	692	15
000692_16	692	16
000694_01	694	1
000694_06	694	6
000694_08	694	8
000695_13	695	13
000695_16	695	16
000697_08	697	8
000697_14	697	14
000698_08	698	8
000700_05	700	5
000703_08	703	8
000704_01	704	1
000704_02	704	2
000706_08	706	8
000707_06	707	6
000707_08	707	8
000707_16	707	16
000708_05	708	5
000708_14	708	14
000709_02	709	2
000709_03	709	3
000709_04	709	4
000709_05	709	5
000709_12	709	12
000710_05	710	5
000711_02	711	2
000711_04	711	4
000714_08	714	8
000714_13	714	13
000714_18	714	18
000715_08	715	8
000715_14	715	14
000718_05	718	5
000718_09	718	9
000718_15	718	15
000719_05	719	5
000720_02	720	2
000720_03	720	3
000720_05	720	5
000722_07	722	7
000724_08	724	8
000724_09	724	9
000724_11	724	11
000724_16	724	16
000725_05	725	5
000726_08	726	8
000728_05	728	5
000731_06	731	6
000731_16	731	16
000733_01	733	1
000733_02	733	2
000733_16	733	16
000735_11	735	11
000736_01	736	1
000736_02	736	2
000736_14	736	14
000736_16	736	16
000737_01	737	1
000737_15	737	15
000741_03	741	3
000741_15	741	15
000742_11	742	11
000742_16	742	16
000743_05	743	5
000745_03	745	3
000745_04	745	4
000745_05	745	5
000747_05	747	5
000748_01	748	1
000748_15	748	15
000748_16	748	16
000750_05	750	5
000750_17	750	17
000757_08	757	8
000759_07	759	7
000760_08	760	8
000760_17	760	17
000761_01	761	1
000761_02	761	2
000762_05	762	5
000762_06	762	6
000764_08	764	8
000764_14	764	14
000765_05	765	5
000765_08	765	8
000766_08	766	8
000773_08	773	8
000775_11	775	11
000775_13	775	13
000778_05	778	5
000778_06	778	6
000778_08	778	8
000779_08	779	8
000779_14	779	14
000780_01	780	1
000780_02	780	2
000780_15	780	15
000780_16	780	16
000781_08	781	8
000782_08	782	8
000782_16	782	16
000783_03	783	3
000783_04	783	4
000783_08	783	8
000783_12	783	12
000783_14	783	14
000784_05	784	5
000784_16	784	16
000785_05	785	5
000786_01	786	1
000786_08	786	8
000786_16	786	16
000788_05	788	5
000788_09	788	9
000788_14	788	14
000788_15	788	15
000790_08	790	8
000791_07	791	7
000795_08	795	8
000798_01	798	1
000798_02	798	2
000798_08	798	8
000798_16	798	16
000799_05	799	5
000799_11	799	11
000799_16	799	16
000800_08	800	8
000800_13	800	13
000800_18	800	18
000801_04	801	4
000801_05	801	5
000802_08	802	8
000802_14	802	14
000803_05	803	5
000803_08	803	8
000803_14	803	14
000804_05	804	5
000804_14	804	14
000805_08	805	8
000805_16	805	16
000806_06	806	6
000806_08	806	8
000808_02	808	2
000808_04	808	4
000809_01	809	1
000809_02	809	2
000810_04	810	4
000810_05	810	5
000810_09	810	9
000813_05	813	5
000818_05	818	5
000823_08	823	8
000824_08	824	8
000824_13	824	13
000828_02	828	2
000828_04	828	4
000829_05	829	5
000829_09	829	9
000829_12	829	12
000830_05	830	5
000832_06	832	6
000832_16	832	16
000833_05	833	5
000835_08	835	8
000836_01	836	1
000836_02	836	2
000836_16	836	16
000837_04	837	4
000837_05	837	5
000837_09	837	9
000838_05	838	5
000838_08	838	8
000838_14	838	14
000839_01	839	1
000839_16	839	16
000840_04	840	4
000840_05	840	5
000841_11	841	11
000842_05	842	5
000842_11	842	11
000848_08	848	8
000849_01	849	1
000849_02	849	2
000849_15	849	15
000849_16	849	16
000851_08	851	8
000852_05	852	5
000852_08	852	8
000852_14	852	14
000858_06	858	6
000858_08	858	8
000861_01	861	1
000861_05	861	5
000861_06	861	6
000861_16	861	16
000866_06	866	6
000866_08	866	8
000866_14	866	14
000866_16	866	16
000867_05	867	5
000867_06	867	6
000869_06	869	6
000869_08	869	8
000869_12	869	12
000869_16	869	16
000870_05	870	5
000875_01	875	1
000875_06	875	6
000875_08	875	8
000876_01	876	1
000876_05	876	5
000876_06	876	6
000876_16	876	16
000879_11	879	11
000879_16	879	16
000880_15	880	15
000880_16	880	16
000881_04	881	4
000881_05	881	5
000882_08	882	8
000882_16	882	16
000885_04	885	4
000885_08	885	8
000885_09	885	9
000886_01	886	1
000886_05	886	5
000886_06	886	6
000888_02	888	2
000888_03	888	3
000888_04	888	4
000888_12	888	12
000889_08	889	8
000889_14	889	14
000891_11	891	11
000891_16	891	16
000892_05	892	5
000892_08	892	8
000892_14	892	14
000893_08	893	8
000896_08	896	8
000897_02	897	2
000897_08	897	8
000897_14	897	14
000897_17	897	17
000898_05	898	5
000898_08	898	8
000898_14	898	14
000899_05	899	5
000899_12	899	12
000899_14	899	14
000900_12	900	12
000900_14	900	14
000901_05	901	5
000901_12	901	12
000902_08	902	8
000902_14	902	14
000903_08	903	8
000903_13	903	13
000903_14	903	14
000903_16	903	16
000904_13	904	13
000904_16	904	16
000905_05	905	5
000905_14	905	14
000906_08	906	8
000906_16	906	16
000907_05	907	5
000907_12	907	12
000907_14	907	14
000908_01	908	1
000908_02	908	2
000908_13	908	13
000908_14	908	14
000908_16	908	16
000909_05	909	5
000909_08	909	8
000909_14	909	14
000910_05	910	5
000910_06	910	6
000911_05	911	5
000911_06	911	6
000911_13	911	13
000911_14	911	14
000911_16	911	16
000912_08	912	8
000912_14	912	14
000913_10	913	10
000913_13	913	13
000914_05	914	5
000914_08	914	8
000914_12	914	12
000914_14	914	14
000915_05	915	5
000915_14	915	14
000916_05	916	5
000916_08	916	8
000916_14	916	14
000917_04	917	4
000917_08	917	8
000918_12	918	12
000919_02	919	2
000919_04	919	4
000919_09	919	9
000919_12	919	12
000920_08	920	8
000920_14	920	14
000920_17	920	17
000921_05	921	5
000922_08	922	8
000922_10	922	10
000922_14	922	14
000923_08	923	8
000923_13	923	13
000924_02	924	2
000924_08	924	8
000924_15	924	15
000926_08	926	8
000927_05	927	5
000928_08	928	8
000928_13	928	13
000928_14	928	14
000928_16	928	16
000929_08	929	8
000929_10	929	10
000929_13	929	13
000929_16	929	16
000930_10	930	10
000930_14	930	14
000930_16	930	16
000931_13	931	13
000931_14	931	14
000931_16	931	16
000932_08	932	8
000932_14	932	14
000933_06	933	6
000933_13	933	13
000933_14	933	14
000933_16	933	16
000934_05	934	5
000935_05	935	5
000935_12	935	12
000936_05	936	5
000936_14	936	14
000937_05	937	5
000937_14	937	14
000938_12	938	12
000940_01	940	1
000940_02	940	2
000940_14	940	14
000941_02	941	2
000942_06	942	6
000942_10	942	10
000942_13	942	13
000943_08	943	8
000943_09	943	9
000943_14	943	14
000944_08	944	8
000945_05	945	5
000945_12	945	12
000945_14	945	14
000946_05	946	5
000946_08	946	8
000946_17	946	17
000947_05	947	5
000947_14	947	14
000948_08	948	8
000948_14	948	14
000948_18	948	18
000949_08	949	8
000950_05	950	5
000950_06	950	6
000951_05	951	5
000951_14	951	14
000952_02	952	2
000952_05	952	5
000953_04	953	4
000953_08	953	8
000953_09	953	9
000953_14	953	14
000954_08	954	8
000955_05	955	5
000955_14	955	14
000956_08	956	8
000956_14	956	14
000959_08	959	8
000961_08	961	8
000963_12	963	12
000965_08	965	8
000965_13	965	13
000965_16	965	16
000968_11	968	11
000968_15	968	15
000968_16	968	16
000969_02	969	2
000969_05	969	5
000969_14	969	14
000969_17	969	17
000970_02	970	2
000970_05	970	5
000970_06	970	6
000970_08	970	8
000970_14	970	14
000971_08	971	8
000973_05	973	5
000973_08	973	8
000976_14	976	14
000976_17	976	17
000979_08	979	8
000979_17	979	17
000981_08	981	8
000982_08	982	8
000984_05	984	5
000984_08	984	8
000986_02	986	2
000986_04	986	4
000987_08	987	8
000987_14	987	14
000988_05	988	5
000988_08	988	8
000990_01	990	1
000990_02	990	2
000990_16	990	16
000991_08	991	8
000993_08	993	8
000994_05	994	5
000994_08	994	8
000996_01	996	1
000996_06	996	6
000996_08	996	8
000996_16	996	16
000998_01	998	1
000998_06	998	6
000999_06	999	6
000999_10	999	10
001003_08	1003	8
001003_16	1003	16
001004_01	1004	1
001004_16	1004	16
001005_04	1005	4
001005_05	1005	5
001006_08	1006	8
001007_04	1007	4
001007_05	1007	5
001007_18	1007	18
001008_02	1008	2
001008_18	1008	18
001009_02	1009	2
001009_04	1009	4
001009_09	1009	9
001010_04	1010	4
001010_05	1010	5
001011_04	1011	4
001011_05	1011	5
001011_09	1011	9
001011_14	1011	14
001012_04	1012	4
001012_08	1012	8
001013_04	1013	4
001013_05	1013	5
001013_14	1013	14
001014_04	1014	4
001014_05	1014	5
001014_08	1014	8
001015_02	1015	2
001015_04	1015	4
001015_08	1015	8
001016_04	1016	4
001016_05	1016	5
001017_02	1017	2
001017_04	1017	4
001018_04	1018	4
001018_05	1018	5
001018_13	1018	13
001019_02	1019	2
001019_08	1019	8
001019_15	1019	15
001020_05	1020	5
001021_04	1021	4
001021_05	1021	5
001022_03	1022	3
001022_04	1022	4
001022_09	1022	9
001022_12	1022	12
001022_14	1022	14
001023_03	1023	3
001023_04	1023	4
001023_12	1023	12
001024_03	1024	3
001024_04	1024	4
001024_12	1024	12
001025_03	1025	3
001025_04	1025	4
001025_09	1025	9
001025_12	1025	12
001027_02	1027	2
001027_08	1027	8
001028_04	1028	4
001028_05	1028	5
001028_09	1028	9
001028_12	1028	12
001029_03	1029	3
001029_04	1029	4
001029_08	1029	8
001029_12	1029	12
001030_02	1030	2
001030_03	1030	3
001030_04	1030	4
001030_12	1030	12
001031_02	1031	2
001031_04	1031	4
001031_12	1031	12
001032_02	1032	2
001032_03	1032	3
001032_04	1032	4
001032_09	1032	9
001032_12	1032	12
001033_03	1033	3
001033_04	1033	4
001033_08	1033	8
001034_05	1034	5
001034_06	1034	6
001034_08	1034	8
001034_16	1034	16
001035_12	1035	12
001035_14	1035	14
001036_01	1036	1
001036_06	1036	6
001036_16	1036	16
001037_01	1037	1
001037_11	1037	11
001037_15	1037	15
001037_16	1037	16
001040_08	1040	8
001041_08	1041	8
001042_05	1042	5
001042_08	1042	8
001043_08	1043	8
001043_14	1043	14
001046_08	1046	8
001046_14	1046	14
001047_01	1047	1
001047_08	1047	8
001047_16	1047	16
001049_01	1049	1
001049_02	1049	2
001050_07	1050	7
001050_08	1050	8
001051_08	1051	8
001053_06	1053	6
001053_08	1053	8
001053_14	1053	14
001054_08	1054	8
001055_16	1055	16
001056_08	1056	8
001057_05	1057	5
001057_12	1057	12
001057_14	1057	14
001059_08	1059	8
001059_14	1059	14
001060_05	1060	5
001060_08	1060	8
001061_16	1061	16
001064_03	1064	3
001064_04	1064	4
001064_05	1064	5
001064_09	1064	9
001064_12	1064	12
001064_14	1064	14
001066_05	1066	5
001066_12	1066	12
001066_14	1066	14
001068_06	1068	6
001068_10	1068	10
001073_04	1073	4
001073_05	1073	5
001073_09	1073	9
001073_12	1073	12
001076_08	1076	8
001076_11	1076	11
001076_16	1076	16
001077_05	1077	5
001077_15	1077	15
001078_05	1078	5
001078_17	1078	17
001079_05	1079	5
001079_06	1079	6
001080_05	1080	5
001081_05	1081	5
001081_12	1081	12
001081_14	1081	14
001082_08	1082	8
001083_05	1083	5
001083_12	1083	12
001084_06	1084	6
001084_08	1084	8
001085_02	1085	2
001085_08	1085	8
001086_06	1086	6
001086_13	1086	13
001086_16	1086	16
001088_08	1088	8
001088_12	1088	12
001088_14	1088	14
001089_06	1089	6
001089_13	1089	13
001089_16	1089	16
001090_08	1090	8
001090_17	1090	17
001091_05	1091	5
001092_06	1092	6
001092_13	1092	13
001092_16	1092	16
001093_08	1093	8
001094_08	1094	8
001094_14	1094	14
001094_16	1094	16
001095_08	1095	8
001096_08	1096	8
001097_04	1097	4
001097_08	1097	8
001097_15	1097	15
001099_04	1099	4
001099_08	1099	8
001099_09	1099	9
001100_01	1100	1
001100_08	1100	8
001100_14	1100	14
001101_01	1101	1
001101_14	1101	14
001103_08	1103	8
001104_08	1104	8
001105_11	1105	11
001107_05	1107	5
001111_07	1111	7
001112_01	1112	1
001112_05	1112	5
001112_08	1112	8
001114_06	1114	6
001114_08	1114	8
001116_08	1116	8
001117_08	1117	8
001119_08	1119	8
001120_05	1120	5
001120_08	1120	8
001121_08	1121	8
001123_07	1123	7
001124_08	1124	8
001125_05	1125	5
001125_06	1125	6
001126_05	1126	5
001126_09	1126	9
001127_01	1127	1
001127_02	1127	2
001127_15	1127	15
001127_16	1127	16
001128_11	1128	11
001129_01	1129	1
001129_02	1129	2
001129_15	1129	15
001129_16	1129	16
001130_11	1130	11
001130_13	1130	13
001131_08	1131	8
001131_13	1131	13
001132_08	1132	8
001135_05	1135	5
001136_02	1136	2
001136_05	1136	5
001136_09	1136	9
001137_14	1137	14
001140_08	1140	8
001144_07	1144	7
001147_07	1147	7
001148_03	1148	3
001148_04	1148	4
001148_05	1148	5
001148_06	1148	6
001150_08	1150	8
001151_03	1151	3
001151_05	1151	5
001151_08	1151	8
001151_09	1151	9
001156_08	1156	8
001161_08	1161	8
001161_17	1161	17
001162_05	1162	5
001162_08	1162	8
001163_08	1163	8
001167_05	1167	5
001170_01	1170	1
001171_05	1171	5
001172_08	1172	8
001173_05	1173	5
001173_08	1173	8
001175_05	1175	5
001175_08	1175	8
001175_14	1175	14
001176_08	1176	8
001176_09	1176	9
001176_14	1176	14
001177_08	1177	8
001177_14	1177	14
001178_08	1178	8
001178_17	1178	17
001179_06	1179	6
001179_08	1179	8
001179_10	1179	10
001180_05	1180	5
001183_08	1183	8
001183_14	1183	14
001183_17	1183	17
001184_05	1184	5
001184_08	1184	8
001185_08	1185	8
001186_08	1186	8
001187_08	1187	8
001188_05	1188	5
001188_14	1188	14
001189_07	1189	7
001190_06	1190	6
001190_08	1190	8
001190_14	1190	14
001191_07	1191	7
001191_12	1191	12
001192_07	1192	7
001193_08	1193	8
001194_05	1194	5
001196_01	1196	1
001196_02	1196	2
001196_15	1196	15
001197_01	1197	1
001197_02	1197	2
001197_05	1197	5
001197_09	1197	9
001197_14	1197	14
001198_01	1198	1
001198_02	1198	2
001199_09	1199	9
001199_15	1199	15
001200_01	1200	1
001200_02	1200	2
001200_11	1200	11
001200_15	1200	15
001201_01	1201	1
001201_02	1201	2
001201_18	1201	18
001202_05	1202	5
001203_08	1203	8
001204_02	1204	2
001204_08	1204	8
001204_17	1204	17
001206_06	1206	6
001206_08	1206	8
001206_15	1206	15
001206_16	1206	16
001207_08	1207	8
001208_01	1208	1
001208_08	1208	8
001208_17	1208	17
001209_01	1209	1
001209_08	1209	8
001209_18	1209	18
001210_01	1210	1
001210_02	1210	2
001210_15	1210	15
001211_08	1211	8
001211_09	1211	9
001211_14	1211	14
001212_10	1212	10
001212_13	1212	13
001212_16	1212	16
001213_06	1213	6
001213_08	1213	8
001214_11	1214	11
001214_15	1214	15
001215_01	1215	1
001215_02	1215	2
001215_05	1215	5
001215_09	1215	9
001215_11	1215	11
001216_02	1216	2
001216_08	1216	8
001216_14	1216	14
001217_08	1217	8
001217_17	1217	17
001218_01	1218	1
001218_06	1218	6
001218_08	1218	8
001218_16	1218	16
001219_06	1219	6
001219_11	1219	11
001220_01	1220	1
001220_05	1220	5
001220_12	1220	12
001221_06	1221	6
001221_08	1221	8
001222_08	1222	8
001222_17	1222	17
001223_02	1223	2
001223_03	1223	3
001223_04	1223	4
001223_05	1223	5
001223_15	1223	15
001224_01	1224	1
001224_08	1224	8
001224_14	1224	14
001224_17	1224	17
001225_08	1225	8
001226_08	1226	8
001226_14	1226	14
001227_06	1227	6
001227_08	1227	8
001228_08	1228	8
001230_05	1230	5
001230_14	1230	14
001231_08	1231	8
001232_08	1232	8
001232_13	1232	13
001232_15	1232	15
001233_01	1233	1
001233_08	1233	8
001233_17	1233	17
001234_05	1234	5
001234_06	1234	6
001235_05	1235	5
001235_08	1235	8
001235_14	1235	14
001236_05	1236	5
001236_08	1236	8
001236_14	1236	14
001237_08	1237	8
001238_05	1238	5
001240_01	1240	1
001240_15	1240	15
001240_16	1240	16
001241_05	1241	5
001241_09	1241	9
001241_11	1241	11
001242_08	1242	8
001242_17	1242	17
001243_05	1243	5
001243_08	1243	8
001244_05	1244	5
001244_08	1244	8
001244_14	1244	14
001245_06	1245	6
001245_08	1245	8
001245_10	1245	10
001245_16	1245	16
001246_08	1246	8
001247_05	1247	5
001247_08	1247	8
001247_14	1247	14
001248_06	1248	6
001248_10	1248	10
001248_16	1248	16
001249_01	1249	1
001249_06	1249	6
001249_14	1249	14
001249_16	1249	16
001250_02	1250	2
001250_08	1250	8
001250_17	1250	17
001251_08	1251	8
001251_09	1251	9
001252_06	1252	6
001252_10	1252	10
001252_13	1252	13
001252_16	1252	16
001253_08	1253	8
001253_15	1253	15
001253_16	1253	16
001254_01	1254	1
001254_02	1254	2
001254_08	1254	8
001254_18	1254	18
001255_05	1255	5
001255_11	1255	11
001255_15	1255	15
001256_05	1256	5
001256_12	1256	12
001256_17	1256	17
001257_05	1257	5
001257_14	1257	14
001258_11	1258	11
001259_02	1259	2
001259_08	1259	8
001260_06	1260	6
001260_10	1260	10
001260_16	1260	16
001261_01	1261	1
001261_05	1261	5
001261_09	1261	9
001261_11	1261	11
001262_01	1262	1
001262_02	1262	2
001262_08	1262	8
001262_17	1262	17
001263_08	1263	8
001263_17	1263	17
001264_01	1264	1
001264_08	1264	8
001264_13	1264	13
001264_14	1264	14
001264_16	1264	16
001265_05	1265	5
001265_09	1265	9
001265_14	1265	14
001266_08	1266	8
001266_18	1266	18
001267_06	1267	6
001267_16	1267	16
001267_17	1267	17
001268_05	1268	5
001268_08	1268	8
001269_05	1269	5
001269_13	1269	13
001269_16	1269	16
001270_02	1270	2
001270_05	1270	5
001270_15	1270	15
001271_05	1271	5
001271_06	1271	6
001271_08	1271	8
001272_08	1272	8
001272_17	1272	17
001273_05	1273	5
001273_08	1273	8
001273_10	1273	10
001274_01	1274	1
001274_02	1274	2
001274_03	1274	3
001274_15	1274	15
001275_01	1275	1
001275_02	1275	2
001275_09	1275	9
001276_08	1276	8
001277_05	1277	5
001277_08	1277	8
001277_14	1277	14
001278_05	1278	5
001278_09	1278	9
001279_05	1279	5
001279_08	1279	8
001280_08	1280	8
001281_05	1281	5
001281_08	1281	8
001281_17	1281	17
001282_03	1282	3
001282_04	1282	4
001282_09	1282	9
001282_12	1282	12
001283_08	1283	8
001283_18	1283	18
001284_06	1284	6
001284_10	1284	10
001284_13	1284	13
001285_05	1285	5
001286_08	1286	8
001286_14	1286	14
001287_01	1287	1
001287_02	1287	2
001287_08	1287	8
001288_05	1288	5
001289_07	1289	7
001290_08	1290	8
001290_14	1290	14
001291_01	1291	1
001291_02	1291	2
001292_05	1292	5
001292_08	1292	8
001293_08	1293	8
001295_08	1295	8
001296_08	1296	8
001296_14	1296	14
001297_05	1297	5
001298_08	1298	8
001298_12	1298	12
001299_08	1299	8
001299_17	1299	17
001300_05	1300	5
001300_08	1300	8
001301_08	1301	8
001301_15	1301	15
001302_04	1302	4
001302_08	1302	8
001302_09	1302	9
001303_02	1303	2
001303_08	1303	8
001304_01	1304	1
001304_18	1304	18
001305_08	1305	8
001305_14	1305	14
001306_02	1306	2
001306_08	1306	8
001306_15	1306	15
001307_05	1307	5
001307_14	1307	14
001310_07	1310	7
001312_08	1312	8
001318_05	1318	5
001318_08	1318	8
001320_01	1320	1
001320_11	1320	11
001320_15	1320	15
001320_16	1320	16
001321_05	1321	5
001321_11	1321	11
001321_16	1321	16
001322_11	1322	11
001323_11	1323	11
001324_11	1324	11
001325_11	1325	11
001326_11	1326	11
001327_08	1327	8
001327_11	1327	11
001327_13	1327	13
001327_16	1327	16
001328_11	1328	11
001329_11	1329	11
001330_11	1330	11
001331_11	1331	11
001332_11	1332	11
001332_16	1332	16
001333_11	1333	11
001333_16	1333	16
001334_11	1334	11
001334_15	1334	15
001335_11	1335	11
001335_13	1335	13
001336_11	1336	11
001336_16	1336	16
001337_08	1337	8
001337_11	1337	11
001337_16	1337	16
001339_09	1339	9
001339_11	1339	11
001339_14	1339	14
001339_16	1339	16
001340_08	1340	8
001340_11	1340	11
001340_15	1340	15
001341_11	1341	11
001342_11	1342	11
001342_16	1342	16
001343_16	1343	16
001344_06	1344	6
001344_08	1344	8
001344_16	1344	16
001345_08	1345	8
001345_09	1345	9
001345_11	1345	11
001345_16	1345	16
001346_08	1346	8
001346_09	1346	9
001346_11	1346	11
001347_11	1347	11
001347_16	1347	16
001348_11	1348	11
001349_11	1349	11
001350_11	1350	11
001350_13	1350	13
001350_16	1350	16
001351_06	1351	6
001351_08	1351	8
001351_16	1351	16
001352_06	1352	6
001352_16	1352	16
001353_05	1353	5
001353_08	1353	8
001353_14	1353	14
001354_08	1354	8
001354_13	1354	13
001355_11	1355	11
001355_16	1355	16
001356_01	1356	1
001356_02	1356	2
001356_15	1356	15
001356_16	1356	16
001357_08	1357	8
001357_14	1357	14
001358_08	1358	8
001359_04	1359	4
001359_05	1359	5
001361_07	1361	7
001363_08	1363	8
001365_08	1365	8
001366_08	1366	8
001367_02	1367	2
001367_04	1367	4
001367_05	1367	5
001370_01	1370	1
001370_02	1370	2
001370_16	1370	16
001371_02	1371	2
001371_15	1371	15
001372_01	1372	1
001372_13	1372	13
001372_15	1372	15
001373_01	1373	1
001373_15	1373	15
001374_01	1374	1
001374_02	1374	2
001374_15	1374	15
001374_16	1374	16
001375_01	1375	1
001375_02	1375	2
001375_15	1375	15
001376_02	1376	2
001376_05	1376	5
001376_15	1376	15
001377_01	1377	1
001377_06	1377	6
001378_01	1378	1
001378_05	1378	5
001378_18	1378	18
001379_01	1379	1
001379_18	1379	18
001380_05	1380	5
001380_12	1380	12
001380_14	1380	14
001381_05	1381	5
001381_12	1381	12
001381_14	1381	14
001382_01	1382	1
001382_08	1382	8
001385_01	1385	1
001385_08	1385	8
001385_16	1385	16
001387_01	1387	1
001387_11	1387	11
001388_11	1388	11
001388_16	1388	16
001389_01	1389	1
001389_11	1389	11
001390_05	1390	5
001391_01	1391	1
001391_05	1391	5
001391_15	1391	15
001392_05	1392	5
001392_08	1392	8
001393_08	1393	8
001393_14	1393	14
001394_05	1394	5
001395_05	1395	5
001395_08	1395	8
001396_01	1396	1
001396_05	1396	5
001396_06	1396	6
001396_08	1396	8
001396_15	1396	15
001397_08	1397	8
001398_14	1398	14
001398_17	1398	17
001399_08	1399	8
001401_08	1401	8
001405_02	1405	2
001405_03	1405	3
001405_05	1405	5
001405_06	1405	6
001406_06	1406	6
001406_08	1406	8
001406_13	1406	13
001406_16	1406	16
001407_05	1407	5
001407_11	1407	11
001407_13	1407	13
001407_16	1407	16
001408_01	1408	1
001408_14	1408	14
001408_17	1408	17
001408_18	1408	18
001409_05	1409	5
001409_08	1409	8
001409_09	1409	9
001409_14	1409	14
001411_06	1411	6
001411_08	1411	8
001411_14	1411	14
001412_08	1412	8
001413_08	1413	8
001414_05	1414	5
001415_06	1415	6
001415_08	1415	8
001415_14	1415	14
001416_08	1416	8
001416_12	1416	12
001417_08	1417	8
001419_02	1419	2
001419_08	1419	8
001422_06	1422	6
001422_08	1422	8
001422_13	1422	13
001422_16	1422	16
001423_08	1423	8
001425_05	1425	5
001426_04	1426	4
001427_01	1427	1
001427_16	1427	16
001428_08	1428	8
001429_01	1429	1
001429_02	1429	2
001429_05	1429	5
001429_16	1429	16
001430_05	1430	5
001430_16	1430	16
001431_01	1431	1
001431_05	1431	5
001432_01	1432	1
001432_05	1432	5
001432_06	1432	6
001432_08	1432	8
001432_16	1432	16
001437_08	1437	8
001438_01	1438	1
001438_16	1438	16
001439_05	1439	5
001440_05	1440	5
001441_05	1441	5
001441_14	1441	14
001442_08	1442	8
001445_05	1445	5
001445_17	1445	17
001446_05	1446	5
001446_08	1446	8
001447_06	1447	6
001449_05	1449	5
001453_05	1453	5
001453_14	1453	14
001454_05	1454	5
001454_08	1454	8
001456_05	1456	5
001457_05	1457	5
001457_08	1457	8
001457_14	1457	14
001458_08	1458	8
001458_09	1458	9
001458_14	1458	14
001459_13	1459	13
001459_16	1459	16
001460_04	1460	4
001460_05	1460	5
001460_13	1460	13
001461_05	1461	5
001464_06	1464	6
001464_08	1464	8
001464_09	1464	9
001464_10	1464	10
001464_13	1464	13
001464_14	1464	14
001465_01	1465	1
001465_08	1465	8
001466_06	1466	6
001466_08	1466	8
001468_05	1468	5
001468_14	1468	14
001473_01	1473	1
001473_05	1473	5
001473_06	1473	6
001473_08	1473	8
001474_04	1474	4
001474_05	1474	5
001475_14	1475	14
001476_05	1476	5
001476_08	1476	8
001477_14	1477	14
001479_01	1479	1
001479_14	1479	14
001479_15	1479	15
001479_16	1479	16
001480_08	1480	8
001480_16	1480	16
001483_08	1483	8
001483_16	1483	16
001484_05	1484	5
001484_08	1484	8
001484_13	1484	13
001484_14	1484	14
001485_05	1485	5
001487_08	1487	8
001487_12	1487	12
001488_01	1488	1
001488_08	1488	8
001488_16	1488	16
001489_03	1489	3
001489_04	1489	4
001489_12	1489	12
001490_05	1490	5
001493_14	1493	14
001495_01	1495	1
001495_02	1495	2
001495_04	1495	4
001496_08	1496	8
001496_14	1496	14
001497_01	1497	1
001498_08	1498	8
001498_14	1498	14
001499_01	1499	1
001499_02	1499	2
001499_16	1499	16
001500_05	1500	5
001500_06	1500	6
001500_14	1500	14
001502_08	1502	8
001502_14	1502	14
001503_05	1503	5
001507_08	1507	8
001507_17	1507	17
001513_05	1513	5
001514_14	1514	14
001515_01	1515	1
001515_08	1515	8
001515_16	1515	16
001516_05	1516	5
001517_01	1517	1
001517_02	1517	2
001517_05	1517	5
001518_01	1518	1
001518_16	1518	16
001519_08	1519	8
001526_05	1526	5
001527_01	1527	1
001527_02	1527	2
001527_05	1527	5
001527_15	1527	15
001529_05	1529	5
001529_08	1529	8
001533_08	1533	8
001537_05	1537	5
001537_08	1537	8
001537_14	1537	14
001541_05	1541	5
001541_14	1541	14
001542_05	1542	5
001542_08	1542	8
001542_14	1542	14
001544_01	1544	1
001544_02	1544	2
001544_15	1544	15
001544_16	1544	16
001545_08	1545	8
001546_05	1546	5
001547_04	1547	4
001547_08	1547	8
001549_08	1549	8
001549_14	1549	14
001550_05	1550	5
001550_14	1550	14
001551_02	1551	2
001551_04	1551	4
001551_08	1551	8
001552_01	1552	1
001552_02	1552	2
001552_16	1552	16
001554_08	1554	8
001554_14	1554	14
001556_01	1556	1
001556_14	1556	14
001556_16	1556	16
001562_01	1562	1
001562_02	1562	2
001562_09	1562	9
001562_16	1562	16
001564_05	1564	5
001564_08	1564	8
001564_14	1564	14
001565_05	1565	5
001565_16	1565	16
001566_02	1566	2
001566_03	1566	3
001566_04	1566	4
001566_05	1566	5
001566_12	1566	12
001569_05	1569	5
001569_14	1569	14
001571_05	1571	5
001571_14	1571	14
001572_08	1572	8
001573_01	1573	1
001573_06	1573	6
001573_08	1573	8
001573_16	1573	16
001574_14	1574	14
001580_01	1580	1
001580_05	1580	5
001580_15	1580	15
001581_05	1581	5
001582_02	1582	2
001582_04	1582	4
001583_04	1583	4
001583_09	1583	9
001584_08	1584	8
001584_15	1584	15
001585_05	1585	5
001586_01	1586	1
001586_08	1586	8
001587_01	1587	1
001587_02	1587	2
001587_09	1587	9
001588_04	1588	4
001588_05	1588	5
001589_01	1589	1
001589_06	1589	6
001589_08	1589	8
001589_16	1589	16
001590_11	1590	11
001590_15	1590	15
001590_16	1590	16
001591_01	1591	1
001591_02	1591	2
001591_15	1591	15
001591_16	1591	16
001592_04	1592	4
001592_05	1592	5
001593_05	1593	5
001593_14	1593	14
001594_05	1594	5
001594_08	1594	8
001596_08	1596	8
001597_08	1597	8
001597_13	1597	13
001597_14	1597	14
001597_16	1597	16
001598_06	1598	6
001598_08	1598	8
001598_16	1598	16
001599_01	1599	1
001600_08	1600	8
001600_14	1600	14
001601_06	1601	6
001601_08	1601	8
001601_10	1601	10
001602_05	1602	5
001603_11	1603	11
001603_15	1603	15
001603_16	1603	16
001604_01	1604	1
001604_05	1604	5
001605_02	1605	2
001605_14	1605	14
001606_01	1606	1
001606_02	1606	2
001608_01	1608	1
001608_16	1608	16
001609_08	1609	8
001609_16	1609	16
001610_01	1610	1
001610_02	1610	2
001610_16	1610	16
001611_08	1611	8
001611_14	1611	14
001612_05	1612	5
001613_08	1613	8
001614_05	1614	5
001615_02	1615	2
001615_08	1615	8
001616_01	1616	1
001616_16	1616	16
001616_17	1616	17
001617_06	1617	6
001617_10	1617	10
001617_13	1617	13
001617_16	1617	16
001619_02	1619	2
001619_08	1619	8
001619_17	1619	17
001620_06	1620	6
001620_08	1620	8
001620_13	1620	13
001620_16	1620	16
001621_08	1621	8
001623_11	1623	11
001624_08	1624	8
001625_08	1625	8
001625_13	1625	13
001625_16	1625	16
001626_01	1626	1
001626_08	1626	8
001626_16	1626	16
001627_06	1627	6
001627_08	1627	8
001627_13	1627	13
001629_05	1629	5
001629_14	1629	14
001631_01	1631	1
001631_16	1631	16
001633_08	1633	8
001635_08	1635	8
001639_05	1639	5
001639_08	1639	8
001639_14	1639	14
001641_05	1641	5
001641_08	1641	8
001642_05	1642	5
001642_08	1642	8
001643_08	1643	8
001643_14	1643	14
001644_11	1644	11
001644_13	1644	13
001644_16	1644	16
001645_08	1645	8
001645_13	1645	13
001645_16	1645	16
001646_04	1646	4
001646_05	1646	5
001646_14	1646	14
001646_15	1646	15
001647_06	1647	6
001647_08	1647	8
001647_16	1647	16
001648_05	1648	5
001648_08	1648	8
001649_07	1649	7
001650_08	1650	8
001652_07	1652	7
001653_08	1653	8
001653_15	1653	15
001653_16	1653	16
001654_04	1654	4
001654_08	1654	8
001654_09	1654	9
001655_08	1655	8
001655_11	1655	11
001655_16	1655	16
001656_08	1656	8
001656_14	1656	14
001658_14	1658	14
001658_16	1658	16
001659_08	1659	8
001660_08	1660	8
001661_06	1661	6
001661_13	1661	13
001661_16	1661	16
001662_06	1662	6
001663_05	1663	5
001663_17	1663	17
001665_05	1665	5
001667_01	1667	1
001667_08	1667	8
001670_08	1670	8
001670_17	1670	17
001671_06	1671	6
001671_08	1671	8
001671_16	1671	16
001672_08	1672	8
001673_08	1673	8
001674_08	1674	8
001674_14	1674	14
001674_16	1674	16
001675_06	1675	6
001675_16	1675	16
001676_01	1676	1
001676_15	1676	15
001677_05	1677	5
001677_08	1677	8
001678_08	1678	8
001678_14	1678	14
001679_05	1679	5
001680_08	1680	8
001680_14	1680	14
001681_01	1681	1
001681_02	1681	2
001681_09	1681	9
001682_05	1682	5
001682_08	1682	8
001682_15	1682	15
001683_08	1683	8
001683_14	1683	14
001684_08	1684	8
001684_14	1684	14
001685_08	1685	8
001685_14	1685	14
001686_06	1686	6
001686_16	1686	16
001687_01	1687	1
001687_16	1687	16
001688_02	1688	2
001688_03	1688	3
001688_04	1688	4
001688_08	1688	8
001688_12	1688	12
001689_05	1689	5
001689_06	1689	6
001689_16	1689	16
001690_01	1690	1
001690_11	1690	11
001690_15	1690	15
001693_08	1693	8
001693_13	1693	13
001694_08	1694	8
001695_08	1695	8
001696_08	1696	8
001696_17	1696	17
001699_05	1699	5
001699_08	1699	8
001701_05	1701	5
001701_08	1701	8
001702_04	1702	4
001702_05	1702	5
001702_09	1702	9
001703_05	1703	5
001704_08	1704	8
001704_14	1704	14
001707_04	1707	4
001707_05	1707	5
001711_06	1711	6
001711_08	1711	8
001711_13	1711	13
001713_04	1713	4
001713_05	1713	5
001717_05	1717	5
001717_11	1717	11
001717_13	1717	13
001717_16	1717	16
001718_16	1718	16
001719_08	1719	8
001721_08	1721	8
001721_14	1721	14
001722_01	1722	1
001722_02	1722	2
001722_16	1722	16
001726_01	1726	1
001726_02	1726	2
001726_08	1726	8
001726_15	1726	15
001727_08	1727	8
001727_14	1727	14
001729_06	1729	6
001729_08	1729	8
001729_16	1729	16
001730_08	1730	8
001731_05	1731	5
001732_05	1732	5
001732_06	1732	6
001733_08	1733	8
001733_14	1733	14
001734_05	1734	5
001734_08	1734	8
001735_08	1735	8
001735_14	1735	14
001739_01	1739	1
001739_04	1739	4
001739_05	1739	5
001746_05	1746	5
001747_05	1747	5
001748_02	1748	2
001748_10	1748	10
001748_15	1748	15
001748_16	1748	16
001752_01	1752	1
001752_06	1752	6
001752_16	1752	16
001753_05	1753	5
001754_06	1754	6
001754_08	1754	8
001754_09	1754	9
001754_16	1754	16
001755_05	1755	5
001755_14	1755	14
001757_08	1757	8
001757_14	1757	14
001759_08	1759	8
001760_05	1760	5
001762_01	1762	1
001762_11	1762	11
001762_15	1762	15
001767_08	1767	8
001767_14	1767	14
001769_01	1769	1
001769_06	1769	6
001769_16	1769	16
001770_06	1770	6
001770_14	1770	14
001770_16	1770	16
001771_11	1771	11
001772_01	1772	1
001772_05	1772	5
001772_12	1772	12
001777_05	1777	5
001777_14	1777	14
001779_15	1779	15
001779_16	1779	16
001783_06	1783	6
001783_08	1783	8
001783_13	1783	13
001783_14	1783	14
001783_16	1783	16
001784_05	1784	5
001784_08	1784	8
001784_14	1784	14
001785_06	1785	6
001785_16	1785	16
001791_06	1791	6
001791_08	1791	8
001791_16	1791	16
001792_01	1792	1
001792_06	1792	6
001792_16	1792	16
001793_05	1793	5
001794_05	1794	5
001794_08	1794	8
001797_07	1797	7
001797_19	1797	19
001798_16	1798	16
001799_05	1799	5
001799_06	1799	6
001799_08	1799	8
001799_13	1799	13
001799_16	1799	16
001801_01	1801	1
001801_02	1801	2
001801_08	1801	8
001804_06	1804	6
001804_08	1804	8
001805_06	1805	6
001805_08	1805	8
001805_13	1805	13
001805_16	1805	16
001806_02	1806	2
001806_04	1806	4
001806_05	1806	5
001807_08	1807	8
001809_06	1809	6
001809_08	1809	8
001810_05	1810	5
001810_08	1810	8
001812_04	1812	4
001812_05	1812	5
001812_08	1812	8
001816_05	1816	5
001816_08	1816	8
001821_05	1821	5
001821_14	1821	14
001824_05	1824	5
001824_16	1824	16
001825_05	1825	5
001825_08	1825	8
001826_02	1826	2
001826_04	1826	4
001827_05	1827	5
001827_07	1827	7
001829_08	1829	8
001829_14	1829	14
001831_01	1831	1
001831_02	1831	2
001831_15	1831	15
001833_01	1833	1
001833_08	1833	8
001833_16	1833	16
001834_06	1834	6
001834_08	1834	8
001834_13	1834	13
001834_16	1834	16
001835_08	1835	8
001835_09	1835	9
001835_14	1835	14
001836_05	1836	5
001836_08	1836	8
001837_05	1837	5
001839_05	1839	5
001840_08	1840	8
001841_08	1841	8
001841_16	1841	16
001844_08	1844	8
001844_14	1844	14
001845_05	1845	5
001845_13	1845	13
001845_16	1845	16
001848_02	1848	2
001848_04	1848	4
001848_05	1848	5
001848_09	1848	9
001855_05	1855	5
001856_07	1856	7
001857_05	1857	5
001858_01	1858	1
001858_05	1858	5
001859_08	1859	8
001860_08	1860	8
001862_11	1862	11
001862_15	1862	15
001863_05	1863	5
001866_01	1866	1
001866_05	1866	5
001866_06	1866	6
001867_01	1867	1
001867_02	1867	2
001870_05	1870	5
001870_08	1870	8
001873_06	1873	6
001873_08	1873	8
001873_14	1873	14
001873_17	1873	17
001875_05	1875	5
001876_08	1876	8
001876_15	1876	15
001876_16	1876	16
001881_02	1881	2
001881_03	1881	3
001881_04	1881	4
001881_09	1881	9
001881_12	1881	12
001882_01	1882	1
001882_15	1882	15
001882_16	1882	16
001883_05	1883	5
001883_08	1883	8
001883_14	1883	14
001884_02	1884	2
001884_05	1884	5
001884_08	1884	8
001885_05	1885	5
001885_08	1885	8
001885_14	1885	14
001887_02	1887	2
001887_05	1887	5
001887_18	1887	18
001888_05	1888	5
001888_08	1888	8
001888_14	1888	14
001889_08	1889	8
001889_13	1889	13
001889_16	1889	16
001891_11	1891	11
001891_16	1891	16
001892_16	1892	16
001893_08	1893	8
001894_02	1894	2
001894_05	1894	5
001894_14	1894	14
001895_05	1895	5
001895_08	1895	8
001895_14	1895	14
001897_08	1897	8
001897_14	1897	14
001900_05	1900	5
001900_08	1900	8
001902_08	1902	8
001902_14	1902	14
001904_05	1904	5
001904_08	1904	8
001906_05	1906	5
001906_14	1906	14
001907_02	1907	2
001907_03	1907	3
001907_04	1907	4
001907_05	1907	5
001907_08	1907	8
001907_12	1907	12
001907_14	1907	14
001909_01	1909	1
001909_06	1909	6
001909_13	1909	13
001909_15	1909	15
001909_16	1909	16
001910_05	1910	5
001910_06	1910	6
001910_08	1910	8
001911_05	1911	5
001912_05	1912	5
001912_06	1912	6
001912_08	1912	8
001912_14	1912	14
001912_16	1912	16
001913_08	1913	8
001913_13	1913	13
001914_05	1914	5
001914_08	1914	8
001916_08	1916	8
001916_14	1916	14
001917_01	1917	1
001917_14	1917	14
001917_15	1917	15
001917_16	1917	16
001918_01	1918	1
001918_05	1918	5
001918_06	1918	6
001918_16	1918	16
001919_04	1919	4
001919_05	1919	5
001920_03	1920	3
001920_04	1920	4
001920_09	1920	9
001920_17	1920	17
001921_08	1921	8
001921_15	1921	15
001921_16	1921	16
001922_08	1922	8
001923_05	1923	5
001923_14	1923	14
001924_11	1924	11
001924_15	1924	15
001926_12	1926	12
001927_01	1927	1
001927_08	1927	8
001927_17	1927	17
001928_08	1928	8
001928_18	1928	18
001929_08	1929	8
001929_14	1929	14
001931_02	1931	2
001931_08	1931	8
001932_08	1932	8
001932_12	1932	12
001933_08	1933	8
001934_05	1934	5
001934_14	1934	14
001936_08	1936	8
001936_17	1936	17
001937_05	1937	5
001937_08	1937	8
001937_12	1937	12
001938_08	1938	8
001939_08	1939	8
001939_17	1939	17
001940_08	1940	8
001941_08	1941	8
001942_08	1942	8
001944_08	1944	8
001944_14	1944	14
001944_17	1944	17
001945_06	1945	6
001945_08	1945	8
001946_08	1946	8
001946_14	1946	14
001947_08	1947	8
001947_12	1947	12
001947_14	1947	14
001948_02	1948	2
001948_05	1948	5
001948_14	1948	14
001949_08	1949	8
001950_08	1950	8
001950_13	1950	13
001951_08	1951	8
001951_12	1951	12
001952_08	1952	8
001953_01	1953	1
001953_06	1953	6
001953_16	1953	16
001954_08	1954	8
001955_08	1955	8
001956_08	1956	8
001957_08	1957	8
001958_05	1958	5
001958_08	1958	8
001959_08	1959	8
001959_14	1959	14
001960_08	1960	8
001961_08	1961	8
001962_08	1962	8
001963_05	1963	5
001963_06	1963	6
001964_08	1964	8
001964_13	1964	13
001965_05	1965	5
001965_15	1965	15
001966_05	1966	5
001967_02	1967	2
001967_09	1967	9
001967_12	1967	12
001968_05	1968	5
001968_08	1968	8
001969_11	1969	11
001970_11	1970	11
001970_16	1970	16
001971_11	1971	11
001971_16	1971	16
001972_11	1972	11
001973_11	1973	11
001974_11	1974	11
001974_13	1974	13
001974_16	1974	16
001975_11	1975	11
001976_11	1976	11
001977_11	1977	11
001978_11	1978	11
001979_11	1979	11
001980_11	1980	11
001981_11	1981	11
001982_11	1982	11
001983_11	1983	11
001984_11	1984	11
001985_11	1985	11
001986_11	1986	11
001987_11	1987	11
001990_11	1990	11
001991_11	1991	11
001991_16	1991	16
001992_11	1992	11
001992_16	1992	16
001993_05	1993	5
001993_11	1993	11
001993_16	1993	16
001994_11	1994	11
001994_16	1994	16
001995_11	1995	11
001995_16	1995	16
001996_11	1996	11
001996_16	1996	16
001997_11	1997	11
001997_13	1997	13
001998_11	1998	11
001999_11	1999	11
002000_01	2000	1
002000_05	2000	5
002000_06	2000	6
002000_08	2000	8
002001_01	2001	1
002001_05	2001	5
002001_06	2001	6
002001_08	2001	8
002002_01	2002	1
002002_05	2002	5
002002_06	2002	6
002002_08	2002	8
002003_05	2003	5
002003_11	2003	11
002004_05	2004	5
002004_11	2004	11
002005_01	2005	1
002005_02	2005	2
002005_04	2005	4
002005_05	2005	5
002005_09	2005	9
002006_01	2006	1
002006_05	2006	5
002006_14	2006	14
002007_05	2007	5
002008_06	2008	6
002008_08	2008	8
002008_10	2008	10
002009_08	2009	8
002009_13	2009	13
002009_15	2009	15
002009_16	2009	16
002010_08	2010	8
002010_15	2010	15
002011_02	2011	2
002011_05	2011	5
002011_15	2011	15
002012_02	2012	2
002012_05	2012	5
002012_15	2012	15
002012_18	2012	18
002013_01	2013	1
002013_02	2013	2
002013_08	2013	8
002014_04	2014	4
002014_05	2014	5
002014_09	2014	9
002015_04	2015	4
002015_05	2015	5
002015_09	2015	9
002016_04	2016	4
002016_05	2016	5
002016_18	2016	18
002017_04	2017	4
002017_09	2017	9
002017_12	2017	12
002018_03	2018	3
002018_04	2018	4
002018_08	2018	8
002019_01	2019	1
002019_02	2019	2
002019_08	2019	8
002020_08	2020	8
002020_14	2020	14
002021_02	2021	2
002021_15	2021	15
002022_08	2022	8
002023_06	2023	6
002023_08	2023	8
002023_13	2023	13
002023_16	2023	16
002024_08	2024	8
002024_13	2024	13
002025_08	2025	8
002025_14	2025	14
002026_11	2026	11
002026_16	2026	16
002027_05	2027	5
002027_06	2027	6
002028_01	2028	1
002028_08	2028	8
002028_17	2028	17
002032_04	2032	4
002032_05	2032	5
002033_02	2033	2
002033_03	2033	3
002033_04	2033	4
002033_09	2033	9
002034_04	2034	4
002034_15	2034	15
002035_04	2035	4
002035_05	2035	5
002036_04	2036	4
002036_05	2036	5
002037_02	2037	2
002037_04	2037	4
002037_05	2037	5
002038_04	2038	4
002038_05	2038	5
002038_15	2038	15
002040_04	2040	4
002040_05	2040	5
002041_01	2041	1
002041_02	2041	2
002041_04	2041	4
002041_05	2041	5
002042_04	2042	4
002042_05	2042	5
002043_02	2043	2
002043_04	2043	4
002043_09	2043	9
002044_05	2044	5
002044_09	2044	9
002046_02	2046	2
002046_04	2046	4
002046_15	2046	15
002048_01	2048	1
002048_03	2048	3
002048_04	2048	4
002048_06	2048	6
002050_02	2050	2
002050_04	2050	4
002050_05	2050	5
002051_02	2051	2
002051_04	2051	4
002051_05	2051	5
002052_04	2052	4
002052_05	2052	5
002052_09	2052	9
002052_11	2052	11
002053_04	2053	4
002053_05	2053	5
002053_15	2053	15
002054_02	2054	2
002054_04	2054	4
002054_05	2054	5
002054_09	2054	9
002054_15	2054	15
002055_01	2055	1
002055_05	2055	5
002055_18	2055	18
002056_02	2056	2
002056_04	2056	4
002057_02	2057	2
002057_04	2057	4
002058_01	2058	1
002058_06	2058	6
002058_08	2058	8
002058_13	2058	13
002058_16	2058	16
002059_04	2059	4
002059_05	2059	5
002059_14	2059	14
002060_05	2060	5
002064_07	2064	7
002065_05	2065	5
002065_08	2065	8
002065_09	2065	9
002065_14	2065	14
002066_10	2066	10
002067_08	2067	8
002067_14	2067	14
002067_17	2067	17
002068_08	2068	8
002068_09	2068	9
002068_13	2068	13
002069_08	2069	8
002070_08	2070	8
002070_14	2070	14
002070_18	2070	18
002071_08	2071	8
002072_05	2072	5
002073_05	2073	5
002074_06	2074	6
002074_08	2074	8
002074_14	2074	14
002075_08	2075	8
002075_17	2075	17
002076_08	2076	8
002076_13	2076	13
002076_16	2076	16
002077_02	2077	2
002077_04	2077	4
002078_03	2078	3
002078_04	2078	4
002078_05	2078	5
002078_12	2078	12
002080_03	2080	3
002080_04	2080	4
002080_05	2080	5
002080_14	2080	14
002081_03	2081	3
002081_04	2081	4
002081_05	2081	5
002081_12	2081	12
002081_14	2081	14
002082_04	2082	4
002082_05	2082	5
002083_04	2083	4
002083_05	2083	5
002083_12	2083	12
002084_04	2084	4
002084_12	2084	12
002085_02	2085	2
002085_03	2085	3
002085_04	2085	4
002087_03	2087	3
002087_04	2087	4
002087_09	2087	9
002087_12	2087	12
002088_02	2088	2
002088_05	2088	5
002088_12	2088	12
002089_02	2089	2
002089_03	2089	3
002089_04	2089	4
002090_02	2090	2
002090_03	2090	3
002090_04	2090	4
002090_06	2090	6
002090_08	2090	8
002091_04	2091	4
002091_15	2091	15
002092_02	2092	2
002092_03	2092	3
002092_04	2092	4
002092_09	2092	9
002092_12	2092	12
002092_14	2092	14
002093_02	2093	2
002093_04	2093	4
002093_09	2093	9
002094_01	2094	1
002094_02	2094	2
002094_15	2094	15
002095_04	2095	4
002095_05	2095	5
002096_03	2096	3
002096_04	2096	4
002096_12	2096	12
002097_04	2097	4
002097_08	2097	8
002097_09	2097	9
002097_13	2097	13
002097_16	2097	16
002098_04	2098	4
002098_05	2098	5
002099_02	2099	2
002099_03	2099	3
002099_04	2099	4
002099_12	2099	12
002100_05	2100	5
002100_09	2100	9
002100_14	2100	14
002102_03	2102	3
002102_04	2102	4
002102_05	2102	5
002102_12	2102	12
002103_02	2103	2
002103_04	2103	4
002103_09	2103	9
002103_18	2103	18
002104_08	2104	8
002105_01	2105	1
002105_02	2105	2
002105_15	2105	15
002106_08	2106	8
002106_17	2106	17
002107_11	2107	11
002107_16	2107	16
002108_05	2108	5
002108_14	2108	14
002109_05	2109	5
002110_05	2110	5
002110_06	2110	6
002110_16	2110	16
002111_05	2111	5
002112_06	2112	6
002112_08	2112	8
002114_08	2114	8
002115_01	2115	1
002115_02	2115	2
002115_09	2115	9
002116_02	2116	2
002116_03	2116	3
002116_04	2116	4
002116_09	2116	9
002117_08	2117	8
002117_15	2117	15
002118_16	2118	16
002119_11	2119	11
002120_08	2120	8
002120_11	2120	11
002121_11	2121	11
002121_16	2121	16
002122_11	2122	11
002122_16	2122	16
002123_03	2123	3
002123_04	2123	4
002123_05	2123	5
002123_08	2123	8
002123_09	2123	9
002124_04	2124	4
002124_05	2124	5
002124_09	2124	9
002125_05	2125	5
002125_08	2125	8
002125_14	2125	14
002126_01	2126	1
002126_06	2126	6
002126_13	2126	13
002126_16	2126	16
002130_06	2130	6
002130_08	2130	8
002130_14	2130	14
002131_08	2131	8
002132_08	2132	8
002133_02	2133	2
002133_05	2133	5
002134_05	2134	5
002134_09	2134	9
002134_15	2134	15
002135_02	2135	2
002135_04	2135	4
002135_12	2135	12
002136_05	2136	5
002136_15	2136	15
002137_03	2137	3
002137_04	2137	4
002138_02	2138	2
002138_03	2138	3
002138_04	2138	4
002138_08	2138	8
002138_09	2138	9
002139_02	2139	2
002139_03	2139	3
002139_04	2139	4
002139_08	2139	8
002140_02	2140	2
002140_09	2140	9
002141_02	2141	2
002141_03	2141	3
002141_04	2141	4
002141_05	2141	5
002142_02	2142	2
002142_03	2142	3
002142_04	2142	4
002142_12	2142	12
002142_18	2142	18
002143_02	2143	2
002143_09	2143	9
002143_14	2143	14
002144_05	2144	5
002144_14	2144	14
002145_05	2145	5
002145_08	2145	8
002145_14	2145	14
002146_08	2146	8
002146_14	2146	14
002147_02	2147	2
002147_08	2147	8
002147_09	2147	9
002148_05	2148	5
002148_09	2148	9
002148_11	2148	11
002149_05	2149	5
002149_09	2149	9
002149_11	2149	11
002150_02	2150	2
002150_05	2150	5
002151_05	2151	5
002152_04	2152	4
002152_05	2152	5
002153_01	2153	1
002153_02	2153	2
002154_08	2154	8
002154_14	2154	14
002155_05	2155	5
002155_08	2155	8
002156_05	2156	5
002156_08	2156	8
002156_14	2156	14
002159_06	2159	6
002159_11	2159	11
002159_16	2159	16
002160_08	2160	8
002160_11	2160	11
002160_16	2160	16
002161_02	2161	2
002161_04	2161	4
002161_09	2161	9
002162_02	2162	2
002162_04	2162	4
002162_09	2162	9
002163_05	2163	5
002163_11	2163	11
002164_01	2164	1
002164_05	2164	5
002164_08	2164	8
002164_11	2164	11
002165_05	2165	5
002165_08	2165	8
002166_06	2166	6
002166_08	2166	8
002166_14	2166	14
002166_16	2166	16
002167_01	2167	1
002167_11	2167	11
002167_16	2167	16
002169_05	2169	5
002170_01	2170	1
002170_05	2170	5
002171_05	2171	5
002171_08	2171	8
002171_14	2171	14
002172_05	2172	5
002172_08	2172	8
002174_05	2174	5
002174_09	2174	9
002175_08	2175	8
002175_14	2175	14
002176_06	2176	6
002176_08	2176	8
002176_16	2176	16
002177_05	2177	5
002177_16	2177	16
002178_16	2178	16
002179_16	2179	16
002180_16	2180	16
002181_08	2181	8
002181_13	2181	13
002181_14	2181	14
002181_16	2181	16
002182_08	2182	8
002182_10	2182	10
002182_16	2182	16
002183_02	2183	2
002183_08	2183	8
002183_13	2183	13
002183_16	2183	16
002184_05	2184	5
002184_13	2184	13
002185_16	2185	16
002186_06	2186	6
002186_08	2186	8
002186_10	2186	10
002186_16	2186	16
002187_13	2187	13
002187_14	2187	14
002187_16	2187	16
002188_08	2188	8
002190_08	2190	8
002193_01	2193	1
002193_02	2193	2
002193_09	2193	9
002194_01	2194	1
002194_06	2194	6
002194_08	2194	8
002195_05	2195	5
002196_01	2196	1
002201_08	2201	8
002202_08	2202	8
002202_17	2202	17
002203_06	2203	6
002203_08	2203	8
002203_16	2203	16
002204_13	2204	13
002204_16	2204	16
002205_05	2205	5
002205_14	2205	14
002206_10	2206	10
002206_13	2206	13
002206_16	2206	16
002207_08	2207	8
002208_08	2208	8
002208_13	2208	13
002208_16	2208	16
002210_16	2210	16
002211_16	2211	16
002212_08	2212	8
002212_16	2212	16
002226_08	2226	8
002227_06	2227	6
002227_08	2227	8
002227_16	2227	16
002231_08	2231	8
002232_11	2232	11
002232_13	2232	13
002232_15	2232	15
002232_16	2232	16
002236_08	2236	8
002239_05	2239	5
002239_08	2239	8
002240_08	2240	8
002241_05	2241	5
002243_05	2243	5
002243_08	2243	8
002243_14	2243	14
002244_05	2244	5
002244_14	2244	14
002245_05	2245	5
002245_08	2245	8
002245_14	2245	14
002247_05	2247	5
002248_05	2248	5
002248_08	2248	8
002248_14	2248	14
002249_05	2249	5
002252_05	2252	5
002252_08	2252	8
002253_05	2253	5
002253_09	2253	9
002255_05	2255	5
002256_11	2256	11
002256_15	2256	15
002257_05	2257	5
002257_14	2257	14
002259_05	2259	5
002259_14	2259	14
002260_06	2260	6
002260_08	2260	8
002261_05	2261	5
002262_05	2262	5
002262_08	2262	8
002262_14	2262	14
002263_08	2263	8
002263_09	2263	9
002263_16	2263	16
002264_05	2264	5
002264_06	2264	6
002265_02	2265	2
002265_05	2265	5
002266_05	2266	5
002266_14	2266	14
002267_13	2267	13
002267_16	2267	16
002268_06	2268	6
002268_08	2268	8
002268_16	2268	16
002269_08	2269	8
002269_14	2269	14
002271_08	2271	8
002272_08	2272	8
002273_01	2273	1
002273_05	2273	5
002273_06	2273	6
002273_16	2273	16
002275_01	2275	1
002275_02	2275	2
002275_15	2275	15
002278_01	2278	1
002278_06	2278	6
002278_16	2278	16
002279_11	2279	11
002279_16	2279	16
002280_06	2280	6
002281_01	2281	1
002281_06	2281	6
002281_08	2281	8
002282_05	2282	5
002282_08	2282	8
002283_08	2283	8
002286_05	2286	5
002287_11	2287	11
002287_15	2287	15
002287_16	2287	16
002288_01	2288	1
002288_11	2288	11
002288_15	2288	15
002288_16	2288	16
002289_05	2289	5
002289_06	2289	6
002289_08	2289	8
002290_05	2290	5
002290_08	2290	8
002291_08	2291	8
002291_09	2291	9
002291_14	2291	14
002292_05	2292	5
002292_14	2292	14
002294_02	2294	2
002294_03	2294	3
002294_04	2294	4
002294_05	2294	5
002294_09	2294	9
002295_05	2295	5
002296_05	2296	5
002297_02	2297	2
002297_08	2297	8
002297_09	2297	9
002297_14	2297	14
002298_16	2298	16
002300_05	2300	5
002301_05	2301	5
002301_12	2301	12
002302_05	2302	5
002303_08	2303	8
002303_12	2303	12
002304_08	2304	8
002306_05	2306	5
002307_01	2307	1
002307_06	2307	6
002310_08	2310	8
002311_15	2311	15
002312_08	2312	8
002313_08	2313	8
002314_08	2314	8
002315_05	2315	5
002315_11	2315	11
002315_16	2315	16
002316_08	2316	8
002316_09	2316	9
002316_13	2316	13
002316_14	2316	14
002318_05	2318	5
002318_08	2318	8
002320_08	2320	8
002320_16	2320	16
002321_05	2321	5
002321_08	2321	8
002321_09	2321	9
002322_01	2322	1
002322_15	2322	15
002322_17	2322	17
002323_07	2323	7
002324_05	2324	5
002324_08	2324	8
002324_14	2324	14
002324_17	2324	17
002325_05	2325	5
002327_09	2327	9
002327_11	2327	11
002327_16	2327	16
002328_11	2328	11
002328_18	2328	18
002329_06	2329	6
002329_08	2329	8
002330_05	2330	5
002330_07	2330	7
002331_05	2331	5
002331_08	2331	8
002331_14	2331	14
002332_06	2332	6
002332_08	2332	8
002333_08	2333	8
002334_01	2334	1
002334_16	2334	16
002335_05	2335	5
002336_08	2336	8
002337_08	2337	8
002338_11	2338	11
002338_13	2338	13
002338_16	2338	16
002339_05	2339	5
002339_14	2339	14
002340_14	2340	14
002342_05	2342	5
002342_08	2342	8
002344_01	2344	1
002344_02	2344	2
002344_08	2344	8
002344_16	2344	16
002346_13	2346	13
002346_15	2346	15
002346_16	2346	16
002347_08	2347	8
002348_08	2348	8
002349_05	2349	5
002349_16	2349	16
002350_05	2350	5
002351_08	2351	8
002352_05	2352	5
002352_08	2352	8
002353_01	2353	1
002353_16	2353	16
002354_03	2354	3
002354_04	2354	4
002354_05	2354	5
002355_02	2355	2
002355_03	2355	3
002355_04	2355	4
002355_05	2355	5
002356_05	2356	5
002357_08	2357	8
002358_08	2358	8
002358_17	2358	17
002359_05	2359	5
002360_08	2360	8
002361_05	2361	5
002362_08	2362	8
002363_08	2363	8
002363_11	2363	11
002363_15	2363	15
002364_01	2364	1
002364_11	2364	11
002364_15	2364	15
002364_16	2364	16
002365_01	2365	1
002365_15	2365	15
002366_01	2366	1
002366_02	2366	2
002366_09	2366	9
002366_11	2366	11
002367_02	2367	2
002367_09	2367	9
002367_14	2367	14
002367_15	2367	15
002367_16	2367	16
002368_02	2368	2
002368_15	2368	15
002369_05	2369	5
002369_08	2369	8
002369_14	2369	14
002370_01	2370	1
002370_02	2370	2
002370_08	2370	8
002371_05	2371	5
002371_06	2371	6
002371_13	2371	13
002372_05	2372	5
002373_01	2373	1
002373_02	2373	2
002373_09	2373	9
002374_05	2374	5
002374_08	2374	8
002375_05	2375	5
002376_01	2376	1
002376_02	2376	2
002376_16	2376	16
002377_11	2377	11
002377_15	2377	15
002378_05	2378	5
002378_06	2378	6
002379_05	2379	5
002379_06	2379	6
002380_05	2380	5
002380_06	2380	6
002381_05	2381	5
002381_06	2381	6
002382_05	2382	5
002382_06	2382	6
002383_05	2383	5
002383_06	2383	6
002384_02	2384	2
002384_04	2384	4
002384_08	2384	8
002385_05	2385	5
002385_14	2385	14
002387_05	2387	5
002387_06	2387	6
002388_08	2388	8
002388_14	2388	14
002389_06	2389	6
002389_11	2389	11
002389_16	2389	16
002390_05	2390	5
002391_06	2391	6
002391_08	2391	8
002391_16	2391	16
002392_04	2392	4
002392_05	2392	5
002392_08	2392	8
002393_01	2393	1
002393_08	2393	8
002393_14	2393	14
002393_15	2393	15
002394_03	2394	3
002394_12	2394	12
002395_05	2395	5
002395_08	2395	8
002396_05	2396	5
002396_08	2396	8
002396_14	2396	14
002398_05	2398	5
002398_08	2398	8
002399_02	2399	2
002399_04	2399	4
002399_09	2399	9
002400_04	2400	4
002400_08	2400	8
002400_09	2400	9
002401_18	2401	18
002402_01	2402	1
002402_02	2402	2
002402_16	2402	16
002403_01	2403	1
002403_02	2403	2
002403_08	2403	8
002403_16	2403	16
002404_01	2404	1
002404_02	2404	2
002404_16	2404	16
002404_17	2404	17
002405_01	2405	1
002405_02	2405	2
002405_05	2405	5
002405_14	2405	14
002406_01	2406	1
002406_02	2406	2
002406_05	2406	5
002406_14	2406	14
002407_05	2407	5
002407_15	2407	15
002408_05	2408	5
002408_15	2408	15
002409_01	2409	1
002409_08	2409	8
002410_01	2410	1
002410_08	2410	8
002411_01	2411	1
002411_08	2411	8
002412_01	2412	1
002412_08	2412	8
002413_05	2413	5
002413_06	2413	6
002413_13	2413	13
002413_16	2413	16
002414_01	2414	1
002414_02	2414	2
002414_04	2414	4
002414_09	2414	9
002414_13	2414	13
002414_16	2414	16
002415_08	2415	8
002415_14	2415	14
002416_05	2416	5
002417_05	2417	5
002417_08	2417	8
002418_05	2418	5
002419_08	2419	8
002419_16	2419	16
002420_08	2420	8
002421_01	2421	1
002421_02	2421	2
002421_08	2421	8
002422_01	2422	1
002422_02	2422	2
002422_04	2422	4
002422_08	2422	8
002423_05	2423	5
002424_05	2424	5
002424_14	2424	14
002425_06	2425	6
002427_01	2427	1
002427_08	2427	8
002427_17	2427	17
002428_11	2428	11
002428_15	2428	15
002429_01	2429	1
002429_02	2429	2
002429_08	2429	8
002429_09	2429	9
002429_16	2429	16
002430_02	2430	2
002430_04	2430	4
002430_08	2430	8
002431_05	2431	5
002431_08	2431	8
002432_08	2432	8
002433_08	2433	8
002435_08	2435	8
002436_05	2436	5
002436_08	2436	8
002436_17	2436	17
002439_08	2439	8
002442_08	2442	8
002443_08	2443	8
002443_14	2443	14
002445_08	2445	8
002446_11	2446	11
002446_16	2446	16
002447_05	2447	5
002447_08	2447	8
002448_11	2448	11
002448_15	2448	15
002450_02	2450	2
002450_05	2450	5
002450_15	2450	15
002451_11	2451	11
002453_08	2453	8
002453_09	2453	9
002454_11	2454	11
002454_13	2454	13
002454_15	2454	15
002455_08	2455	8
002455_11	2455	11
002455_15	2455	15
002455_16	2455	16
002456_11	2456	11
002456_15	2456	15
002457_01	2457	1
002457_05	2457	5
002458_05	2458	5
002458_06	2458	6
002459_11	2459	11
002460_11	2460	11
002462_11	2462	11
002463_05	2463	5
002465_11	2465	11
002467_06	2467	6
002467_08	2467	8
002467_13	2467	13
002467_16	2467	16
002468_01	2468	1
002468_05	2468	5
002468_14	2468	14
002468_16	2468	16
002469_05	2469	5
002469_08	2469	8
002470_02	2470	2
002470_05	2470	5
002471_01	2471	1
002471_02	2471	2
002471_05	2471	5
002472_05	2472	5
002473_05	2473	5
002474_08	2474	8
002475_01	2475	1
002475_13	2475	13
002475_16	2475	16
002476_01	2476	1
002476_17	2476	17
002477_02	2477	2
002478_05	2478	5
002478_18	2478	18
002481_08	2481	8
002481_14	2481	14
002482_05	2482	5
002482_14	2482	14
002483_02	2483	2
002483_05	2483	5
002483_16	2483	16
002485_05	2485	5
002485_14	2485	14
002488_08	2488	8
002488_11	2488	11
002488_16	2488	16
002490_01	2490	1
002490_16	2490	16
002491_05	2491	5
002491_14	2491	14
002492_05	2492	5
002492_14	2492	14
002493_08	2493	8
002494_07	2494	7
002495_03	2495	3
002495_15	2495	15
002496_05	2496	5
002496_14	2496	14
002497_14	2497	14
002498_05	2498	5
002498_15	2498	15
002500_05	2500	5
002501_08	2501	8
002502_05	2502	5
002502_06	2502	6
002503_08	2503	8
002504_05	2504	5
002504_08	2504	8
002505_08	2505	8
002505_13	2505	13
002505_16	2505	16
002506_05	2506	5
002506_08	2506	8
002506_14	2506	14
002511_06	2511	6
002511_10	2511	10
002512_08	2512	8
002513_11	2513	11
002514_05	2514	5
002514_11	2514	11
002515_11	2515	11
002516_11	2516	11
002517_11	2517	11
002518_05	2518	5
002520_08	2520	8
002521_01	2521	1
002521_08	2521	8
002521_16	2521	16
002522_08	2522	8
002523_08	2523	8
002523_16	2523	16
002524_01	2524	1
002524_02	2524	2
002524_08	2524	8
002524_16	2524	16
002525_01	2525	1
002525_11	2525	11
002525_15	2525	15
002526_15	2526	15
002527_01	2527	1
002527_15	2527	15
002527_16	2527	16
002527_18	2527	18
002528_01	2528	1
002528_02	2528	2
002528_15	2528	15
002529_01	2529	1
002529_08	2529	8
002529_15	2529	15
002530_01	2530	1
002530_15	2530	15
002531_01	2531	1
002531_15	2531	15
002532_01	2532	1
002532_15	2532	15
002533_01	2533	1
002533_15	2533	15
002534_01	2534	1
002535_01	2535	1
002535_08	2535	8
002535_16	2535	16
002537_02	2537	2
002538_07	2538	7
002539_05	2539	5
002540_01	2540	1
002540_06	2540	6
002540_08	2540	8
002540_16	2540	16
002541_08	2541	8
002542_05	2542	5
002542_06	2542	6
002542_16	2542	16
002544_08	2544	8
002544_14	2544	14
002546_08	2546	8
002548_11	2548	11
002549_01	2549	1
002549_15	2549	15
002550_11	2550	11
002550_16	2550	16
002551_08	2551	8
002551_11	2551	11
002551_16	2551	16
002552_05	2552	5
002553_11	2553	11
002553_15	2553	15
002553_16	2553	16
002554_11	2554	11
002554_15	2554	15
002554_16	2554	16
002555_05	2555	5
002557_08	2557	8
002557_16	2557	16
002558_05	2558	5
002558_14	2558	14
002559_03	2559	3
002559_04	2559	4
002560_11	2560	11
002560_16	2560	16
002561_06	2561	6
002561_16	2561	16
002563_08	2563	8
002565_08	2565	8
002565_12	2565	12
002565_14	2565	14
002566_03	2566	3
002566_04	2566	4
002567_05	2567	5
002568_01	2568	1
002568_06	2568	6
002570_08	2570	8
002570_14	2570	14
002571_01	2571	1
002571_15	2571	15
002571_16	2571	16
002572_05	2572	5
002572_14	2572	14
002573_08	2573	8
002573_12	2573	12
002574_05	2574	5
002575_08	2575	8
002577_05	2577	5
002577_08	2577	8
002579_06	2579	6
002579_13	2579	13
002579_16	2579	16
002580_05	2580	5
002580_06	2580	6
002581_05	2581	5
002581_14	2581	14
002582_01	2582	1
002582_05	2582	5
002583_05	2583	5
002583_08	2583	8
002585_08	2585	8
002585_14	2585	14
002586_05	2586	5
002586_06	2586	6
002586_16	2586	16
002587_05	2587	5
002587_06	2587	6
002587_08	2587	8
002589_05	2589	5
002589_08	2589	8
002589_14	2589	14
002590_08	2590	8
002593_05	2593	5
002594_08	2594	8
002594_14	2594	14
002594_15	2594	15
002594_16	2594	16
002596_05	2596	5
002596_08	2596	8
002597_05	2597	5
002597_14	2597	14
002598_05	2598	5
002599_05	2599	5
002600_01	2600	1
002600_15	2600	15
002600_16	2600	16
002605_06	2605	6
002605_16	2605	16
002606_05	2606	5
002606_11	2606	11
002607_08	2607	8
002607_14	2607	14
002609_08	2609	8
002611_08	2611	8
002612_08	2612	8
002612_10	2612	10
002613_05	2613	5
002613_11	2613	11
002613_15	2613	15
002614_01	2614	1
002614_11	2614	11
002614_15	2614	15
002615_02	2615	2
002615_15	2615	15
002616_01	2616	1
002616_06	2616	6
002617_01	2617	1
002617_02	2617	2
002617_05	2617	5
002617_09	2617	9
002617_11	2617	11
002617_16	2617	16
002618_05	2618	5
002620_08	2620	8
002620_14	2620	14
002622_05	2622	5
002622_09	2622	9
002623_05	2623	5
002624_08	2624	8
002624_09	2624	9
002625_01	2625	1
002625_02	2625	2
002625_06	2625	6
002625_15	2625	15
002625_16	2625	16
002628_01	2628	1
002628_02	2628	2
002628_15	2628	15
002629_05	2629	5
002629_14	2629	14
002630_08	2630	8
002632_02	2632	2
002632_08	2632	8
002632_13	2632	13
002633_11	2633	11
002633_14	2633	14
002634_11	2634	11
002639_08	2639	8
002640_01	2640	1
002640_02	2640	2
002640_15	2640	15
002641_01	2641	1
002641_15	2641	15
002642_01	2642	1
002642_02	2642	2
002642_15	2642	15
002643_01	2643	1
002643_02	2643	2
002643_15	2643	15
002644_11	2644	11
002648_08	2648	8
002648_11	2648	11
002648_15	2648	15
002651_11	2651	11
002652_11	2652	11
002654_08	2654	8
002654_09	2654	9
002654_11	2654	11
002655_11	2655	11
002656_11	2656	11
002656_15	2656	15
002657_05	2657	5
002657_11	2657	11
002657_12	2657	12
002657_15	2657	15
002659_05	2659	5
002659_07	2659	7
002660_11	2660	11
002660_15	2660	15
002661_15	2661	15
002662_01	2662	1
002662_08	2662	8
002662_15	2662	15
002664_11	2664	11
002664_15	2664	15
002664_16	2664	16
002665_15	2665	15
002668_11	2668	11
002668_15	2668	15
002669_17	2669	17
002670_17	2670	17
002671_05	2671	5
002671_14	2671	14
002672_08	2672	8
002672_15	2672	15
002672_16	2672	16
002674_08	2674	8
002674_09	2674	9
002676_08	2676	8
002676_16	2676	16
002677_07	2677	7
002677_12	2677	12
002681_05	2681	5
002681_14	2681	14
002681_15	2681	15
002682_08	2682	8
002683_01	2683	1
002683_02	2683	2
002683_05	2683	5
002686_08	2686	8
002686_13	2686	13
002687_02	2687	2
002687_03	2687	3
002687_04	2687	4
002687_08	2687	8
002688_06	2688	6
002688_08	2688	8
002688_13	2688	13
002688_16	2688	16
002690_05	2690	5
002690_14	2690	14
002691_08	2691	8
002692_01	2692	1
002692_06	2692	6
002693_07	2693	7
002694_05	2694	5
002695_08	2695	8
002696_05	2696	5
002697_05	2697	5
002697_08	2697	8
002697_14	2697	14
002698_15	2698	15
002699_05	2699	5
002699_11	2699	11
002700_03	2700	3
002700_05	2700	5
002700_12	2700	12
002701_01	2701	1
002701_05	2701	5
002701_15	2701	15
002701_18	2701	18
002702_08	2702	8
002706_05	2706	5
002706_14	2706	14
002707_16	2707	16
002708_14	2708	14
002709_04	2709	4
002709_05	2709	5
002710_08	2710	8
002710_11	2710	11
002710_16	2710	16
002712_08	2712	8
002712_13	2712	13
002712_16	2712	16
002713_11	2713	11
002713_16	2713	16
002716_01	2716	1
002716_05	2716	5
002716_15	2716	15
002717_05	2717	5
002717_09	2717	9
002717_15	2717	15
002718_05	2718	5
002719_11	2719	11
002719_16	2719	16
002720_01	2720	1
002720_02	2720	2
002720_04	2720	4
002720_05	2720	5
002722_01	2722	1
002722_11	2722	11
002722_15	2722	15
002722_16	2722	16
002723_01	2723	1
002723_05	2723	5
002723_09	2723	9
002724_05	2724	5
002724_14	2724	14
002725_08	2725	8
002726_06	2726	6
002726_10	2726	10
002727_06	2727	6
002727_10	2727	10
002728_01	2728	1
002728_08	2728	8
002728_14	2728	14
002728_17	2728	17
002729_08	2729	8
002729_14	2729	14
002730_08	2730	8
002730_14	2730	14
002730_17	2730	17
002731_06	2731	6
002731_08	2731	8
002732_08	2732	8
002732_14	2732	14
002733_02	2733	2
002733_05	2733	5
002733_14	2733	14
002734_02	2734	2
002734_08	2734	8
002734_16	2734	16
002735_01	2735	1
002735_02	2735	2
002735_05	2735	5
002735_09	2735	9
002735_13	2735	13
002736_05	2736	5
002737_01	2737	1
002737_08	2737	8
002737_16	2737	16
002738_05	2738	5
002738_08	2738	8
002739_08	2739	8
002740_11	2740	11
002740_15	2740	15
002741_01	2741	1
002741_06	2741	6
002741_16	2741	16
002742_05	2742	5
002742_08	2742	8
002743_08	2743	8
002744_08	2744	8
002745_08	2745	8
002746_05	2746	5
002746_11	2746	11
002746_12	2746	12
002747_05	2747	5
002747_11	2747	11
002748_01	2748	1
002748_02	2748	2
002748_05	2748	5
002749_08	2749	8
002749_13	2749	13
002750_05	2750	5
002750_08	2750	8
002751_05	2751	5
002751_08	2751	8
002752_05	2752	5
002752_13	2752	13
002754_11	2754	11
002757_08	2757	8
002759_05	2759	5
002761_02	2761	2
002761_03	2761	3
002761_04	2761	4
002761_08	2761	8
002761_15	2761	15
002762_08	2762	8
002762_11	2762	11
002762_13	2762	13
002763_01	2763	1
002763_13	2763	13
002764_06	2764	6
002764_08	2764	8
002764_14	2764	14
002764_16	2764	16
002765_05	2765	5
002765_08	2765	8
002766_05	2766	5
002766_08	2766	8
002769_06	2769	6
002769_08	2769	8
002770_05	2770	5
002771_08	2771	8
002772_05	2772	5
002774_05	2774	5
002774_14	2774	14
002775_08	2775	8
002779_05	2779	5
002782_11	2782	11
002784_11	2784	11
002786_05	2786	5
002787_11	2787	11
002788_05	2788	5
002789_11	2789	11
002790_11	2790	11
002790_16	2790	16
002791_05	2791	5
002792_05	2792	5
002793_05	2793	5
002793_11	2793	11
002793_14	2793	14
002793_16	2793	16
002794_02	2794	2
002794_05	2794	5
002794_14	2794	14
002795_05	2795	5
002796_05	2796	5
002797_05	2797	5
002797_08	2797	8
002797_09	2797	9
002797_14	2797	14
002798_04	2798	4
002798_05	2798	5
002799_05	2799	5
002800_02	2800	2
002800_03	2800	3
002800_04	2800	4
002800_08	2800	8
002800_09	2800	9
002801_08	2801	8
002801_14	2801	14
002802_01	2802	1
002802_08	2802	8
002802_14	2802	14
002802_16	2802	16
002803_06	2803	6
002803_08	2803	8
002803_13	2803	13
002803_14	2803	14
002803_16	2803	16
002804_04	2804	4
002804_05	2804	5
002805_05	2805	5
002805_14	2805	14
002806_05	2806	5
002806_16	2806	16
002807_01	2807	1
002807_15	2807	15
002808_01	2808	1
002808_15	2808	15
002810_03	2810	3
002810_11	2810	11
002810_13	2810	13
002810_16	2810	16
002812_01	2812	1
002812_16	2812	16
002813_07	2813	7
002815_01	2815	1
002815_17	2815	17
002816_01	2816	1
002816_17	2816	17
002817_01	2817	1
002818_01	2818	1
002818_17	2818	17
002819_08	2819	8
002819_13	2819	13
002819_14	2819	14
002819_16	2819	16
002820_08	2820	8
002822_02	2822	2
002822_14	2822	14
002824_07	2824	7
002824_08	2824	8
002826_01	2826	1
002826_02	2826	2
002826_09	2826	9
002827_11	2827	11
002827_15	2827	15
002827_16	2827	16
002828_04	2828	4
002828_05	2828	5
002829_05	2829	5
002835_01	2835	1
002835_02	2835	2
002835_05	2835	5
002835_16	2835	16
002836_05	2836	5
002837_05	2837	5
002837_14	2837	14
002839_08	2839	8
002840_08	2840	8
002840_16	2840	16
002841_11	2841	11
002841_13	2841	13
002841_16	2841	16
002843_05	2843	5
002843_14	2843	14
002844_08	2844	8
002844_13	2844	13
002846_02	2846	2
002846_04	2846	4
002846_05	2846	5
002846_08	2846	8
002847_02	2847	2
002847_08	2847	8
002847_14	2847	14
002848_08	2848	8
002851_02	2851	2
002851_15	2851	15
002851_16	2851	16
002852_08	2852	8
002856_16	2856	16
002857_02	2857	2
002857_03	2857	3
002857_05	2857	5
002857_09	2857	9
002857_12	2857	12
002858_08	2858	8
002858_14	2858	14
002859_07	2859	7
002859_12	2859	12
002860_05	2860	5
002861_05	2861	5
002861_08	2861	8
002862_08	2862	8
002863_02	2863	2
002863_05	2863	5
002863_12	2863	12
002865_05	2865	5
002866_08	2866	8
002867_05	2867	5
002867_11	2867	11
002867_16	2867	16
002868_11	2868	11
002870_05	2870	5
002871_02	2871	2
002871_08	2871	8
002871_16	2871	16
002872_02	2872	2
002872_09	2872	9
002874_05	2874	5
002874_12	2874	12
002874_14	2874	14
002875_08	2875	8
002875_13	2875	13
002875_14	2875	14
002876_03	2876	3
002876_04	2876	4
002876_09	2876	9
002877_12	2877	12
002878_11	2878	11
002879_01	2879	1
002879_02	2879	2
002879_05	2879	5
002880_01	2880	1
002880_02	2880	2
002880_05	2880	5
002881_01	2881	1
002881_06	2881	6
002881_08	2881	8
002881_16	2881	16
002882_08	2882	8
002883_05	2883	5
002883_08	2883	8
002884_05	2884	5
002884_14	2884	14
002885_08	2885	8
002885_14	2885	14
002886_04	2886	4
002886_05	2886	5
002887_01	2887	1
002887_05	2887	5
002888_05	2888	5
002888_14	2888	14
002889_05	2889	5
002889_08	2889	8
002890_01	2890	1
002890_02	2890	2
002890_05	2890	5
002890_08	2890	8
002890_17	2890	17
002891_05	2891	5
002892_01	2892	1
002892_08	2892	8
002893_01	2893	1
002893_02	2893	2
002893_08	2893	8
002894_08	2894	8
002894_14	2894	14
002896_18	2896	18
002897_05	2897	5
002897_17	2897	17
002898_11	2898	11
002898_13	2898	13
002899_02	2899	2
002899_03	2899	3
002899_04	2899	4
002900_11	2900	11
002900_15	2900	15
002901_11	2901	11
002901_15	2901	15
002902_11	2902	11
002902_13	2902	13
002902_16	2902	16
002903_11	2903	11
002903_16	2903	16
002905_01	2905	1
002905_02	2905	2
002905_08	2905	8
002906_08	2906	8
002906_14	2906	14
002907_05	2907	5
002908_08	2908	8
002912_06	2912	6
002912_08	2912	8
002912_16	2912	16
002915_05	2915	5
002916_01	2916	1
002916_02	2916	2
002916_15	2916	15
002916_16	2916	16
002917_06	2917	6
002917_16	2917	16
002918_05	2918	5
002919_08	2919	8
002919_14	2919	14
002919_17	2919	17
002921_18	2921	18
002922_06	2922	6
002922_08	2922	8
002922_18	2922	18
002924_01	2924	1
002924_05	2924	5
002925_08	2925	8
002926_05	2926	5
002926_08	2926	8
002927_08	2927	8
002927_14	2927	14
002928_08	2928	8
002929_08	2929	8
002929_14	2929	14
002930_07	2930	7
002931_05	2931	5
002931_06	2931	6
002931_08	2931	8
002931_09	2931	9
002932_08	2932	8
002935_05	2935	5
002935_14	2935	14
002936_02	2936	2
002936_05	2936	5
002936_14	2936	14
002937_05	2937	5
002939_08	2939	8
002939_16	2939	16
002940_08	2940	8
002940_10	2940	10
002940_13	2940	13
002940_14	2940	14
002941_12	2941	12
002941_14	2941	14
002941_17	2941	17
002942_08	2942	8
002942_14	2942	14
002943_08	2943	8
002943_14	2943	14
002944_01	2944	1
002944_08	2944	8
002944_17	2944	17
002946_05	2946	5
002946_12	2946	12
002947_01	2947	1
002947_02	2947	2
002947_16	2947	16
002948_01	2948	1
002948_02	2948	2
002948_16	2948	16
002949_01	2949	1
002949_02	2949	2
002949_16	2949	16
002950_02	2950	2
002950_08	2950	8
002950_14	2950	14
002951_01	2951	1
002951_18	2951	18
002952_06	2952	6
002952_08	2952	8
002952_16	2952	16
002953_04	2953	4
002953_05	2953	5
002956_01	2956	1
002956_06	2956	6
002956_16	2956	16
002959_01	2959	1
002959_06	2959	6
002959_08	2959	8
002959_16	2959	16
002961_05	2961	5
002961_08	2961	8
002962_05	2962	5
002962_14	2962	14
002964_08	2964	8
002965_01	2965	1
002966_02	2966	2
002966_08	2966	8
002967_08	2967	8
002967_16	2967	16
002968_02	2968	2
002968_05	2968	5
002968_09	2968	9
002968_15	2968	15
002969_08	2969	8
002969_14	2969	14
002970_02	2970	2
002970_08	2970	8
002971_08	2971	8
002971_09	2971	9
002971_12	2971	12
002972_08	2972	8
002972_17	2972	17
002973_05	2973	5
002973_06	2973	6
002973_08	2973	8
002974_11	2974	11
002974_16	2974	16
002975_05	2975	5
002975_08	2975	8
002976_08	2976	8
002977_05	2977	5
002977_08	2977	8
002978_05	2978	5
002978_14	2978	14
002979_08	2979	8
002982_11	2982	11
002982_16	2982	16
002983_16	2983	16
002984_07	2984	7
002985_01	2985	1
002985_06	2985	6
002985_08	2985	8
002985_15	2985	15
002985_16	2985	16
002986_01	2986	1
002986_06	2986	6
002986_15	2986	15
002986_16	2986	16
002987_02	2987	2
002987_03	2987	3
002987_04	2987	4
002987_05	2987	5
002987_06	2987	6
002987_09	2987	9
002987_13	2987	13
002988_08	2988	8
002989_01	2989	1
002989_02	2989	2
002989_16	2989	16
002990_01	2990	1
002990_02	2990	2
002990_16	2990	16
002991_01	2991	1
002991_02	2991	2
002991_16	2991	16
002992_11	2992	11
002992_16	2992	16
002993_01	2993	1
002993_02	2993	2
002993_16	2993	16
002995_11	2995	11
002995_16	2995	16
002996_08	2996	8
002997_05	2997	5
002997_08	2997	8
002997_09	2997	9
003000_01	3000	1
003000_02	3000	2
003000_03	3000	3
003000_08	3000	8
003000_09	3000	9
003002_07	3002	7
003003_05	3003	5
003003_08	3003	8
003003_14	3003	14
003003_17	3003	17
003004_05	3004	5
003004_14	3004	14
003005_16	3005	16
003006_08	3006	8
003006_16	3006	16
003007_07	3007	7
003008_08	3008	8
003008_15	3008	15
003010_08	3010	8
003011_08	3011	8
003013_05	3013	5
003013_11	3013	11
003014_05	3014	5
003015_16	3015	16
003016_11	3016	11
003017_11	3017	11
003018_05	3018	5
003018_11	3018	11
003018_15	3018	15
003019_06	3019	6
003019_08	3019	8
003020_01	3020	1
003020_08	3020	8
003021_11	3021	11
003022_05	3022	5
003022_17	3022	17
003024_11	3024	11
003024_15	3024	15
003028_05	3028	5
003029_01	3029	1
003029_08	3029	8
003030_01	3030	1
003030_02	3030	2
003031_05	3031	5
003032_01	3032	1
003032_08	3032	8
003032_15	3032	15
003032_16	3032	16
003033_05	3033	5
003033_15	3033	15
003034_02	3034	2
003034_03	3034	3
003034_04	3034	4
003034_05	3034	5
003034_12	3034	12
003035_05	3035	5
003035_08	3035	8
003035_17	3035	17
003036_02	3036	2
003036_08	3036	8
003037_18	3037	18
003038_08	3038	8
003039_05	3039	5
003040_05	3040	5
003041_05	3041	5
003042_05	3042	5
003043_05	3043	5
003044_13	3044	13
003044_14	3044	14
003044_16	3044	16
003045_05	3045	5
003045_08	3045	8
003046_05	3046	5
003046_14	3046	14
003048_05	3048	5
003051_05	3051	5
003051_08	3051	8
003052_02	3052	2
003052_05	3052	5
003052_09	3052	9
003053_08	3053	8
003053_17	3053	17
003054_02	3054	2
003054_03	3054	3
003054_04	3054	4
003054_09	3054	9
003054_15	3054	15
003055_16	3055	16
003056_06	3056	6
003056_08	3056	8
003056_16	3056	16
003057_05	3057	5
003060_05	3060	5
003060_08	3060	8
003060_12	3060	12
003061_05	3061	5
003061_12	3061	12
003062_01	3062	1
003062_08	3062	8
003062_17	3062	17
003063_08	3063	8
003063_16	3063	16
003064_08	3064	8
003064_16	3064	16
003066_01	3066	1
003066_08	3066	8
003066_17	3066	17
003067_05	3067	5
003067_08	3067	8
003068_08	3068	8
003068_13	3068	13
003070_02	3070	2
003070_05	3070	5
003070_15	3070	15
003071_05	3071	5
003071_08	3071	8
003072_05	3072	5
003072_14	3072	14
003073_08	3073	8
003073_14	3073	14
003074_18	3074	18
003075_08	3075	8
003075_11	3075	11
003076_05	3076	5
003077_07	3077	7
003078_08	3078	8
003079_05	3079	5
003079_08	3079	8
003079_14	3079	14
003081_09	3081	9
003081_11	3081	11
003081_13	3081	13
003081_14	3081	14
003082_01	3082	1
003082_02	3082	2
003082_16	3082	16
003083_08	3083	8
003086_04	3086	4
003086_05	3086	5
003086_09	3086	9
003086_12	3086	12
003087_05	3087	5
003087_09	3087	9
003087_14	3087	14
003088_05	3088	5
003088_09	3088	9
003089_08	3089	8
003090_08	3090	8
003091_08	3091	8
003091_17	3091	17
003093_08	3093	8
003093_18	3093	18
003094_08	3094	8
003094_14	3094	14
003095_08	3095	8
003096_05	3096	5
003097_05	3097	5
003097_08	3097	8
003097_14	3097	14
003098_08	3098	8
003099_05	3099	5
003099_08	3099	8
003099_14	3099	14
003100_08	3100	8
003101_08	3101	8
003101_16	3101	16
003102_06	3102	6
003102_14	3102	14
003102_16	3102	16
003103_08	3103	8
003103_14	3103	14
003104_01	3104	1
003104_05	3104	5
003104_06	3104	6
003104_16	3104	16
003105_08	3105	8
003105_13	3105	13
003106_08	3106	8
003106_14	3106	14
003107_01	3107	1
003107_08	3107	8
003108_05	3108	5
003108_08	3108	8
003108_09	3108	9
003108_14	3108	14
003109_08	3109	8
003111_08	3111	8
003112_08	3112	8
003113_01	3113	1
003113_09	3113	9
003113_11	3113	11
003113_13	3113	13
003113_16	3113	16
003114_02	3114	2
003114_03	3114	3
003114_04	3114	4
003114_05	3114	5
003114_09	3114	9
003115_08	3115	8
003117_08	3117	8
003117_14	3117	14
003117_17	3117	17
003120_05	3120	5
003125_08	3125	8
003127_05	3127	5
003127_08	3127	8
003129_05	3129	5
003129_08	3129	8
003130_05	3130	5
003130_06	3130	6
003130_08	3130	8
003132_05	3132	5
003132_08	3132	8
003134_08	3134	8
003134_17	3134	17
003135_08	3135	8
003138_08	3138	8
003141_08	3141	8
003142_07	3142	7
003142_12	3142	12
003143_08	3143	8
003143_17	3143	17
003145_08	3145	8
003146_05	3146	5
003147_06	3147	6
003147_08	3147	8
003148_08	3148	8
003150_08	3150	8
003150_16	3150	16
003152_08	3152	8
003153_01	3153	1
003153_02	3153	2
003153_09	3153	9
003155_08	3155	8
003155_14	3155	14
003156_08	3156	8
003156_14	3156	14
003156_15	3156	15
003157_04	3157	4
003157_05	3157	5
003157_09	3157	9
003158_08	3158	8
003159_03	3159	3
003159_04	3159	4
003159_12	3159	12
003159_19	3159	19
003160_08	3160	8
003161_08	3161	8
003161_14	3161	14
003162_05	3162	5
003162_08	3162	8
003163_05	3163	5
003163_08	3163	8
003163_12	3163	12
003165_01	3165	1
003165_08	3165	8
003167_05	3167	5
003167_08	3167	8
003168_02	3168	2
003168_08	3168	8
003169_06	3169	6
003169_08	3169	8
003169_16	3169	16
003171_08	3171	8
003173_08	3173	8
003174_05	3174	5
003174_08	3174	8
003175_02	3175	2
003175_05	3175	5
003175_15	3175	15
003176_08	3176	8
003176_13	3176	13
003176_16	3176	16
003177_05	3177	5
003178_08	3178	8
003179_08	3179	8
003181_08	3181	8
003182_07	3182	7
003183_08	3183	8
003185_08	3185	8
003186_08	3186	8
003189_04	3189	4
003189_08	3189	8
003190_02	3190	2
003190_15	3190	15
003190_16	3190	16
003192_08	3192	8
003194_08	3194	8
003194_14	3194	14
003196_08	3196	8
003196_17	3196	17
003197_01	3197	1
003197_06	3197	6
003197_14	3197	14
003197_16	3197	16
003198_06	3198	6
003198_08	3198	8
003200_05	3200	5
003200_08	3200	8
003201_08	3201	8
003203_16	3203	16
003204_01	3204	1
003204_13	3204	13
003204_16	3204	16
003206_14	3206	14
003208_01	3208	1
003208_05	3208	5
003210_05	3210	5
003210_08	3210	8
003210_14	3210	14
003211_08	3211	8
003213_03	3213	3
003213_04	3213	4
003214_08	3214	8
003217_08	3217	8
003219_13	3219	13
003219_16	3219	16
003221_08	3221	8
003223_08	3223	8
003224_08	3224	8
003225_05	3225	5
003225_14	3225	14
003230_16	3230	16
003235_05	3235	5
003238_16	3238	16
003240_05	3240	5
003241_05	3241	5
003243_05	3243	5
003244_05	3244	5
003244_14	3244	14
003246_08	3246	8
003247_05	3247	5
003247_06	3247	6
003248_05	3248	5
003249_08	3249	8
003249_16	3249	16
003250_08	3250	8
003251_08	3251	8
003251_13	3251	13
003252_08	3252	8
003253_05	3253	5
003254_05	3254	5
003255_05	3255	5
003255_08	3255	8
003256_01	3256	1
003256_06	3256	6
003256_08	3256	8
003256_16	3256	16
003257_08	3257	8
003257_14	3257	14
003257_16	3257	16
003258_05	3258	5
003258_09	3258	9
003259_02	3259	2
003259_08	3259	8
003259_14	3259	14
003260_08	3260	8
003261_05	3261	5
003261_08	3261	8
003261_14	3261	14
003262_06	3262	6
003262_08	3262	8
003262_13	3262	13
003262_16	3262	16
003263_05	3263	5
003263_08	3263	8
003264_01	3264	1
003264_05	3264	5
003264_11	3264	11
003265_01	3265	1
003265_06	3265	6
003265_08	3265	8
003265_16	3265	16
003266_05	3266	5
003266_06	3266	6
003266_08	3266	8
003266_16	3266	16
003267_01	3267	1
003267_06	3267	6
003267_16	3267	16
003267_18	3267	18
003268_01	3268	1
003268_05	3268	5
003269_08	3269	8
003269_14	3269	14
003269_15	3269	15
003270_05	3270	5
003270_08	3270	8
003270_14	3270	14
003271_08	3271	8
003272_06	3272	6
003272_08	3272	8
003273_05	3273	5
003273_11	3273	11
003273_13	3273	13
003273_16	3273	16
003274_08	3274	8
003274_16	3274	16
003275_01	3275	1
003275_06	3275	6
003275_08	3275	8
003275_16	3275	16
003276_05	3276	5
003280_11	3280	11
003281_07	3281	7
003283_01	3283	1
003284_05	3284	5
003284_13	3284	13
003284_14	3284	14
003285_02	3285	2
003285_08	3285	8
003286_05	3286	5
003287_03	3287	3
003287_04	3287	4
003289_08	3289	8
003294_11	3294	11
003295_08	3295	8
003296_08	3296	8
003298_06	3298	6
003298_08	3298	8
003298_16	3298	16
003299_05	3299	5
003299_08	3299	8
003300_11	3300	11
003300_15	3300	15
003300_16	3300	16
003301_05	3301	5
003301_06	3301	6
003302_05	3302	5
003303_07	3303	7
003306_05	3306	5
003307_05	3307	5
003307_08	3307	8
003307_14	3307	14
003308_05	3308	5
003308_08	3308	8
003310_05	3310	5
003310_08	3310	8
003313_05	3313	5
003315_12	3315	12
003316_01	3316	1
003316_16	3316	16
003317_05	3317	5
003317_08	3317	8
003323_05	3323	5
003323_06	3323	6
003324_05	3324	5
003325_05	3325	5
003325_08	3325	8
003326_05	3326	5
003326_15	3326	15
003327_07	3327	7
003328_06	3328	6
003328_08	3328	8
003329_08	3329	8
003329_14	3329	14
003330_08	3330	8
003330_14	3330	14
003331_08	3331	8
003334_06	3334	6
003334_08	3334	8
003334_10	3334	10
003334_16	3334	16
003338_07	3338	7
003341_05	3341	5
003342_08	3342	8
003342_17	3342	17
003344_11	3344	11
003345_02	3345	2
003345_04	3345	4
003347_02	3347	2
003347_08	3347	8
003350_08	3350	8
003353_05	3353	5
003353_14	3353	14
003354_15	3354	15
003355_09	3355	9
003355_11	3355	11
003355_13	3355	13
003355_16	3355	16
003357_08	3357	8
003357_14	3357	14
003358_05	3358	5
003358_08	3358	8
003358_09	3358	9
003358_14	3358	14
003359_05	3359	5
003359_08	3359	8
003360_08	3360	8
003360_14	3360	14
003361_05	3361	5
003361_08	3361	8
003361_14	3361	14
003362_06	3362	6
003362_08	3362	8
003363_05	3363	5
003363_08	3363	8
003364_06	3364	6
003364_10	3364	10
003365_08	3365	8
003365_18	3365	18
003368_14	3368	14
003368_18	3368	18
003370_08	3370	8
003370_16	3370	16
003372_01	3372	1
003372_17	3372	17
003374_08	3374	8
003378_08	3378	8
003379_08	3379	8
003384_01	3384	1
003384_06	3384	6
003385_05	3385	5
003386_08	3386	8
003386_13	3386	13
003386_16	3386	16
003387_05	3387	5
003387_13	3387	13
003388_04	3388	4
003388_05	3388	5
003389_01	3389	1
003389_02	3389	2
003390_02	3390	2
003390_06	3390	6
003390_08	3390	8
003390_14	3390	14
003391_05	3391	5
003392_05	3392	5
003393_05	3393	5
003393_09	3393	9
003393_14	3393	14
003394_05	3394	5
003394_14	3394	14
003395_05	3395	5
003396_02	3396	2
003396_04	3396	4
003396_05	3396	5
003396_12	3396	12
003397_04	3397	4
003397_05	3397	5
003398_04	3398	4
003398_05	3398	5
003398_12	3398	12
003400_02	3400	2
003400_03	3400	3
003400_04	3400	4
003400_09	3400	9
003401_02	3401	2
003401_15	3401	15
003402_05	3402	5
003402_08	3402	8
003402_14	3402	14
003403_08	3403	8
003403_16	3403	16
003404_01	3404	1
003404_08	3404	8
003405_01	3405	1
003405_08	3405	8
003406_01	3406	1
003406_02	3406	2
003406_08	3406	8
003406_17	3406	17
003408_08	3408	8
003409_08	3409	8
003409_16	3409	16
003410_05	3410	5
003410_08	3410	8
003412_02	3412	2
003412_04	3412	4
003412_08	3412	8
003414_08	3414	8
003414_14	3414	14
003414_17	3414	17
003415_08	3415	8
003417_02	3417	2
003417_05	3417	5
003418_02	3418	2
003418_06	3418	6
003418_08	3418	8
003420_08	3420	8
003420_16	3420	16
003421_05	3421	5
003422_05	3422	5
003422_14	3422	14
003423_08	3423	8
003424_08	3424	8
003425_08	3425	8
003425_12	3425	12
003426_08	3426	8
003426_14	3426	14
003428_08	3428	8
003429_03	3429	3
003429_05	3429	5
003430_01	3430	1
003430_06	3430	6
003430_08	3430	8
003431_01	3431	1
003431_08	3431	8
003432_01	3432	1
003432_08	3432	8
003433_01	3433	1
003433_08	3433	8
003434_01	3434	1
003434_08	3434	8
003435_06	3435	6
003435_08	3435	8
003435_10	3435	10
003436_08	3436	8
003436_14	3436	14
003438_01	3438	1
003438_04	3438	4
003438_05	3438	5
003438_09	3438	9
003438_15	3438	15
003439_01	3439	1
003439_04	3439	4
003439_09	3439	9
003440_01	3440	1
003440_02	3440	2
003440_04	3440	4
003440_05	3440	5
003440_09	3440	9
003441_01	3441	1
003441_08	3441	8
003441_17	3441	17
003442_01	3442	1
003442_06	3442	6
003442_08	3442	8
003444_01	3444	1
003445_13	3445	13
003445_16	3445	16
003446_05	3446	5
003446_08	3446	8
003447_08	3447	8
003448_05	3448	5
003448_08	3448	8
003448_17	3448	17
003449_08	3449	8
003450_05	3450	5
003451_08	3451	8
003452_01	3452	1
003452_06	3452	6
003452_14	3452	14
003452_16	3452	16
003453_08	3453	8
003453_14	3453	14
003454_05	3454	5
003454_14	3454	14
003455_08	3455	8
003455_16	3455	16
003456_08	3456	8
003459_08	3459	8
003459_11	3459	11
003461_02	3461	2
003461_08	3461	8
003461_16	3461	16
003462_05	3462	5
003462_08	3462	8
003462_14	3462	14
003466_05	3466	5
003466_09	3466	9
003467_08	3467	8
003467_18	3467	18
003468_08	3468	8
003469_08	3469	8
003470_02	3470	2
003470_08	3470	8
003471_02	3471	2
003471_08	3471	8
003471_15	3471	15
003473_05	3473	5
003474_15	3474	15
003474_16	3474	16
003475_08	3475	8
003475_14	3475	14
003476_11	3476	11
003476_13	3476	13
003477_05	3477	5
003477_08	3477	8
003478_08	3478	8
003479_02	3479	2
003479_09	3479	9
003479_14	3479	14
003480_08	3480	8
003480_14	3480	14
003481_05	3481	5
003481_08	3481	8
003481_14	3481	14
003483_03	3483	3
003483_04	3483	4
003484_16	3484	16
003489_02	3489	2
003489_05	3489	5
003489_09	3489	9
003492_02	3492	2
003492_05	3492	5
003492_14	3492	14
003494_02	3494	2
003494_08	3494	8
003494_18	3494	18
003496_08	3496	8
003497_05	3497	5
003498_08	3498	8
003499_08	3499	8
003499_11	3499	11
003499_16	3499	16
003500_05	3500	5
003500_08	3500	8
003501_05	3501	5
003501_14	3501	14
003502_08	3502	8
003503_08	3503	8
003503_13	3503	13
003503_15	3503	15
003504_05	3504	5
003504_08	3504	8
003505_08	3505	8
003505_13	3505	13
003505_16	3505	16
003506_05	3506	5
003506_08	3506	8
003507_05	3507	5
003508_01	3508	1
003508_02	3508	2
003508_08	3508	8
003508_16	3508	16
003508_18	3508	18
003510_08	3510	8
003510_16	3510	16
003511_05	3511	5
003512_08	3512	8
003512_14	3512	14
003513_08	3513	8
003513_16	3513	16
003514_08	3514	8
003515_05	3515	5
003515_14	3515	14
003516_05	3516	5
003516_09	3516	9
003516_14	3516	14
003519_01	3519	1
003519_08	3519	8
003519_17	3519	17
003521_05	3521	5
003521_08	3521	8
003524_05	3524	5
003524_14	3524	14
003525_05	3525	5
003526_05	3526	5
003526_08	3526	8
003527_01	3527	1
003527_15	3527	15
003527_16	3527	16
003528_08	3528	8
003528_14	3528	14
003529_06	3529	6
003529_16	3529	16
003531_05	3531	5
003531_08	3531	8
003531_14	3531	14
003534_08	3534	8
003535_06	3535	6
003535_11	3535	11
003535_13	3535	13
003535_16	3535	16
003536_05	3536	5
003536_08	3536	8
003536_14	3536	14
003537_05	3537	5
003537_08	3537	8
003538_05	3538	5
003539_07	3539	7
003543_05	3543	5
003543_08	3543	8
003544_05	3544	5
003545_08	3545	8
003545_12	3545	12
003546_08	3546	8
003546_11	3546	11
003546_16	3546	16
003548_05	3548	5
003548_08	3548	8
003549_05	3549	5
003549_12	3549	12
003549_14	3549	14
003550_11	3550	11
003551_06	3551	6
003551_08	3551	8
003551_16	3551	16
003552_05	3552	5
003553_08	3553	8
003553_16	3553	16
003554_08	3554	8
003554_14	3554	14
003555_01	3555	1
003555_16	3555	16
003555_17	3555	17
003556_08	3556	8
003556_14	3556	14
003557_13	3557	13
003557_16	3557	16
003559_05	3559	5
003559_08	3559	8
003559_14	3559	14
003563_01	3563	1
003563_11	3563	11
003564_04	3564	4
003564_05	3564	5
003565_05	3565	5
003565_08	3565	8
003566_05	3566	5
003566_08	3566	8
003567_05	3567	5
003567_08	3567	8
003567_14	3567	14
003568_05	3568	5
003568_14	3568	14
003569_05	3569	5
003569_08	3569	8
003571_05	3571	5
003571_08	3571	8
003572_11	3572	11
003572_15	3572	15
003573_11	3573	11
003573_15	3573	15
003574_11	3574	11
003574_15	3574	15
003576_01	3576	1
003576_11	3576	11
003576_15	3576	15
003577_08	3577	8
003577_14	3577	14
003578_01	3578	1
003578_02	3578	2
003578_08	3578	8
003580_08	3580	8
003581_05	3581	5
003584_01	3584	1
003584_08	3584	8
003584_14	3584	14
003584_16	3584	16
003586_08	3586	8
003586_14	3586	14
003587_11	3587	11
003590_05	3590	5
003590_08	3590	8
003591_05	3591	5
003591_08	3591	8
003592_03	3592	3
003592_15	3592	15
003593_01	3593	1
003593_15	3593	15
003594_08	3594	8
003594_12	3594	12
003596_05	3596	5
003597_05	3597	5
003598_06	3598	6
003598_08	3598	8
003598_14	3598	14
003598_16	3598	16
003599_05	3599	5
003599_12	3599	12
003604_12	3604	12
003606_05	3606	5
003606_12	3606	12
003606_14	3606	14
003608_02	3608	2
003608_05	3608	5
003609_07	3609	7
003614_05	3614	5
003614_14	3614	14
003615_02	3615	2
003615_03	3615	3
003615_04	3615	4
003616_05	3616	5
003616_14	3616	14
003617_05	3617	5
003618_05	3618	5
003618_06	3618	6
003619_05	3619	5
003622_05	3622	5
003623_01	3623	1
003623_02	3623	2
003623_16	3623	16
003624_01	3624	1
003624_02	3624	2
003624_05	3624	5
003624_18	3624	18
003625_07	3625	7
003626_05	3626	5
003627_11	3627	11
003627_16	3627	16
003628_01	3628	1
003628_08	3628	8
003628_14	3628	14
003628_17	3628	17
003629_02	3629	2
003629_05	3629	5
003629_14	3629	14
003632_05	3632	5
003632_06	3632	6
003633_01	3633	1
003633_02	3633	2
003633_14	3633	14
003633_16	3633	16
003634_16	3634	16
003635_01	3635	1
003635_02	3635	2
003635_16	3635	16
003637_08	3637	8
003638_01	3638	1
003638_02	3638	2
003638_15	3638	15
003638_16	3638	16
003639_01	3639	1
003639_02	3639	2
003639_16	3639	16
003640_05	3640	5
003640_08	3640	8
003641_08	3641	8
003643_01	3643	1
003643_08	3643	8
003643_17	3643	17
003646_05	3646	5
003648_11	3648	11
003648_15	3648	15
003649_08	3649	8
003652_11	3652	11
003653_07	3653	7
003654_01	3654	1
003654_02	3654	2
003654_08	3654	8
003654_17	3654	17
003655_08	3655	8
003658_11	3658	11
003658_15	3658	15
003660_11	3660	11
003660_15	3660	15
003660_16	3660	16
003661_11	3661	11
003661_15	3661	15
003661_16	3661	16
003662_11	3662	11
003662_15	3662	15
003662_16	3662	16
003663_11	3663	11
003663_15	3663	15
003663_16	3663	16
003664_11	3664	11
003664_15	3664	15
003664_16	3664	16
003667_01	3667	1
003667_05	3667	5
003667_06	3667	6
003668_08	3668	8
003668_14	3668	14
003669_05	3669	5
003671_05	3671	5
003671_18	3671	18
003672_02	3672	2
003672_04	3672	4
003673_02	3673	2
003673_04	3673	4
003674_02	3674	2
003674_04	3674	4
003674_05	3674	5
003674_08	3674	8
003675_05	3675	5
003675_12	3675	12
003675_14	3675	14
003676_08	3676	8
003676_11	3676	11
003677_07	3677	7
003678_08	3678	8
003679_07	3679	7
003679_12	3679	12
003680_07	3680	7
003681_01	3681	1
003681_08	3681	8
003681_16	3681	16
003681_18	3681	18
003682_01	3682	1
003682_06	3682	6
003682_08	3682	8
003682_16	3682	16
003683_06	3683	6
003683_08	3683	8
003683_10	3683	10
003684_08	3684	8
003684_14	3684	14
003685_05	3685	5
003685_08	3685	8
003685_14	3685	14
003686_11	3686	11
003686_15	3686	15
003686_16	3686	16
003687_02	3687	2
003687_03	3687	3
003687_09	3687	9
003687_15	3687	15
003688_05	3688	5
003689_05	3689	5
003690_05	3690	5
003691_05	3691	5
003692_05	3692	5
003692_11	3692	11
003693_05	3693	5
003693_11	3693	11
003694_05	3694	5
003694_11	3694	11
003695_05	3695	5
003695_11	3695	11
003696_05	3696	5
003696_11	3696	11
003696_15	3696	15
003696_16	3696	16
003697_01	3697	1
003697_15	3697	15
003697_16	3697	16
003698_01	3698	1
003698_15	3698	15
003699_02	3699	2
003699_08	3699	8
003699_14	3699	14
003699_15	3699	15
003700_08	3700	8
003700_15	3700	15
003701_06	3701	6
003701_08	3701	8
003701_15	3701	15
003701_16	3701	16
003702_01	3702	1
003702_02	3702	2
003702_15	3702	15
003703_01	3703	1
003703_02	3703	2
003703_15	3703	15
003703_16	3703	16
003704_01	3704	1
003704_02	3704	2
003704_15	3704	15
003705_01	3705	1
003705_05	3705	5
003705_14	3705	14
003706_10	3706	10
003706_11	3706	11
003706_13	3706	13
003706_16	3706	16
003707_08	3707	8
003707_14	3707	14
003708_11	3708	11
003708_16	3708	16
003709_11	3709	11
003710_01	3710	1
003710_05	3710	5
003710_06	3710	6
003710_16	3710	16
003711_08	3711	8
003712_05	3712	5
003713_08	3713	8
003714_08	3714	8
003715_05	3715	5
003715_06	3715	6
003716_01	3716	1
003716_05	3716	5
003716_06	3716	6
003716_08	3716	8
003717_01	3717	1
003717_06	3717	6
003719_05	3719	5
003719_14	3719	14
003720_08	3720	8
003723_08	3723	8
003724_08	3724	8
003724_17	3724	17
003725_03	3725	3
003725_12	3725	12
003726_01	3726	1
003726_16	3726	16
003727_11	3727	11
003727_18	3727	18
003728_06	3728	6
003728_08	3728	8
003728_10	3728	10
003728_16	3728	16
003729_01	3729	1
003729_06	3729	6
003729_08	3729	8
003729_16	3729	16
003730_08	3730	8
003730_13	3730	13
003731_08	3731	8
003731_16	3731	16
003732_11	3732	11
003733_08	3733	8
003735_06	3735	6
003735_08	3735	8
003736_08	3736	8
003737_08	3737	8
003737_18	3737	18
003738_08	3738	8
003739_05	3739	5
003739_14	3739	14
003740_01	3740	1
003740_02	3740	2
003740_05	3740	5
003740_09	3740	9
003741_06	3741	6
003741_08	3741	8
003741_16	3741	16
003742_08	3742	8
003742_17	3742	17
003743_05	3743	5
003743_14	3743	14
003744_01	3744	1
003744_06	3744	6
003744_16	3744	16
003745_01	3745	1
003745_02	3745	2
003745_03	3745	3
003745_04	3745	4
003745_15	3745	15
003746_08	3746	8
003747_08	3747	8
003751_03	3751	3
003751_04	3751	4
003751_05	3751	5
003752_02	3752	2
003752_05	3752	5
003753_01	3753	1
003753_08	3753	8
003753_17	3753	17
003754_02	3754	2
003754_03	3754	3
003754_04	3754	4
003754_05	3754	5
003754_09	3754	9
003755_08	3755	8
003755_16	3755	16
003756_08	3756	8
003758_08	3758	8
003758_15	3758	15
003758_16	3758	16
003760_05	3760	5
003761_01	3761	1
003761_06	3761	6
003761_08	3761	8
003761_16	3761	16
003763_01	3763	1
003763_06	3763	6
003763_16	3763	16
003764_01	3764	1
003764_06	3764	6
003764_16	3764	16
003765_06	3765	6
003765_08	3765	8
003765_14	3765	14
003766_01	3766	1
003766_17	3766	17
003767_01	3767	1
003767_17	3767	17
003768_01	3768	1
003768_17	3768	17
003769_01	3769	1
003770_11	3770	11
003770_15	3770	15
003770_16	3770	16
003771_01	3771	1
003771_02	3771	2
003771_09	3771	9
003773_05	3773	5
003774_05	3774	5
003774_08	3774	8
003774_14	3774	14
003783_06	3783	6
003783_08	3783	8
003784_05	3784	5
003784_09	3784	9
003785_05	3785	5
003785_11	3785	11
003786_05	3786	5
003787_05	3787	5
003788_08	3788	8
003788_13	3788	13
003789_08	3789	8
003790_08	3790	8
003791_08	3791	8
003792_08	3792	8
003792_14	3792	14
003792_18	3792	18
003793_01	3793	1
003793_02	3793	2
003793_15	3793	15
003794_05	3794	5
003794_08	3794	8
003795_08	3795	8
003797_16	3797	16
003798_08	3798	8
003798_11	3798	11
003798_13	3798	13
003799_03	3799	3
003799_04	3799	4
003801_08	3801	8
003801_13	3801	13
003802_01	3802	1
003802_15	3802	15
003806_18	3806	18
003807_02	3807	2
003807_09	3807	9
003808_08	3808	8
003808_17	3808	17
003809_05	3809	5
003810_08	3810	8
003810_16	3810	16
003811_08	3811	8
003811_17	3811	17
003812_05	3812	5
003813_08	3813	8
003814_05	3814	5
003816_08	3816	8
003819_05	3819	5
003821_05	3821	5
003822_08	3822	8
003822_14	3822	14
003823_08	3823	8
003824_08	3824	8
003824_14	3824	14
003825_05	3825	5
003825_08	3825	8
003825_14	3825	14
003826_11	3826	11
003826_15	3826	15
003826_16	3826	16
003827_01	3827	1
003827_02	3827	2
003827_05	3827	5
003827_15	3827	15
003830_05	3830	5
003830_11	3830	11
003830_16	3830	16
003831_05	3831	5
003832_11	3832	11
003833_11	3833	11
003833_15	3833	15
003834_02	3834	2
003834_08	3834	8
003834_14	3834	14
003835_16	3835	16
003836_01	3836	1
003836_05	3836	5
003836_17	3836	17
003837_01	3837	1
003837_09	3837	9
003837_11	3837	11
003837_15	3837	15
003837_16	3837	16
003838_11	3838	11
003839_11	3839	11
003840_11	3840	11
003841_01	3841	1
003841_05	3841	5
003843_11	3843	11
003844_08	3844	8
003845_08	3845	8
003846_05	3846	5
003847_11	3847	11
003849_11	3849	11
003849_13	3849	13
003849_16	3849	16
003851_05	3851	5
003852_05	3852	5
003855_08	3855	8
003855_14	3855	14
003857_16	3857	16
003858_05	3858	5
003859_07	3859	7
003861_05	3861	5
003862_05	3862	5
003863_08	3863	8
003863_11	3863	11
003863_16	3863	16
003864_01	3864	1
003864_02	3864	2
003864_15	3864	15
003865_05	3865	5
003865_07	3865	7
003868_01	3868	1
003868_05	3868	5
003868_06	3868	6
003868_14	3868	14
003869_05	3869	5
003870_08	3870	8
003871_08	3871	8
003871_18	3871	18
003872_08	3872	8
003873_05	3873	5
003873_18	3873	18
003877_01	3877	1
003877_02	3877	2
003877_09	3877	9
003879_01	3879	1
003879_16	3879	16
003882_05	3882	5
003884_05	3884	5
003888_08	3888	8
003888_14	3888	14
003889_01	3889	1
003889_02	3889	2
003889_09	3889	9
003893_05	3893	5
003893_06	3893	6
003893_08	3893	8
003893_14	3893	14
003893_16	3893	16
003894_08	3894	8
003895_06	3895	6
003895_16	3895	16
003896_06	3896	6
003896_16	3896	16
003897_08	3897	8
003898_01	3898	1
003898_05	3898	5
003899_06	3899	6
003899_08	3899	8
003899_16	3899	16
003900_05	3900	5
003900_08	3900	8
003901_05	3901	5
003901_08	3901	8
003906_06	3906	6
003906_16	3906	16
003908_11	3908	11
003909_05	3909	5
003909_14	3909	14
003910_08	3910	8
003910_12	3910	12
003911_05	3911	5
003912_05	3912	5
003912_08	3912	8
003914_08	3914	8
003915_08	3915	8
003916_08	3916	8
003917_11	3917	11
003918_11	3918	11
003919_11	3919	11
003920_08	3920	8
003920_09	3920	9
003920_13	3920	13
003920_14	3920	14
003922_05	3922	5
003925_05	3925	5
003925_08	3925	8
003926_02	3926	2
003926_15	3926	15
003927_02	3927	2
003927_15	3927	15
003928_05	3928	5
003928_11	3928	11
003929_05	3929	5
003930_02	3930	2
003930_11	3930	11
003930_15	3930	15
003932_11	3932	11
003932_15	3932	15
003933_11	3933	11
003933_15	3933	15
003937_15	3937	15
003937_16	3937	16
003938_11	3938	11
003939_11	3939	11
003940_11	3940	11
003941_11	3941	11
003942_11	3942	11
003943_05	3943	5
003945_02	3945	2
003945_03	3945	3
003945_04	3945	4
003946_01	3946	1
003946_08	3946	8
003946_16	3946	16
003947_01	3947	1
003947_06	3947	6
003947_08	3947	8
003947_16	3947	16
003948_05	3948	5
003949_08	3949	8
003950_08	3950	8
003951_08	3951	8
003952_08	3952	8
003952_16	3952	16
003953_05	3953	5
003953_14	3953	14
003955_05	3955	5
003957_01	3957	1
003957_08	3957	8
003958_08	3958	8
003959_01	3959	1
003959_02	3959	2
003959_15	3959	15
003962_05	3962	5
003962_11	3962	11
003963_12	3963	12
003964_03	3964	3
003964_04	3964	4
003965_08	3965	8
003965_10	3965	10
003966_06	3966	6
003966_10	3966	10
003967_08	3967	8
003968_05	3968	5
003969_08	3969	8
003971_05	3971	5
003971_13	3971	13
003972_01	3972	1
003972_05	3972	5
003973_06	3973	6
003973_11	3973	11
003973_13	3973	13
003973_16	3973	16
003974_02	3974	2
003974_04	3974	4
003977_01	3977	1
003977_05	3977	5
003978_08	3978	8
003978_14	3978	14
003979_05	3979	5
003980_08	3980	8
003981_01	3981	1
003981_15	3981	15
003981_16	3981	16
003983_08	3983	8
003983_14	3983	14
003984_01	3984	1
003984_02	3984	2
003984_16	3984	16
003985_08	3985	8
003985_17	3985	17
003986_01	3986	1
003986_15	3986	15
003986_16	3986	16
003987_08	3987	8
003987_14	3987	14
003988_04	3988	4
003988_05	3988	5
003988_09	3988	9
003989_07	3989	7
003990_03	3990	3
003990_04	3990	4
003990_05	3990	5
003991_04	3991	4
003991_05	3991	5
003992_08	3992	8
003992_14	3992	14
003992_17	3992	17
003993_08	3993	8
003993_14	3993	14
003994_08	3994	8
003994_15	3994	15
003996_01	3996	1
003996_08	3996	8
003996_14	3996	14
003997_01	3997	1
003997_02	3997	2
003997_05	3997	5
003997_09	3997	9
003998_08	3998	8
003999_01	3999	1
003999_02	3999	2
004000_02	4000	2
004000_08	4000	8
004002_05	4002	5
004003_05	4003	5
004005_01	4005	1
004005_02	4005	2
004005_16	4005	16
004006_02	4006	2
004006_03	4006	3
004006_04	4006	4
004006_15	4006	15
004007_08	4007	8
004008_08	4008	8
004008_17	4008	17
004009_08	4009	8
004010_05	4010	5
004011_05	4011	5
004011_06	4011	6
004011_16	4011	16
004012_05	4012	5
004012_08	4012	8
004014_08	4014	8
004014_14	4014	14
004015_05	4015	5
004015_15	4015	15
004016_02	4016	2
004016_03	4016	3
004016_04	4016	4
004016_05	4016	5
004016_09	4016	9
004017_08	4017	8
004018_05	4018	5
004018_14	4018	14
004019_08	4019	8
004020_16	4020	16
004021_08	4021	8
004022_08	4022	8
004023_05	4023	5
004023_08	4023	8
004023_14	4023	14
004024_14	4024	14
004025_05	4025	5
004025_06	4025	6
004027_02	4027	2
004027_05	4027	5
004027_06	4027	6
004029_05	4029	5
004029_08	4029	8
004030_11	4030	11
004031_08	4031	8
004031_14	4031	14
004031_18	4031	18
004032_05	4032	5
004033_08	4033	8
004033_16	4033	16
004033_17	4033	17
004034_06	4034	6
004034_08	4034	8
004034_16	4034	16
004035_14	4035	14
004035_18	4035	18
004036_08	4036	8
004036_11	4036	11
004037_06	4037	6
004037_10	4037	10
004037_13	4037	13
004037_16	4037	16
004039_04	4039	4
004039_12	4039	12
004040_05	4040	5
004041_08	4041	8
004041_14	4041	14
004042_01	4042	1
004042_08	4042	8
004042_17	4042	17
004042_18	4042	18
004043_06	4043	6
004043_08	4043	8
004046_08	4046	8
004047_08	4047	8
004047_17	4047	17
004051_11	4051	11
004051_15	4051	15
004052_06	4052	6
004052_08	4052	8
004052_16	4052	16
004053_01	4053	1
004053_05	4053	5
004054_08	4054	8
004054_14	4054	14
004055_08	4055	8
004056_06	4056	6
004056_08	4056	8
004056_13	4056	13
004056_16	4056	16
004061_08	4061	8
004061_14	4061	14
004062_05	4062	5
004062_08	4062	8
004062_14	4062	14
004063_05	4063	5
004063_08	4063	8
004063_14	4063	14
004064_01	4064	1
004064_06	4064	6
004064_16	4064	16
004065_01	4065	1
004065_06	4065	6
004065_08	4065	8
004066_01	4066	1
004066_05	4066	5
004067_08	4067	8
004067_14	4067	14
004068_05	4068	5
004069_05	4069	5
004069_14	4069	14
004074_08	4074	8
004077_08	4077	8
004077_16	4077	16
004078_08	4078	8
004079_05	4079	5
004079_15	4079	15
004080_05	4080	5
004081_05	4081	5
004082_05	4082	5
004082_08	4082	8
004082_14	4082	14
004083_16	4083	16
004084_01	4084	1
004084_05	4084	5
004084_06	4084	6
004084_16	4084	16
004085_01	4085	1
004085_05	4085	5
004085_06	4085	6
004085_08	4085	8
004086_01	4086	1
004086_06	4086	6
004086_13	4086	13
004086_14	4086	14
004086_16	4086	16
004089_05	4089	5
004090_03	4090	3
004090_04	4090	4
004091_05	4091	5
004091_14	4091	14
004092_14	4092	14
004092_15	4092	15
004093_16	4093	16
004102_05	4102	5
004102_07	4102	7
004103_01	4103	1
004103_02	4103	2
004103_08	4103	8
004103_17	4103	17
004104_05	4104	5
004105_09	4105	9
004105_11	4105	11
004105_16	4105	16
004109_08	4109	8
004109_16	4109	16
004110_16	4110	16
004111_08	4111	8
004111_17	4111	17
004113_08	4113	8
004115_05	4115	5
004116_05	4116	5
004117_08	4117	8
004121_01	4121	1
004121_02	4121	2
004121_05	4121	5
004121_15	4121	15
004123_05	4123	5
004124_11	4124	11
004124_16	4124	16
004125_05	4125	5
004125_15	4125	15
004126_08	4126	8
004127_05	4127	5
004128_05	4128	5
004128_11	4128	11
004128_16	4128	16
004129_09	4129	9
004129_14	4129	14
004130_05	4130	5
004130_09	4130	9
004131_05	4131	5
004131_14	4131	14
004131_15	4131	15
004132_05	4132	5
004132_14	4132	14
004133_01	4133	1
004133_02	4133	2
004133_09	4133	9
004133_15	4133	15
004135_02	4135	2
004135_05	4135	5
004135_11	4135	11
004138_05	4138	5
004138_11	4138	11
004139_06	4139	6
004139_08	4139	8
004141_05	4141	5
004141_14	4141	14
004142_01	4142	1
004142_02	4142	2
004142_08	4142	8
004142_16	4142	16
004143_11	4143	11
004143_13	4143	13
004144_08	4144	8
004144_14	4144	14
004146_08	4146	8
004146_13	4146	13
004146_14	4146	14
004147_05	4147	5
004147_08	4147	8
004147_14	4147	14
004148_11	4148	11
004148_16	4148	16
004149_05	4149	5
004149_14	4149	14
004152_08	4152	8
004153_05	4153	5
004153_09	4153	9
004153_14	4153	14
004154_03	4154	3
004154_04	4154	4
004155_08	4155	8
004155_14	4155	14
004156_05	4156	5
004157_05	4157	5
004157_08	4157	8
004157_09	4157	9
004157_14	4157	14
004158_03	4158	3
004158_05	4158	5
004158_09	4158	9
004159_01	4159	1
004159_16	4159	16
004160_08	4160	8
004160_14	4160	14
004161_01	4161	1
004161_05	4161	5
004164_08	4164	8
004166_01	4166	1
004166_08	4166	8
004167_16	4167	16
004168_05	4168	5
004168_14	4168	14
004171_07	4171	7
004174_08	4174	8
004175_05	4175	5
004175_08	4175	8
004178_08	4178	8
004180_01	4180	1
004180_08	4180	8
004181_05	4181	5
004184_05	4184	5
004184_08	4184	8
004184_14	4184	14
004187_08	4187	8
004189_08	4189	8
004190_08	4190	8
004191_05	4191	5
004191_08	4191	8
004191_14	4191	14
004193_12	4193	12
004194_08	4194	8
004194_14	4194	14
004194_17	4194	17
004195_11	4195	11
004195_13	4195	13
004197_05	4197	5
004198_15	4198	15
004200_01	4200	1
004202_08	4202	8
004203_01	4203	1
004203_06	4203	6
004203_08	4203	8
004204_05	4204	5
004205_05	4205	5
004205_08	4205	8
004205_14	4205	14
004207_01	4207	1
004207_02	4207	2
004207_17	4207	17
004210_01	4210	1
004210_06	4210	6
004210_08	4210	8
004210_11	4210	11
004210_16	4210	16
004211_08	4211	8
004212_06	4212	6
004212_13	4212	13
004214_05	4214	5
004215_05	4215	5
004217_07	4217	7
004218_06	4218	6
004218_08	4218	8
004219_05	4219	5
004220_05	4220	5
004221_05	4221	5
004223_08	4223	8
004223_17	4223	17
004224_01	4224	1
004224_16	4224	16
004225_05	4225	5
004226_13	4226	13
004226_16	4226	16
004228_05	4228	5
004228_06	4228	6
004228_14	4228	14
004229_05	4229	5
004229_14	4229	14
004231_05	4231	5
004231_14	4231	14
004232_01	4232	1
004232_02	4232	2
004232_04	4232	4
004232_05	4232	5
004233_05	4233	5
004234_08	4234	8
004234_16	4234	16
004235_08	4235	8
004235_16	4235	16
004236_07	4236	7
004237_07	4237	7
004238_01	4238	1
004238_06	4238	6
004238_13	4238	13
004238_16	4238	16
004239_06	4239	6
004239_08	4239	8
004240_05	4240	5
004240_09	4240	9
004241_03	4241	3
004241_04	4241	4
004242_05	4242	5
004242_06	4242	6
004242_08	4242	8
004242_16	4242	16
004243_06	4243	6
004243_08	4243	8
004243_13	4243	13
004246_05	4246	5
004246_08	4246	8
004246_14	4246	14
004247_02	4247	2
004247_05	4247	5
004247_13	4247	13
004247_14	4247	14
004248_05	4248	5
004251_08	4251	8
004251_16	4251	16
004252_08	4252	8
004254_05	4254	5
004254_08	4254	8
004255_05	4255	5
004256_08	4256	8
004259_08	4259	8
004259_14	4259	14
004260_08	4260	8
004262_01	4262	1
004262_06	4262	6
004262_08	4262	8
004263_08	4263	8
004265_01	4265	1
004265_16	4265	16
004267_05	4267	5
004268_05	4268	5
004270_01	4270	1
004270_02	4270	2
004270_05	4270	5
004270_16	4270	16
004273_08	4273	8
004275_01	4275	1
004275_02	4275	2
004275_09	4275	9
004275_15	4275	15
004276_05	4276	5
004278_07	4278	7
004280_05	4280	5
004280_08	4280	8
004280_14	4280	14
004282_08	4282	8
004282_09	4282	9
004284_05	4284	5
004285_05	4285	5
004285_14	4285	14
004289_05	4289	5
004289_08	4289	8
004290_05	4290	5
004290_08	4290	8
004290_12	4290	12
004291_05	4291	5
004291_06	4291	6
004292_08	4292	8
004293_05	4293	5
004294_04	4294	4
004294_09	4294	9
004294_12	4294	12
004296_08	4296	8
004296_14	4296	14
004297_08	4297	8
004298_06	4298	6
004298_10	4298	10
004298_16	4298	16
004299_01	4299	1
004299_05	4299	5
004299_14	4299	14
004300_08	4300	8
004304_07	4304	7
004305_14	4305	14
004305_16	4305	16
004306_02	4306	2
004306_03	4306	3
004306_04	4306	4
004306_05	4306	5
004306_09	4306	9
004306_14	4306	14
004307_05	4307	5
004307_14	4307	14
004308_08	4308	8
004308_12	4308	12
004308_14	4308	14
004310_01	4310	1
004310_08	4310	8
004310_14	4310	14
004310_17	4310	17
004312_02	4312	2
004312_08	4312	8
004313_08	4313	8
004316_08	4316	8
004317_05	4317	5
004317_14	4317	14
004321_05	4321	5
004321_18	4321	18
004322_08	4322	8
004323_02	4323	2
004323_17	4323	17
004323_18	4323	18
004325_08	4325	8
004326_06	4326	6
004326_08	4326	8
004326_16	4326	16
004327_02	4327	2
004327_18	4327	18
004329_18	4329	18
004333_05	4333	5
004333_06	4333	6
004334_08	4334	8
004337_08	4337	8
004337_14	4337	14
004337_17	4337	17
004338_08	4338	8
004338_17	4338	17
004339_01	4339	1
004339_02	4339	2
004339_08	4339	8
004339_17	4339	17
004340_05	4340	5
004342_08	4342	8
004342_14	4342	14
004343_05	4343	5
004343_15	4343	15
004344_01	4344	1
004344_06	4344	6
004344_08	4344	8
004345_08	4345	8
004347_05	4347	5
004347_08	4347	8
004349_05	4349	5
004349_17	4349	17
004350_05	4350	5
004350_07	4350	7
004351_01	4351	1
004351_06	4351	6
004351_16	4351	16
004353_01	4353	1
004353_17	4353	17
004354_06	4354	6
004354_16	4354	16
004355_01	4355	1
004355_08	4355	8
004356_05	4356	5
004356_12	4356	12
004356_14	4356	14
004357_05	4357	5
004357_08	4357	8
004357_14	4357	14
004359_05	4359	5
004361_05	4361	5
004361_14	4361	14
004366_02	4366	2
004366_03	4366	3
004366_04	4366	4
004366_09	4366	9
004367_01	4367	1
004367_02	4367	2
004368_05	4368	5
004369_01	4369	1
004369_06	4369	6
004369_16	4369	16
004370_02	4370	2
004370_08	4370	8
004370_15	4370	15
004371_06	4371	6
004371_08	4371	8
004372_08	4372	8
004372_14	4372	14
004373_05	4373	5
004374_05	4374	5
004374_14	4374	14
004378_06	4378	6
004378_08	4378	8
004380_08	4380	8
004380_14	4380	14
004381_05	4381	5
004383_06	4383	6
004383_08	4383	8
004383_13	4383	13
004383_16	4383	16
004384_08	4384	8
004386_04	4386	4
004386_05	4386	5
004387_01	4387	1
004388_05	4388	5
004389_08	4389	8
004390_06	4390	6
004390_08	4390	8
004390_16	4390	16
004392_05	4392	5
004392_08	4392	8
004392_09	4392	9
004392_14	4392	14
004393_08	4393	8
004394_05	4394	5
004394_12	4394	12
004395_05	4395	5
004395_06	4395	6
004396_01	4396	1
004396_05	4396	5
004397_01	4397	1
004397_05	4397	5
004399_05	4399	5
004399_08	4399	8
004402_05	4402	5
004403_11	4403	11
004404_08	4404	8
004404_09	4404	9
004404_11	4404	11
004406_06	4406	6
004406_08	4406	8
004406_18	4406	18
004407_08	4407	8
004407_16	4407	16
004407_17	4407	17
004408_08	4408	8
004409_05	4409	5
004409_08	4409	8
004409_13	4409	13
004409_16	4409	16
004410_05	4410	5
004410_06	4410	6
004410_08	4410	8
004412_05	4412	5
004412_11	4412	11
004412_15	4412	15
004419_08	4419	8
004419_14	4419	14
004420_08	4420	8
004422_08	4422	8
004424_08	4424	8
004426_10	4426	10
004427_08	4427	8
004428_05	4428	5
004428_08	4428	8
004428_14	4428	14
004428_18	4428	18
004429_08	4429	8
004432_08	4432	8
004432_10	4432	10
004433_08	4433	8
004434_01	4434	1
004434_05	4434	5
004434_15	4434	15
004434_16	4434	16
004436_13	4436	13
004436_16	4436	16
004437_11	4437	11
004438_01	4438	1
004438_08	4438	8
004438_14	4438	14
004438_16	4438	16
004439_08	4439	8
004440_01	4440	1
004440_16	4440	16
004441_01	4441	1
004442_01	4442	1
004442_05	4442	5
004442_08	4442	8
004443_01	4443	1
004443_15	4443	15
004443_16	4443	16
004444_01	4444	1
004444_06	4444	6
004445_02	4445	2
004445_07	4445	7
004445_19	4445	19
004446_02	4446	2
004446_03	4446	3
004446_09	4446	9
004446_15	4446	15
004447_05	4447	5
004447_14	4447	14
004448_01	4448	1
004448_08	4448	8
004449_08	4449	8
004450_06	4450	6
004450_08	4450	8
004450_16	4450	16
004451_05	4451	5
004451_08	4451	8
004451_14	4451	14
004452_05	4452	5
004453_07	4453	7
004453_19	4453	19
004454_03	4454	3
004454_08	4454	8
004454_15	4454	15
004454_19	4454	19
004458_07	4458	7
004458_19	4458	19
004459_07	4459	7
004459_19	4459	19
004462_05	4462	5
004462_09	4462	9
004463_08	4463	8
004463_17	4463	17
004464_05	4464	5
004464_08	4464	8
004464_14	4464	14
004465_08	4465	8
004466_01	4466	1
004466_06	4466	6
004466_08	4466	8
004467_02	4467	2
004467_05	4467	5
004467_09	4467	9
004470_08	4470	8
004471_05	4471	5
004471_14	4471	14
004473_08	4473	8
004473_17	4473	17
004474_05	4474	5
004474_08	4474	8
004474_12	4474	12
004475_08	4475	8
004475_17	4475	17
004476_05	4476	5
004477_02	4477	2
004477_04	4477	4
004477_05	4477	5
004478_05	4478	5
004478_08	4478	8
004480_11	4480	11
004480_15	4480	15
004482_08	4482	8
004483_05	4483	5
004484_08	4484	8
004487_08	4487	8
004487_14	4487	14
004488_01	4488	1
004488_06	4488	6
004488_08	4488	8
004489_05	4489	5
004489_14	4489	14
004490_05	4490	5
004492_05	4492	5
004492_15	4492	15
004495_05	4495	5
004495_14	4495	14
004496_10	4496	10
004496_13	4496	13
004496_16	4496	16
004497_01	4497	1
004497_05	4497	5
004497_11	4497	11
004497_15	4497	15
004498_01	4498	1
004498_06	4498	6
004498_16	4498	16
004499_05	4499	5
004500_05	4500	5
004500_08	4500	8
004502_04	4502	4
004502_05	4502	5
004504_05	4504	5
004505_08	4505	8
004505_14	4505	14
004506_06	4506	6
004506_13	4506	13
004506_16	4506	16
004508_08	4508	8
004509_05	4509	5
004511_05	4511	5
004516_05	4516	5
004517_11	4517	11
004517_13	4517	13
004517_16	4517	16
004518_05	4518	5
004518_11	4518	11
004519_02	4519	2
004519_03	4519	3
004519_04	4519	4
004519_09	4519	9
004520_05	4520	5
004521_08	4521	8
004522_13	4522	13
004522_14	4522	14
004522_16	4522	16
004523_05	4523	5
004523_08	4523	8
004523_09	4523	9
004524_05	4524	5
004526_05	4526	5
004526_14	4526	14
004526_15	4526	15
004527_05	4527	5
004527_14	4527	14
004529_05	4529	5
004529_08	4529	8
004531_01	4531	1
004533_05	4533	5
004533_11	4533	11
004533_15	4533	15
004534_02	4534	2
004534_08	4534	8
004534_18	4534	18
004535_08	4535	8
004535_14	4535	14
004535_18	4535	18
004537_08	4537	8
004541_11	4541	11
004544_05	4544	5
004544_15	4544	15
004545_05	4545	5
004545_15	4545	15
004546_08	4546	8
004546_16	4546	16
004552_01	4552	1
004552_11	4552	11
004552_15	4552	15
004552_16	4552	16
004553_01	4553	1
004553_15	4553	15
004553_16	4553	16
004557_08	4557	8
004558_05	4558	5
004562_05	4562	5
004562_13	4562	13
004563_05	4563	5
004564_08	4564	8
004564_09	4564	9
004564_14	4564	14
004565_01	4565	1
004565_02	4565	2
004568_01	4568	1
004571_02	4571	2
004571_05	4571	5
004571_15	4571	15
004572_01	4572	1
004572_06	4572	6
004572_08	4572	8
004573_05	4573	5
004573_08	4573	8
004574_01	4574	1
004574_16	4574	16
004577_08	4577	8
004577_17	4577	17
004578_05	4578	5
004578_14	4578	14
004580_01	4580	1
004580_15	4580	15
004581_08	4581	8
004583_01	4583	1
004583_05	4583	5
004584_05	4584	5
004584_08	4584	8
004584_14	4584	14
004585_05	4585	5
004587_05	4587	5
004587_12	4587	12
004587_15	4587	15
004589_08	4589	8
004589_12	4589	12
004589_13	4589	13
004591_02	4591	2
004591_05	4591	5
004591_09	4591	9
004593_05	4593	5
004594_01	4594	1
004594_17	4594	17
004595_08	4595	8
004597_01	4597	1
004597_08	4597	8
004597_13	4597	13
004599_08	4599	8
004600_05	4600	5
004600_08	4600	8
004602_05	4602	5
004602_06	4602	6
004602_14	4602	14
004603_05	4603	5
004603_14	4603	14
004605_05	4605	5
004605_09	4605	9
004608_06	4608	6
004608_08	4608	8
004610_05	4610	5
004610_06	4610	6
004610_13	4610	13
004610_16	4610	16
004611_06	4611	6
004611_08	4611	8
004612_08	4612	8
004613_01	4613	1
004613_05	4613	5
004613_06	4613	6
004614_01	4614	1
004615_08	4615	8
004616_08	4616	8
004617_05	4617	5
004619_05	4619	5
004621_05	4621	5
004621_14	4621	14
004622_05	4622	5
004623_05	4623	5
004624_03	4624	3
004624_05	4624	5
004624_12	4624	12
004625_08	4625	8
004625_15	4625	15
004625_16	4625	16
004626_08	4626	8
004626_14	4626	14
004626_15	4626	15
004628_05	4628	5
004628_08	4628	8
004629_01	4629	1
004629_06	4629	6
004629_16	4629	16
004630_01	4630	1
004632_01	4632	1
004632_16	4632	16
004634_02	4634	2
004634_05	4634	5
004635_01	4635	1
004635_05	4635	5
004635_08	4635	8
004636_01	4636	1
004638_01	4638	1
004638_02	4638	2
004638_15	4638	15
004638_16	4638	16
004639_05	4639	5
004639_14	4639	14
004640_01	4640	1
004640_06	4640	6
004640_16	4640	16
004641_05	4641	5
004641_08	4641	8
004642_05	4642	5
004642_08	4642	8
004642_12	4642	12
004643_01	4643	1
004643_02	4643	2
004643_08	4643	8
004643_15	4643	15
004644_05	4644	5
004644_08	4644	8
004644_14	4644	14
004645_06	4645	6
004645_11	4645	11
004645_16	4645	16
004646_05	4646	5
004646_08	4646	8
004649_05	4649	5
004653_02	4653	2
004653_05	4653	5
004654_01	4654	1
004654_08	4654	8
004658_08	4658	8
004658_11	4658	11
004658_13	4658	13
004658_16	4658	16
004660_05	4660	5
004661_06	4661	6
004661_08	4661	8
004661_16	4661	16
004662_05	4662	5
004662_06	4662	6
004663_05	4663	5
004666_05	4666	5
004670_11	4670	11
004670_16	4670	16
004671_08	4671	8
004672_05	4672	5
004672_14	4672	14
004673_01	4673	1
004673_05	4673	5
004673_06	4673	6
004673_16	4673	16
004675_01	4675	1
004675_05	4675	5
004676_05	4676	5
004677_05	4677	5
004677_06	4677	6
004678_05	4678	5
004679_05	4679	5
004681_05	4681	5
004681_08	4681	8
004683_02	4683	2
004683_04	4683	4
004683_05	4683	5
004683_08	4683	8
004686_02	4686	2
004686_05	4686	5
004687_05	4687	5
004688_02	4688	2
004688_08	4688	8
004689_13	4689	13
004689_16	4689	16
004690_06	4690	6
004690_12	4690	12
004695_06	4695	6
004695_08	4695	8
004697_05	4697	5
004697_11	4697	11
004699_08	4699	8
004699_14	4699	14
004699_16	4699	16
004700_04	4700	4
004700_05	4700	5
004700_14	4700	14
004701_01	4701	1
004701_05	4701	5
004703_08	4703	8
004704_02	4704	2
004704_05	4704	5
004705_05	4705	5
004708_08	4708	8
004708_12	4708	12
004709_05	4709	5
004709_12	4709	12
004709_18	4709	18
004710_08	4710	8
004710_18	4710	18
004711_07	4711	7
004713_08	4713	8
004713_15	4713	15
004714_05	4714	5
004715_11	4715	11
004717_01	4717	1
004717_05	4717	5
004718_05	4718	5
004719_01	4719	1
004719_03	4719	3
004719_05	4719	5
004719_06	4719	6
004719_08	4719	8
004719_14	4719	14
004719_16	4719	16
004720_08	4720	8
004720_11	4720	11
004720_13	4720	13
004720_16	4720	16
004721_01	4721	1
004721_05	4721	5
004721_18	4721	18
004722_05	4722	5
004723_08	4723	8
004725_11	4725	11
004725_16	4725	16
004727_08	4727	8
004727_14	4727	14
004727_17	4727	17
004728_05	4728	5
004732_05	4732	5
004733_05	4733	5
004734_02	4734	2
004734_05	4734	5
004735_11	4735	11
004735_15	4735	15
004735_16	4735	16
004736_05	4736	5
004736_08	4736	8
004736_14	4736	14
004738_14	4738	14
004738_15	4738	15
004740_05	4740	5
004740_14	4740	14
004741_05	4741	5
004741_08	4741	8
004741_14	4741	14
004743_05	4743	5
004743_14	4743	14
004744_11	4744	11
004745_08	4745	8
004748_01	4748	1
004748_04	4748	4
004748_05	4748	5
004749_01	4749	1
004749_04	4749	4
004749_05	4749	5
004750_01	4750	1
004750_04	4750	4
004754_08	4754	8
004754_11	4754	11
004754_13	4754	13
004754_16	4754	16
004756_01	4756	1
004756_02	4756	2
004756_08	4756	8
004756_14	4756	14
004757_05	4757	5
004757_08	4757	8
004757_12	4757	12
004759_05	4759	5
004759_08	4759	8
004765_08	4765	8
004766_06	4766	6
004766_08	4766	8
004766_14	4766	14
004769_07	4769	7
004770_16	4770	16
004771_08	4771	8
004772_08	4772	8
004773_05	4773	5
004774_05	4774	5
004774_06	4774	6
004775_08	4775	8
004775_12	4775	12
004775_14	4775	14
004776_06	4776	6
004776_08	4776	8
004776_16	4776	16
004777_05	4777	5
004777_12	4777	12
004777_15	4777	15
004780_08	4780	8
004782_05	4782	5
004782_14	4782	14
004783_07	4783	7
004784_08	4784	8
004785_08	4785	8
004785_18	4785	18
004786_11	4786	11
004786_16	4786	16
004787_08	4787	8
004788_08	4788	8
004788_14	4788	14
004789_05	4789	5
004789_09	4789	9
004789_11	4789	11
004789_12	4789	12
004789_16	4789	16
004792_11	4792	11
004794_06	4794	6
004794_11	4794	11
004794_13	4794	13
004795_02	4795	2
004795_05	4795	5
004795_14	4795	14
004795_17	4795	17
004796_05	4796	5
004796_14	4796	14
004798_05	4798	5
004798_14	4798	14
004799_01	4799	1
004799_02	4799	2
004799_05	4799	5
004799_06	4799	6
004800_01	4800	1
004800_02	4800	2
004800_08	4800	8
004800_14	4800	14
004800_16	4800	16
004801_08	4801	8
004802_01	4802	1
004802_05	4802	5
004802_14	4802	14
004802_17	4802	17
004803_08	4803	8
004803_16	4803	16
004804_05	4804	5
004804_08	4804	8
004808_13	4808	13
004808_16	4808	16
004809_08	4809	8
004810_08	4810	8
004811_08	4811	8
004811_12	4811	12
004812_02	4812	2
004812_15	4812	15
004813_15	4813	15
004814_16	4814	16
004815_08	4815	8
004816_05	4816	5
004818_01	4818	1
004818_02	4818	2
004818_05	4818	5
004818_08	4818	8
004821_02	4821	2
004821_16	4821	16
004822_04	4822	4
004822_05	4822	5
004823_05	4823	5
004823_14	4823	14
004825_05	4825	5
004825_08	4825	8
004826_01	4826	1
004826_02	4826	2
004826_08	4826	8
004826_17	4826	17
004827_11	4827	11
004828_05	4828	5
004828_14	4828	14
004830_06	4830	6
004830_08	4830	8
004831_05	4831	5
004831_12	4831	12
004833_11	4833	11
004833_13	4833	13
004833_16	4833	16
004835_08	4835	8
004836_08	4836	8
004836_14	4836	14
004840_08	4840	8
004840_14	4840	14
004844_05	4844	5
004844_06	4844	6
004844_14	4844	14
004845_05	4845	5
004845_06	4845	6
004846_01	4846	1
004846_05	4846	5
004847_08	4847	8
004848_06	4848	6
004848_08	4848	8
004848_10	4848	10
004848_13	4848	13
004848_16	4848	16
004849_05	4849	5
004849_08	4849	8
004850_01	4850	1
004850_03	4850	3
004850_15	4850	15
004852_11	4852	11
004855_01	4855	1
004855_06	4855	6
004855_16	4855	16
004857_08	4857	8
004857_12	4857	12
004860_05	4860	5
004862_08	4862	8
004863_05	4863	5
004863_06	4863	6
004864_07	4864	7
004864_19	4864	19
004865_06	4865	6
004865_11	4865	11
004865_13	4865	13
004865_16	4865	16
004866_01	4866	1
004867_05	4867	5
004867_08	4867	8
004871_08	4871	8
004873_03	4873	3
004873_08	4873	8
004873_09	4873	9
004874_08	4874	8
004874_09	4874	9
004874_13	4874	13
004874_15	4874	15
004876_11	4876	11
004876_16	4876	16
004877_05	4877	5
004877_14	4877	14
004878_08	4878	8
004878_13	4878	13
004878_15	4878	15
004878_16	4878	16
004879_01	4879	1
004879_05	4879	5
004879_06	4879	6
004879_08	4879	8
004880_08	4880	8
004881_06	4881	6
004881_08	4881	8
004883_08	4883	8
004885_16	4885	16
004886_02	4886	2
004886_03	4886	3
004886_04	4886	4
004886_05	4886	5
004886_09	4886	9
004887_01	4887	1
004887_15	4887	15
004887_16	4887	16
004888_08	4888	8
004889_06	4889	6
004889_08	4889	8
004890_05	4890	5
004890_09	4890	9
004890_14	4890	14
004893_11	4893	11
004893_16	4893	16
004896_02	4896	2
004896_04	4896	4
004896_09	4896	9
004898_05	4898	5
004898_06	4898	6
004898_13	4898	13
004898_16	4898	16
004899_02	4899	2
004899_05	4899	5
004899_09	4899	9
004900_05	4900	5
004901_01	4901	1
004901_06	4901	6
004901_08	4901	8
004901_16	4901	16
004902_08	4902	8
004902_09	4902	9
004902_11	4902	11
004902_16	4902	16
004902_17	4902	17
004903_08	4903	8
004909_05	4909	5
004909_15	4909	15
004911_02	4911	2
004911_05	4911	5
004911_09	4911	9
004912_08	4912	8
004912_12	4912	12
004912_14	4912	14
004914_06	4914	6
004914_08	4914	8
004914_14	4914	14
004915_01	4915	1
004915_02	4915	2
004915_09	4915	9
004916_08	4916	8
004916_17	4916	17
004917_08	4917	8
004919_06	4919	6
004919_08	4919	8
004919_14	4919	14
004919_16	4919	16
004920_08	4920	8
004920_14	4920	14
004921_08	4921	8
004921_14	4921	14
004925_05	4925	5
004926_05	4926	5
004926_08	4926	8
004926_12	4926	12
004927_09	4927	9
004927_13	4927	13
004927_16	4927	16
004928_08	4928	8
004929_05	4929	5
004932_13	4932	13
004932_16	4932	16
004936_08	4936	8
004936_12	4936	12
004939_01	4939	1
004939_15	4939	15
004941_01	4941	1
004941_02	4941	2
004941_15	4941	15
004942_15	4942	15
004945_06	4945	6
004946_01	4946	1
004946_06	4946	6
004946_16	4946	16
004947_01	4947	1
004951_02	4951	2
004951_08	4951	8
004951_16	4951	16
004952_05	4952	5
004952_15	4952	15
004953_02	4953	2
004953_15	4953	15
004954_05	4954	5
004954_06	4954	6
004956_01	4956	1
004956_02	4956	2
004956_05	4956	5
004956_08	4956	8
004956_14	4956	14
004956_16	4956	16
004957_06	4957	6
004957_16	4957	16
004958_01	4958	1
004958_08	4958	8
004958_17	4958	17
004959_08	4959	8
004961_07	4961	7
004962_02	4962	2
004962_18	4962	18
004963_06	4963	6
004963_16	4963	16
004964_02	4964	2
004964_08	4964	8
004964_14	4964	14
004965_01	4965	1
004965_08	4965	8
004965_16	4965	16
004966_15	4966	15
004966_16	4966	16
004967_08	4967	8
004967_17	4967	17
004969_06	4969	6
004969_13	4969	13
004970_08	4970	8
004971_05	4971	5
004971_08	4971	8
004973_05	4973	5
004973_14	4973	14
004974_05	4974	5
004975_13	4975	13
004975_14	4975	14
004975_15	4975	15
004975_16	4975	16
004976_08	4976	8
004977_08	4977	8
004978_08	4978	8
004978_13	4978	13
004978_16	4978	16
004979_05	4979	5
004979_08	4979	8
004980_02	4980	2
004980_05	4980	5
004980_09	4980	9
004980_15	4980	15
004981_05	4981	5
004985_01	4985	1
004985_02	4985	2
004985_09	4985	9
004987_01	4987	1
004987_02	4987	2
004987_15	4987	15
004988_02	4988	2
004989_05	4989	5
004990_02	4990	2
004990_03	4990	3
004990_04	4990	4
004990_05	4990	5
004991_05	4991	5
004991_08	4991	8
004991_14	4991	14
004992_05	4992	5
004992_14	4992	14
004993_02	4993	2
004993_09	4993	9
004994_05	4994	5
004994_08	4994	8
004994_14	4994	14
004995_08	4995	8
004995_14	4995	14
004998_02	4998	2
004998_06	4998	6
004998_08	4998	8
004998_16	4998	16
005004_05	5004	5
005007_02	5007	2
005007_05	5007	5
005007_16	5007	16
005008_08	5008	8
005008_13	5008	13
005008_16	5008	16
005009_08	5009	8
005010_01	5010	1
005010_08	5010	8
005010_17	5010	17
005011_08	5011	8
005011_14	5011	14
005012_08	5012	8
005012_12	5012	12
005012_14	5012	14
005013_05	5013	5
005013_08	5013	8
005013_13	5013	13
005014_08	5014	8
005015_08	5015	8
005015_14	5015	14
005016_08	5016	8
005021_05	5021	5
005021_06	5021	6
005021_13	5021	13
005021_16	5021	16
005023_08	5023	8
005025_05	5025	5
005026_01	5026	1
005026_13	5026	13
005026_16	5026	16
005027_01	5027	1
005027_05	5027	5
005027_06	5027	6
005027_08	5027	8
005027_16	5027	16
005028_08	5028	8
005033_08	5033	8
005033_16	5033	16
005034_08	5034	8
005034_14	5034	14
005039_01	5039	1
005039_02	5039	2
005039_09	5039	9
005040_01	5040	1
005040_02	5040	2
005040_09	5040	9
005041_03	5041	3
005041_09	5041	9
005046_01	5046	1
005046_08	5046	8
005046_15	5046	15
005046_16	5046	16
005047_01	5047	1
005047_05	5047	5
005048_02	5048	2
005048_04	5048	4
005048_05	5048	5
005049_01	5049	1
005049_05	5049	5
005049_06	5049	6
005049_08	5049	8
005051_05	5051	5
005051_08	5051	8
005051_14	5051	14
005053_05	5053	5
005054_15	5054	15
005054_16	5054	16
005055_01	5055	1
005055_08	5055	8
005059_07	5059	7
005060_05	5060	5
005060_08	5060	8
005060_17	5060	17
005062_13	5062	13
005062_15	5062	15
005062_16	5062	16
005063_18	5063	18
005064_01	5064	1
005064_02	5064	2
005064_08	5064	8
005064_16	5064	16
005065_08	5065	8
005065_09	5065	9
005065_11	5065	11
005065_13	5065	13
005065_16	5065	16
005066_08	5066	8
005066_14	5066	14
005068_08	5068	8
005069_01	5069	1
005069_02	5069	2
005069_03	5069	3
005069_08	5069	8
005069_09	5069	9
005071_08	5071	8
005071_14	5071	14
005072_03	5072	3
005072_15	5072	15
005073_08	5073	8
005074_05	5074	5
005074_08	5074	8
005075_05	5075	5
005076_02	5076	2
005076_04	5076	4
005076_05	5076	5
005076_08	5076	8
005077_05	5077	5
005077_14	5077	14
005080_05	5080	5
005081_08	5081	8
005081_14	5081	14
005083_05	5083	5
005083_08	5083	8
005088_05	5088	5
005088_06	5088	6
005088_08	5088	8
005092_04	5092	4
005092_05	5092	5
005093_01	5093	1
005093_16	5093	16
005094_01	5094	1
005094_15	5094	15
005095_05	5095	5
005095_06	5095	6
005096_05	5096	5
005099_04	5099	4
005099_08	5099	8
005102_05	5102	5
005102_09	5102	9
005103_04	5103	4
005103_05	5103	5
005103_08	5103	8
005105_08	5105	8
005105_11	5105	11
005105_16	5105	16
005106_05	5106	5
005106_12	5106	12
005106_14	5106	14
005107_08	5107	8
005107_17	5107	17
005108_06	5108	6
005108_08	5108	8
005108_16	5108	16
005109_02	5109	2
005109_03	5109	3
005109_04	5109	4
005110_05	5110	5
005110_06	5110	6
005110_13	5110	13
005111_08	5111	8
005111_16	5111	16
005112_08	5112	8
005113_05	5113	5
005113_06	5113	6
005114_08	5114	8
005116_05	5116	5
005120_05	5120	5
005120_13	5120	13
005120_16	5120	16
005121_05	5121	5
005121_08	5121	8
005127_08	5127	8
005127_09	5127	9
005127_13	5127	13
005127_14	5127	14
005127_16	5127	16
005128_09	5128	9
005128_11	5128	11
005131_05	5131	5
005131_08	5131	8
005134_05	5134	5
005134_08	5134	8
005135_05	5135	5
005135_14	5135	14
005136_08	5136	8
005136_11	5136	11
005137_07	5137	7
005139_05	5139	5
005146_03	5146	3
005146_09	5146	9
005146_11	5146	11
005146_15	5146	15
005147_08	5147	8
005151_05	5151	5
005151_14	5151	14
005152_01	5152	1
005152_08	5152	8
005152_17	5152	17
005155_01	5155	1
005156_01	5156	1
005159_03	5159	3
005159_04	5159	4
005159_05	5159	5
005159_12	5159	12
005165_11	5165	11
005168_05	5168	5
005168_12	5168	12
005168_14	5168	14
005170_01	5170	1
005170_05	5170	5
005170_06	5170	6
005171_01	5171	1
005171_02	5171	2
005171_15	5171	15
005177_08	5177	8
005177_14	5177	14
005178_06	5178	6
005178_08	5178	8
005181_01	5181	1
005181_15	5181	15
005181_16	5181	16
005187_05	5187	5
005189_11	5189	11
005189_15	5189	15
005197_08	5197	8
005198_08	5198	8
005198_16	5198	16
005202_08	5202	8
005205_05	5205	5
005205_11	5205	11
005209_01	5209	1
005209_02	5209	2
005209_16	5209	16
005212_01	5212	1
005213_05	5213	5
005214_05	5214	5
005214_09	5214	9
005218_02	5218	2
005218_03	5218	3
005218_04	5218	4
005218_05	5218	5
005219_01	5219	1
005219_11	5219	11
005219_15	5219	15
005219_16	5219	16
005220_01	5220	1
005220_05	5220	5
005221_08	5221	8
005222_05	5222	5
005222_14	5222	14
005224_07	5224	7
005225_08	5225	8
005225_14	5225	14
005226_08	5226	8
005226_14	5226	14
005231_05	5231	5
005237_08	5237	8
005238_08	5238	8
005239_07	5239	7
005239_08	5239	8
005240_01	5240	1
005240_08	5240	8
005241_05	5241	5
005241_14	5241	14
005244_01	5244	1
005244_02	5244	2
005246_01	5246	1
005246_05	5246	5
005247_01	5247	1
005247_05	5247	5
005248_01	5248	1
005248_05	5248	5
005250_05	5250	5
005254_01	5254	1
005254_11	5254	11
005254_16	5254	16
005255_05	5255	5
005256_08	5256	8
005258_08	5258	8
005264_01	5264	1
005264_02	5264	2
005264_15	5264	15
005264_16	5264	16
005265_05	5265	5
005265_06	5265	6
005265_08	5265	8
005266_16	5266	16
005267_08	5267	8
005268_08	5268	8
005268_09	5268	9
005268_14	5268	14
005269_08	5269	8
005272_08	5272	8
005275_08	5275	8
005278_05	5278	5
005278_14	5278	14
005279_05	5279	5
005279_14	5279	14
005282_16	5282	16
005283_05	5283	5
005284_05	5284	5
005284_14	5284	14
005285_05	5285	5
005285_06	5285	6
005288_07	5288	7
005288_17	5288	17
005291_06	5291	6
005291_08	5291	8
005291_13	5291	13
005292_05	5292	5
005293_08	5293	8
005293_16	5293	16
005294_06	5294	6
005294_08	5294	8
005294_16	5294	16
005296_05	5296	5
005296_14	5296	14
005297_08	5297	8
005297_16	5297	16
005298_05	5298	5
005298_14	5298	14
005299_05	5299	5
005299_14	5299	14
005300_01	5300	1
005300_02	5300	2
005300_08	5300	8
005300_16	5300	16
005300_18	5300	18
005303_05	5303	5
005303_14	5303	14
005304_08	5304	8
005304_17	5304	17
005307_05	5307	5
005308_05	5308	5
005309_05	5309	5
005309_14	5309	14
005311_04	5311	4
005311_11	5311	11
005311_13	5311	13
005311_16	5311	16
005312_06	5312	6
005312_16	5312	16
005313_01	5313	1
005313_02	5313	2
005313_09	5313	9
005313_16	5313	16
005316_14	5316	14
005316_16	5316	16
005319_06	5319	6
005319_16	5319	16
005321_05	5321	5
005322_08	5322	8
005323_11	5323	11
005323_15	5323	15
005323_16	5323	16
005324_05	5324	5
005324_14	5324	14
005325_07	5325	7
005328_08	5328	8
005328_14	5328	14
005329_06	5329	6
005329_08	5329	8
005329_16	5329	16
005333_06	5333	6
005333_08	5333	8
005334_05	5334	5
005334_06	5334	6
005337_05	5337	5
005338_08	5338	8
005339_05	5339	5
005339_08	5339	8
005341_08	5341	8
005345_08	5345	8
005346_08	5346	8
005346_14	5346	14
005347_08	5347	8
005348_05	5348	5
005348_08	5348	8
005349_01	5349	1
005349_02	5349	2
005349_15	5349	15
005349_16	5349	16
005353_05	5353	5
005353_08	5353	8
005356_11	5356	11
005356_15	5356	15
005357_02	5357	2
005358_02	5358	2
005361_02	5361	2
005363_05	5363	5
005364_08	5364	8
005364_16	5364	16
005365_08	5365	8
005365_14	5365	14
005372_12	5372	12
005372_18	5372	18
005373_08	5373	8
005373_14	5373	14
005373_17	5373	17
005375_05	5375	5
005375_12	5375	12
005375_18	5375	18
005377_05	5377	5
005377_08	5377	8
005377_14	5377	14
005378_01	5378	1
005378_02	5378	2
005378_15	5378	15
005378_19	5378	19
005379_08	5379	8
005380_05	5380	5
005380_08	5380	8
005380_14	5380	14
005382_05	5382	5
005384_06	5384	6
005384_08	5384	8
005385_07	5385	7
005387_08	5387	8
005387_16	5387	16
005388_01	5388	1
005388_06	5388	6
005388_08	5388	8
005388_13	5388	13
005388_16	5388	16
005389_02	5389	2
005389_03	5389	3
005389_04	5389	4
005389_18	5389	18
005390_08	5390	8
005391_08	5391	8
005397_05	5397	5
005397_15	5397	15
005398_08	5398	8
005400_08	5400	8
005400_16	5400	16
005401_05	5401	5
005404_08	5404	8
005404_14	5404	14
005409_01	5409	1
005410_08	5410	8
005410_15	5410	15
005414_01	5414	1
005414_05	5414	5
005414_06	5414	6
005415_05	5415	5
005415_08	5415	8
005416_05	5416	5
005416_08	5416	8
005416_16	5416	16
005417_08	5417	8
005417_09	5417	9
005418_01	5418	1
005418_13	5418	13
005418_16	5418	16
005419_02	5419	2
005419_04	5419	4
005419_05	5419	5
005419_09	5419	9
005419_13	5419	13
005420_01	5420	1
005420_08	5420	8
005420_17	5420	17
005421_08	5421	8
005422_05	5422	5
005423_01	5423	1
005423_06	5423	6
005423_16	5423	16
005424_06	5424	6
005424_08	5424	8
005424_14	5424	14
005424_16	5424	16
005425_08	5425	8
005425_17	5425	17
005427_05	5427	5
005428_05	5428	5
005433_02	5433	2
005433_08	5433	8
005433_11	5433	11
005433_13	5433	13
005433_16	5433	16
005434_08	5434	8
005434_10	5434	10
005434_16	5434	16
005435_18	5435	18
005437_05	5437	5
005437_15	5437	15
005437_16	5437	16
005438_01	5438	1
005438_05	5438	5
005440_18	5440	18
005442_01	5442	1
005442_05	5442	5
005442_06	5442	6
005443_05	5443	5
005444_02	5444	2
005444_03	5444	3
005444_04	5444	4
005444_15	5444	15
005445_01	5445	1
005445_06	5445	6
005445_13	5445	13
005445_15	5445	15
005445_16	5445	16
005446_02	5446	2
005446_08	5446	8
005447_08	5447	8
005448_02	5448	2
005448_03	5448	3
005448_04	5448	4
005448_05	5448	5
005449_05	5449	5
005449_14	5449	14
005450_05	5450	5
005450_08	5450	8
005450_14	5450	14
005451_05	5451	5
005451_08	5451	8
005451_14	5451	14
005452_04	5452	4
005452_05	5452	5
005452_14	5452	14
005454_05	5454	5
005454_14	5454	14
005455_05	5455	5
005455_08	5455	8
005456_05	5456	5
005456_18	5456	18
005458_04	5458	4
005458_05	5458	5
005458_09	5458	9
005459_01	5459	1
005459_05	5459	5
005459_15	5459	15
005460_01	5460	1
005460_03	5460	3
005460_04	5460	4
005460_05	5460	5
005461_05	5461	5
005461_08	5461	8
005462_02	5462	2
005462_05	5462	5
005463_01	5463	1
005463_02	5463	2
005463_09	5463	9
005464_06	5464	6
005464_08	5464	8
005465_06	5465	6
005465_08	5465	8
005465_16	5465	16
005466_05	5466	5
005466_08	5466	8
005466_14	5466	14
005468_15	5468	15
005470_05	5470	5
005470_14	5470	14
005471_08	5471	8
005471_14	5471	14
005472_04	5472	4
005472_08	5472	8
005472_12	5472	12
005475_08	5475	8
005475_13	5475	13
005475_16	5475	16
005476_11	5476	11
005476_16	5476	16
005477_08	5477	8
005477_14	5477	14
005478_01	5478	1
005478_05	5478	5
005478_11	5478	11
005478_15	5478	15
005479_01	5479	1
005479_02	5479	2
005479_08	5479	8
005479_16	5479	16
005480_04	5480	4
005480_05	5480	5
005481_05	5481	5
005483_07	5483	7
005485_05	5485	5
005485_08	5485	8
005485_14	5485	14
005486_05	5486	5
005489_11	5489	11
005490_01	5490	1
005490_05	5490	5
005493_01	5493	1
005493_02	5493	2
005493_05	5493	5
005497_02	5497	2
005497_05	5497	5
005497_15	5497	15
005498_08	5498	8
005499_02	5499	2
005499_08	5499	8
005499_14	5499	14
005500_05	5500	5
005501_05	5501	5
005501_13	5501	13
005502_11	5502	11
005502_15	5502	15
005502_16	5502	16
005503_05	5503	5
005503_08	5503	8
005503_14	5503	14
005504_02	5504	2
005504_04	5504	4
005505_05	5505	5
005505_08	5505	8
005506_06	5506	6
005506_08	5506	8
005506_13	5506	13
005506_16	5506	16
005507_01	5507	1
005507_06	5507	6
005507_16	5507	16
005508_05	5508	5
005508_08	5508	8
005508_12	5508	12
005512_05	5512	5
005513_05	5513	5
005513_07	5513	7
005515_08	5515	8
005521_01	5521	1
005521_06	5521	6
005521_08	5521	8
005522_01	5522	1
005522_08	5522	8
005522_15	5522	15
005523_01	5523	1
005523_02	5523	2
005523_05	5523	5
005523_15	5523	15
005524_02	5524	2
005524_08	5524	8
005524_14	5524	14
005525_05	5525	5
005525_08	5525	8
005525_14	5525	14
005527_08	5527	8
005527_14	5527	14
005528_08	5528	8
005528_16	5528	16
005529_05	5529	5
005529_14	5529	14
005530_05	5530	5
005530_08	5530	8
005530_09	5530	9
005530_15	5530	15
005531_08	5531	8
005532_05	5532	5
005532_14	5532	14
005537_08	5537	8
005537_12	5537	12
005538_03	5538	3
005538_04	5538	4
005538_09	5538	9
005539_03	5539	3
005539_04	5539	4
005540_01	5540	1
005540_02	5540	2
005540_09	5540	9
005540_14	5540	14
005541_01	5541	1
005541_05	5541	5
005541_14	5541	14
005541_17	5541	17
005543_01	5543	1
005543_11	5543	11
005543_15	5543	15
005544_15	5544	15
005544_16	5544	16
005548_05	5548	5
005550_12	5550	12
005550_18	5550	18
005553_05	5553	5
005553_06	5553	6
005553_14	5553	14
005553_16	5553	16
005556_06	5556	6
005556_11	5556	11
005556_16	5556	16
005560_05	5560	5
005560_12	5560	12
005562_08	5562	8
005562_16	5562	16
005563_06	5563	6
005563_08	5563	8
005564_16	5564	16
005568_05	5568	5
005569_06	5569	6
005569_11	5569	11
005569_16	5569	16
005570_08	5570	8
005570_11	5570	11
005570_16	5570	16
005572_05	5572	5
005573_05	5573	5
005573_06	5573	6
005574_01	5574	1
005574_06	5574	6
005575_06	5575	6
005575_08	5575	8
005577_05	5577	5
005577_08	5577	8
005580_01	5580	1
005581_05	5581	5
005582_02	5582	2
005582_05	5582	5
005584_05	5584	5
005585_05	5585	5
005588_11	5588	11
005589_05	5589	5
005589_08	5589	8
005590_06	5590	6
005591_04	5591	4
005591_05	5591	5
005596_02	5596	2
005596_05	5596	5
005596_15	5596	15
005597_05	5597	5
005597_15	5597	15
005601_04	5601	4
005601_08	5601	8
005602_05	5602	5
005602_06	5602	6
005603_05	5603	5
005603_06	5603	6
005604_05	5604	5
005604_15	5604	15
005607_05	5607	5
005607_08	5607	8
005608_08	5608	8
005608_16	5608	16
005609_01	5609	1
005609_16	5609	16
005610_05	5610	5
005610_08	5610	8
005611_02	5611	2
005611_17	5611	17
005612_01	5612	1
005612_16	5612	16
005613_05	5613	5
005613_06	5613	6
005613_12	5613	12
005613_13	5613	13
005614_08	5614	8
005614_14	5614	14
005615_08	5615	8
005617_05	5617	5
005617_08	5617	8
005617_14	5617	14
005618_02	5618	2
005618_03	5618	3
005618_09	5618	9
005619_07	5619	7
005620_05	5620	5
005620_14	5620	14
005621_01	5621	1
005621_05	5621	5
005625_08	5625	8
005625_14	5625	14
005628_01	5628	1
005628_05	5628	5
005628_06	5628	6
005628_08	5628	8
005628_16	5628	16
005629_03	5629	3
005629_04	5629	4
005629_12	5629	12
005630_06	5630	6
005630_13	5630	13
005630_16	5630	16
005632_08	5632	8
005633_08	5633	8
005635_08	5635	8
005636_05	5636	5
005636_06	5636	6
005637_08	5637	8
005638_01	5638	1
005638_02	5638	2
005638_09	5638	9
005638_15	5638	15
005640_11	5640	11
005640_15	5640	15
005643_07	5643	7
005644_08	5644	8
005646_08	5646	8
005646_14	5646	14
005649_11	5649	11
005650_05	5650	5
005651_03	5651	3
005651_05	5651	5
005651_17	5651	17
005657_01	5657	1
005657_02	5657	2
005657_05	5657	5
005657_06	5657	6
005657_08	5657	8
005663_11	5663	11
005664_14	5664	14
005665_01	5665	1
005665_05	5665	5
005665_06	5665	6
005666_05	5666	5
005666_08	5666	8
005666_14	5666	14
005666_16	5666	16
005667_08	5667	8
005667_09	5667	9
005668_08	5668	8
005669_07	5669	7
005670_05	5670	5
005670_07	5670	7
005672_02	5672	2
005672_03	5672	3
005672_04	5672	4
005672_09	5672	9
005673_05	5673	5
005673_08	5673	8
005673_14	5673	14
005675_05	5675	5
005675_14	5675	14
005678_01	5678	1
005678_05	5678	5
005678_06	5678	6
005678_16	5678	16
005679_11	5679	11
005679_13	5679	13
005679_16	5679	16
005680_06	5680	6
005680_08	5680	8
005682_08	5682	8
005684_07	5684	7
005685_05	5685	5
005685_08	5685	8
005688_08	5688	8
005689_06	5689	6
005689_08	5689	8
005690_03	5690	3
005690_08	5690	8
005690_17	5690	17
005693_05	5693	5
005693_08	5693	8
005693_14	5693	14
005694_05	5694	5
005694_08	5694	8
005694_12	5694	12
005696_08	5696	8
005699_18	5699	18
005700_01	5700	1
005700_02	5700	2
005700_09	5700	9
005700_15	5700	15
005704_11	5704	11
005704_15	5704	15
005706_05	5706	5
005706_08	5706	8
005707_08	5707	8
005707_14	5707	14
005710_05	5710	5
005712_13	5712	13
005712_16	5712	16
005720_01	5720	1
005720_02	5720	2
005720_05	5720	5
005721_08	5721	8
005723_05	5723	5
005723_14	5723	14
005733_16	5733	16
005735_07	5735	7
005735_11	5735	11
005736_07	5736	7
005736_11	5736	11
005741_08	5741	8
005741_14	5741	14
005742_05	5742	5
005742_08	5742	8
005745_05	5745	5
005745_08	5745	8
005746_01	5746	1
005746_11	5746	11
005746_13	5746	13
005746_15	5746	15
005747_08	5747	8
005747_17	5747	17
005749_08	5749	8
005749_11	5749	11
005752_05	5752	5
005752_14	5752	14
005755_11	5755	11
005755_13	5755	13
005764_08	5764	8
005764_11	5764	11
005764_15	5764	15
005764_16	5764	16
005767_05	5767	5
005767_06	5767	6
005768_05	5768	5
005768_09	5768	9
005771_08	5771	8
005771_11	5771	11
005771_16	5771	16
005772_08	5772	8
005773_05	5773	5
005779_11	5779	11
005779_15	5779	15
005780_05	5780	5
005782_01	5782	1
005782_08	5782	8
005782_16	5782	16
005784_11	5784	11
005785_01	5785	1
005785_05	5785	5
005785_07	5785	7
005786_01	5786	1
005786_08	5786	8
005787_13	5787	13
005787_16	5787	16
005788_08	5788	8
005791_08	5791	8
005791_14	5791	14
005792_05	5792	5
005792_08	5792	8
005796_01	5796	1
005796_02	5796	2
005796_05	5796	5
005797_09	5797	9
005797_11	5797	11
005799_08	5799	8
005799_14	5799	14
005799_17	5799	17
005801_05	5801	5
005801_17	5801	17
005802_05	5802	5
005803_01	5803	1
005803_02	5803	2
005803_05	5803	5
005803_06	5803	6
005804_04	5804	4
005804_05	5804	5
005804_09	5804	9
005804_14	5804	14
005809_06	5809	6
005809_16	5809	16
005810_08	5810	8
005812_08	5812	8
005812_14	5812	14
005816_02	5816	2
005816_09	5816	9
005817_08	5817	8
005817_17	5817	17
005818_08	5818	8
005818_14	5818	14
005820_07	5820	7
005820_12	5820	12
005826_14	5826	14
005826_18	5826	18
005828_08	5828	8
005828_16	5828	16
005829_05	5829	5
005829_08	5829	8
005829_14	5829	14
005833_01	5833	1
005833_11	5833	11
005836_05	5836	5
005836_14	5836	14
005838_08	5838	8
005839_02	5839	2
005839_08	5839	8
005840_05	5840	5
005840_08	5840	8
005841_02	5841	2
005841_14	5841	14
005843_01	5843	1
005843_08	5843	8
005847_08	5847	8
005849_05	5849	5
005853_11	5853	11
005853_15	5853	15
005853_16	5853	16
005856_05	5856	5
005856_08	5856	8
005856_14	5856	14
005863_05	5863	5
005867_06	5867	6
005867_08	5867	8
005867_16	5867	16
005872_01	5872	1
005872_02	5872	2
005872_16	5872	16
005873_08	5873	8
005874_05	5874	5
005875_08	5875	8
005876_08	5876	8
005876_16	5876	16
005876_17	5876	17
005878_08	5878	8
005878_14	5878	14
005879_03	5879	3
005879_05	5879	5
005879_12	5879	12
005880_01	5880	1
005880_02	5880	2
005880_06	5880	6
005880_16	5880	16
005881_08	5881	8
005881_14	5881	14
005881_15	5881	15
005882_02	5882	2
005882_03	5882	3
005882_04	5882	4
005882_15	5882	15
005882_19	5882	19
005883_11	5883	11
005883_16	5883	16
005884_05	5884	5
005884_11	5884	11
005888_06	5888	6
005888_08	5888	8
005889_08	5889	8
005889_14	5889	14
005890_05	5890	5
005890_08	5890	8
005891_11	5891	11
005891_16	5891	16
005893_06	5893	6
005893_08	5893	8
005893_16	5893	16
005896_05	5896	5
005899_01	5899	1
005899_08	5899	8
005899_17	5899	17
005900_05	5900	5
005900_06	5900	6
005901_06	5901	6
005901_08	5901	8
005902_05	5902	5
005902_08	5902	8
005902_14	5902	14
005903_01	5903	1
005903_15	5903	15
005903_16	5903	16
005909_05	5909	5
005909_08	5909	8
005909_11	5909	11
005912_05	5912	5
005912_06	5912	6
005915_01	5915	1
005915_08	5915	8
005915_17	5915	17
005919_15	5919	15
005922_01	5922	1
005925_11	5925	11
005927_05	5927	5
005927_08	5927	8
005927_12	5927	12
005927_14	5927	14
005929_05	5929	5
005929_14	5929	14
005932_07	5932	7
005938_05	5938	5
005938_06	5938	6
005938_13	5938	13
005938_16	5938	16
005941_05	5941	5
005941_08	5941	8
005941_12	5941	12
005941_14	5941	14
005942_05	5942	5
005943_05	5943	5
005943_14	5943	14
005944_01	5944	1
005944_08	5944	8
005944_15	5944	15
005944_16	5944	16
005945_05	5945	5
005945_08	5945	8
005947_08	5947	8
005949_16	5949	16
005951_08	5951	8
005952_02	5952	2
005952_09	5952	9
005953_08	5953	8
005953_17	5953	17
005954_06	5954	6
005954_08	5954	8
005955_08	5955	8
005956_06	5956	6
005956_08	5956	8
005957_05	5957	5
005957_14	5957	14
005959_06	5959	6
005959_08	5959	8
005959_16	5959	16
005961_01	5961	1
005961_16	5961	16
005962_08	5962	8
005962_16	5962	16
005963_08	5963	8
005965_01	5965	1
005965_17	5965	17
005968_05	5968	5
005968_06	5968	6
005968_08	5968	8
005969_05	5969	5
005969_08	5969	8
005969_14	5969	14
005970_05	5970	5
005970_08	5970	8
005970_14	5970	14
005971_03	5971	3
005971_04	5971	4
005971_08	5971	8
005971_09	5971	9
005974_02	5974	2
005974_09	5974	9
005975_08	5975	8
005975_14	5975	14
005975_17	5975	17
005979_11	5979	11
005979_15	5979	15
005980_11	5980	11
005980_13	5980	13
005980_16	5980	16
005984_08	5984	8
005984_14	5984	14
005986_08	5986	8
005988_08	5988	8
005989_06	5989	6
005989_08	5989	8
005990_04	5990	4
005990_05	5990	5
005990_09	5990	9
005991_05	5991	5
005991_06	5991	6
005991_08	5991	8
005991_12	5991	12
005992_08	5992	8
005992_14	5992	14
005993_08	5993	8
005994_08	5994	8
005994_14	5994	14
005995_08	5995	8
005995_17	5995	17
005999_01	5999	1
005999_02	5999	2
005999_03	5999	3
005999_09	5999	9
005999_15	5999	15
006001_05	6001	5
006001_08	6001	8
006002_08	6002	8
006003_05	6003	5
006003_06	6003	6
006003_08	6003	8
006003_16	6003	16
006005_05	6005	5
006005_07	6005	7
006006_05	6006	5
006006_14	6006	14
006009_06	6009	6
006009_08	6009	8
006009_16	6009	16
006012_05	6012	5
006012_14	6012	14
006013_01	6013	1
006013_05	6013	5
006014_01	6014	1
006014_05	6014	5
006016_01	6016	1
006016_02	6016	2
006016_06	6016	6
006016_08	6016	8
006016_16	6016	16
006020_05	6020	5
006020_08	6020	8
006021_06	6021	6
006021_08	6021	8
006021_13	6021	13
006021_16	6021	16
006022_08	6022	8
006023_05	6023	5
006023_06	6023	6
006023_08	6023	8
006023_14	6023	14
006025_05	6025	5
006027_08	6027	8
006027_14	6027	14
006030_05	6030	5
006030_12	6030	12
006031_08	6031	8
006031_14	6031	14
006033_05	6033	5
006035_06	6035	6
006035_08	6035	8
006035_14	6035	14
006036_05	6036	5
006036_14	6036	14
006039_05	6039	5
006039_14	6039	14
006040_11	6040	11
006040_16	6040	16
006041_08	6041	8
006042_07	6042	7
006044_11	6044	11
006044_16	6044	16
006049_08	6049	8
006051_01	6051	1
006051_06	6051	6
006051_08	6051	8
006055_08	6055	8
006057_01	6057	1
006057_06	6057	6
006057_08	6057	8
006058_11	6058	11
006058_16	6058	16
006059_01	6059	1
006059_16	6059	16
006060_05	6060	5
006060_14	6060	14
006062_07	6062	7
006063_08	6063	8
006063_11	6063	11
006064_08	6064	8
006064_10	6064	10
006067_05	6067	5
006067_06	6067	6
006070_08	6070	8
006078_01	6078	1
006078_15	6078	15
006078_16	6078	16
006086_06	6086	6
006086_08	6086	8
006086_16	6086	16
006090_05	6090	5
006093_03	6093	3
006093_04	6093	4
006093_09	6093	9
006095_01	6095	1
006100_05	6100	5
006100_14	6100	14
006101_08	6101	8
006101_13	6101	13
006101_16	6101	16
006104_05	6104	5
006107_08	6107	8
006107_17	6107	17
006111_02	6111	2
006111_14	6111	14
006116_02	6116	2
006116_05	6116	5
006116_12	6116	12
006119_05	6119	5
006122_05	6122	5
006122_07	6122	7
006123_07	6123	7
006124_05	6124	5
006125_05	6125	5
006125_07	6125	7
006125_12	6125	12
006140_11	6140	11
006140_13	6140	13
006140_16	6140	16
006141_05	6141	5
006143_05	6143	5
006143_06	6143	6
006145_11	6145	11
006145_16	6145	16
006148_08	6148	8
006148_11	6148	11
006148_16	6148	16
006153_05	6153	5
006153_15	6153	15
006155_05	6155	5
006155_14	6155	14
006156_01	6156	1
006156_02	6156	2
006156_05	6156	5
006157_01	6157	1
006157_06	6157	6
006158_03	6158	3
006158_04	6158	4
006159_08	6159	8
006159_14	6159	14
006162_02	6162	2
006162_08	6162	8
006163_14	6163	14
006163_16	6163	16
006166_05	6166	5
006169_02	6169	2
006169_04	6169	4
006170_02	6170	2
006170_04	6170	4
006170_08	6170	8
006178_08	6178	8
006178_14	6178	14
006181_08	6181	8
006181_17	6181	17
006182_05	6182	5
006183_05	6183	5
006183_12	6183	12
006183_14	6183	14
006184_08	6184	8
006184_15	6184	15
006185_01	6185	1
006185_06	6185	6
006185_08	6185	8
006185_16	6185	16
006186_01	6186	1
006186_08	6186	8
006186_17	6186	17
006187_06	6187	6
006187_08	6187	8
006187_16	6187	16
006188_05	6188	5
006192_14	6192	14
006193_05	6193	5
006193_08	6193	8
006193_16	6193	16
006195_07	6195	7
006196_01	6196	1
006196_06	6196	6
006196_08	6196	8
006196_16	6196	16
006197_08	6197	8
006197_13	6197	13
006201_08	6201	8
006201_14	6201	14
006202_05	6202	5
006202_08	6202	8
006202_14	6202	14
006203_05	6203	5
006204_05	6204	5
006210_01	6210	1
006210_05	6210	5
006212_05	6212	5
006213_01	6213	1
006213_08	6213	8
006213_16	6213	16
006214_06	6214	6
006214_08	6214	8
006214_13	6214	13
006214_16	6214	16
006215_08	6215	8
006216_08	6216	8
006217_08	6217	8
006218_05	6218	5
006218_08	6218	8
006218_14	6218	14
006219_01	6219	1
006219_08	6219	8
006219_16	6219	16
006220_08	6220	8
006220_11	6220	11
006220_16	6220	16
006222_08	6222	8
006223_05	6223	5
006223_06	6223	6
006223_08	6223	8
006225_08	6225	8
006228_05	6228	5
006228_14	6228	14
006228_16	6228	16
006232_02	6232	2
006232_04	6232	4
006232_08	6232	8
006234_08	6234	8
006234_13	6234	13
006235_08	6235	8
006235_17	6235	17
006237_08	6237	8
006238_05	6238	5
006238_08	6238	8
006238_14	6238	14
006239_02	6239	2
006239_04	6239	4
006239_15	6239	15
006241_05	6241	5
006241_08	6241	8
006241_14	6241	14
006242_11	6242	11
006242_13	6242	13
006242_16	6242	16
006244_08	6244	8
006245_05	6245	5
006245_08	6245	8
006245_12	6245	12
006245_14	6245	14
006246_08	6246	8
006249_05	6249	5
006250_08	6250	8
006250_11	6250	11
006250_15	6250	15
006250_16	6250	16
006251_03	6251	3
006251_04	6251	4
006252_05	6252	5
006252_14	6252	14
006254_05	6254	5
006254_14	6254	14
006263_08	6263	8
006263_16	6263	16
006263_17	6263	17
006264_01	6264	1
006264_08	6264	8
006264_15	6264	15
006264_16	6264	16
006265_05	6265	5
006266_05	6266	5
006266_08	6266	8
006266_14	6266	14
006267_08	6267	8
006267_16	6267	16
006268_05	6268	5
006268_08	6268	8
006268_14	6268	14
006269_07	6269	7
006270_08	6270	8
006270_09	6270	9
006271_05	6271	5
006271_08	6271	8
006271_14	6271	14
006273_08	6273	8
006273_10	6273	10
006273_13	6273	13
006273_14	6273	14
006279_06	6279	6
006279_08	6279	8
006280_01	6280	1
006280_06	6280	6
006280_08	6280	8
006280_16	6280	16
006281_08	6281	8
006281_16	6281	16
006283_01	6283	1
006283_03	6283	3
006283_15	6283	15
006283_16	6283	16
006285_08	6285	8
006286_05	6286	5
006286_06	6286	6
006286_08	6286	8
006287_05	6287	5
006288_06	6288	6
006288_08	6288	8
006289_07	6289	7
006289_19	6289	19
006290_11	6290	11
006291_06	6291	6
006291_08	6291	8
006294_01	6294	1
006294_02	6294	2
006294_15	6294	15
006295_05	6295	5
006296_05	6296	5
006296_12	6296	12
006297_02	6297	2
006297_04	6297	4
006297_05	6297	5
006297_13	6297	13
006298_05	6298	5
006298_06	6298	6
006299_07	6299	7
006300_01	6300	1
006300_05	6300	5
006300_06	6300	6
006301_08	6301	8
006301_16	6301	16
006302_15	6302	15
006303_13	6303	13
006303_15	6303	15
006305_08	6305	8
006305_15	6305	15
006306_07	6306	7
006308_05	6308	5
006308_06	6308	6
006308_14	6308	14
006310_05	6310	5
006310_08	6310	8
006313_05	6313	5
006314_05	6314	5
006314_06	6314	6
006315_05	6315	5
006316_02	6316	2
006316_04	6316	4
006316_05	6316	5
006316_09	6316	9
006316_12	6316	12
006319_05	6319	5
006319_08	6319	8
006320_05	6320	5
006322_06	6322	6
006322_16	6322	16
006323_06	6323	6
006323_11	6323	11
006323_13	6323	13
006323_16	6323	16
006324_05	6324	5
006324_08	6324	8
006327_07	6327	7
006329_08	6329	8
006330_06	6330	6
006330_08	6330	8
006331_07	6331	7
006332_04	6332	4
006332_05	6332	5
006332_14	6332	14
006333_01	6333	1
006333_02	6333	2
006333_15	6333	15
006333_16	6333	16
006334_08	6334	8
006335_06	6335	6
006335_08	6335	8
006335_16	6335	16
006336_08	6336	8
006337_06	6337	6
006337_08	6337	8
006337_16	6337	16
006338_04	6338	4
006338_05	6338	5
006339_05	6339	5
006339_08	6339	8
006341_08	6341	8
006342_05	6342	5
006342_08	6342	8
006342_14	6342	14
006344_05	6344	5
006344_08	6344	8
006344_14	6344	14
006345_05	6345	5
006345_08	6345	8
006345_12	6345	12
006347_08	6347	8
006347_12	6347	12
006348_12	6348	12
006349_08	6349	8
006349_12	6349	12
006350_01	6350	1
006350_02	6350	2
006350_03	6350	3
006350_04	6350	4
006350_09	6350	9
006350_15	6350	15
006357_05	6357	5
006357_12	6357	12
006357_14	6357	14
006358_05	6358	5
006358_12	6358	12
006358_14	6358	14
006365_01	6365	1
006365_02	6365	2
006365_15	6365	15
006365_16	6365	16
006365_19	6365	19
006367_05	6367	5
006367_14	6367	14
006368_07	6368	7
006370_05	6370	5
006370_08	6370	8
006370_14	6370	14
006371_03	6371	3
006371_04	6371	4
006373_05	6373	5
006373_08	6373	8
006373_09	6373	9
006373_14	6373	14
006374_05	6374	5
006375_07	6375	7
006376_05	6376	5
006376_08	6376	8
006377_02	6377	2
006377_03	6377	3
006377_04	6377	4
006377_05	6377	5
006378_01	6378	1
006378_06	6378	6
006379_11	6379	11
006379_16	6379	16
006380_07	6380	7
006382_08	6382	8
006383_01	6383	1
006383_06	6383	6
006383_16	6383	16
006385_08	6385	8
006386_18	6386	18
006387_01	6387	1
006387_05	6387	5
006387_06	6387	6
006387_16	6387	16
006390_12	6390	12
006395_01	6395	1
006395_08	6395	8
006395_11	6395	11
006395_15	6395	15
006395_16	6395	16
006400_07	6400	7
006402_05	6402	5
006405_02	6405	2
006405_04	6405	4
006407_05	6407	5
006407_14	6407	14
006408_05	6408	5
006408_07	6408	7
006410_05	6410	5
006412_05	6412	5
006412_18	6412	18
006415_05	6415	5
006415_08	6415	8
006417_01	6417	1
006422_08	6422	8
006422_17	6422	17
006422_18	6422	18
006424_05	6424	5
006424_06	6424	6
006424_13	6424	13
006424_14	6424	14
006425_05	6425	5
006427_04	6427	4
006427_08	6427	8
006428_05	6428	5
006428_17	6428	17
006428_18	6428	18
006429_18	6429	18
006433_07	6433	7
006434_17	6434	17
006436_08	6436	8
006440_08	6440	8
006440_16	6440	16
006442_05	6442	5
006442_14	6442	14
006448_01	6448	1
006448_02	6448	2
006448_08	6448	8
006449_08	6449	8
006452_08	6452	8
006453_07	6453	7
006454_08	6454	8
006460_08	6460	8
006461_08	6461	8
006461_18	6461	18
006464_04	6464	4
006464_05	6464	5
006465_08	6465	8
006466_08	6466	8
006466_14	6466	14
006476_13	6476	13
006476_16	6476	16
006477_08	6477	8
006480_05	6480	5
006480_12	6480	12
006482_05	6482	5
006483_12	6483	12
006483_14	6483	14
006484_01	6484	1
006484_06	6484	6
006484_08	6484	8
006493_05	6493	5
006493_08	6493	8
006493_14	6493	14
006502_01	6502	1
006502_11	6502	11
006502_15	6502	15
006503_01	6503	1
006503_02	6503	2
006503_05	6503	5
006503_06	6503	6
006503_16	6503	16
006506_01	6506	1
006506_16	6506	16
006509_08	6509	8
006509_14	6509	14
006510_08	6510	8
006510_14	6510	14
006514_11	6514	11
006515_06	6515	6
006515_10	6515	10
006516_08	6516	8
006517_08	6517	8
006523_05	6523	5
006523_14	6523	14
006527_02	6527	2
006527_14	6527	14
006528_05	6528	5
006530_08	6530	8
006530_11	6530	11
006530_13	6530	13
006530_16	6530	16
006533_05	6533	5
006534_01	6534	1
006534_02	6534	2
006534_15	6534	15
006535_05	6535	5
006536_02	6536	2
006536_03	6536	3
006536_04	6536	4
006536_09	6536	9
006537_01	6537	1
006537_02	6537	2
006537_15	6537	15
006538_08	6538	8
006538_13	6538	13
006538_16	6538	16
006539_01	6539	1
006539_02	6539	2
006539_05	6539	5
006539_09	6539	9
006541_01	6541	1
006541_09	6541	9
006541_15	6541	15
006542_05	6542	5
006542_08	6542	8
006542_17	6542	17
006545_08	6545	8
006545_14	6545	14
006547_08	6547	8
006547_09	6547	9
006548_01	6548	1
006548_05	6548	5
006548_06	6548	6
006548_16	6548	16
006549_05	6549	5
006549_08	6549	8
006549_14	6549	14
006550_01	6550	1
006550_05	6550	5
006550_16	6550	16
006551_05	6551	5
006551_14	6551	14
006552_06	6552	6
006552_08	6552	8
006552_16	6552	16
006553_08	6553	8
006554_05	6554	5
006554_12	6554	12
006557_02	6557	2
006557_04	6557	4
006557_05	6557	5
006557_08	6557	8
006558_05	6558	5
006558_08	6558	8
006559_04	6559	4
006559_05	6559	5
006560_01	6560	1
006560_05	6560	5
006561_05	6561	5
006561_17	6561	17
006563_05	6563	5
006563_08	6563	8
006564_01	6564	1
006564_02	6564	2
006564_05	6564	5
006564_14	6564	14
006564_16	6564	16
006565_08	6565	8
006566_01	6566	1
006566_02	6566	2
006566_04	6566	4
006567_05	6567	5
006567_06	6567	6
006567_08	6567	8
006567_17	6567	17
006568_05	6568	5
006568_12	6568	12
006571_08	6571	8
006572_05	6572	5
006572_06	6572	6
006573_05	6573	5
006573_08	6573	8
006574_01	6574	1
006574_15	6574	15
006574_16	6574	16
006577_01	6577	1
006577_08	6577	8
006578_05	6578	5
006579_05	6579	5
006581_05	6581	5
006581_08	6581	8
006581_13	6581	13
006582_01	6582	1
006582_05	6582	5
006582_06	6582	6
006582_16	6582	16
006583_01	6583	1
006583_15	6583	15
006584_02	6584	2
006584_05	6584	5
006584_06	6584	6
006584_16	6584	16
006586_05	6586	5
006587_05	6587	5
006587_06	6587	6
006587_14	6587	14
006588_14	6588	14
006588_16	6588	16
006591_08	6591	8
006592_08	6592	8
006593_04	6593	4
006593_05	6593	5
006593_09	6593	9
006595_01	6595	1
006595_16	6595	16
006596_05	6596	5
006596_08	6596	8
006596_14	6596	14
006597_01	6597	1
006597_15	6597	15
006598_07	6598	7
006603_06	6603	6
006603_08	6603	8
006603_10	6603	10
006604_05	6604	5
006609_08	6609	8
006611_08	6611	8
006612_07	6612	7
006614_05	6614	5
006614_06	6614	6
006615_01	6615	1
006615_11	6615	11
006615_16	6615	16
006616_01	6616	1
006616_05	6616	5
006617_18	6617	18
006618_01	6618	1
006618_05	6618	5
006619_05	6619	5
006620_05	6620	5
006620_08	6620	8
006624_01	6624	1
006624_02	6624	2
006624_04	6624	4
006624_09	6624	9
006625_02	6625	2
006625_04	6625	4
006625_05	6625	5
006628_05	6628	5
006629_06	6629	6
006629_11	6629	11
006629_13	6629	13
006629_16	6629	16
006631_11	6631	11
006631_15	6631	15
006631_16	6631	16
006636_05	6636	5
006636_14	6636	14
006638_05	6638	5
006638_14	6638	14
006639_08	6639	8
006639_16	6639	16
006643_08	6643	8
006644_08	6644	8
006644_14	6644	14
006645_01	6645	1
006645_02	6645	2
006645_08	6645	8
006645_15	6645	15
006650_05	6650	5
006650_08	6650	8
006654_02	6654	2
006654_15	6654	15
006656_11	6656	11
006656_15	6656	15
006658_05	6658	5
006658_14	6658	14
006659_05	6659	5
006659_11	6659	11
006659_15	6659	15
006660_08	6660	8
006660_09	6660	9
006660_12	6660	12
006660_14	6660	14
006662_05	6662	5
006662_06	6662	6
006663_05	6663	5
006663_06	6663	6
006664_01	6664	1
006664_02	6664	2
006665_11	6665	11
006665_14	6665	14
006666_05	6666	5
006666_08	6666	8
006666_09	6666	9
006667_07	6667	7
006668_08	6668	8
006668_14	6668	14
006669_08	6669	8
006670_05	6670	5
006671_08	6671	8
006678_08	6678	8
006678_15	6678	15
006679_07	6679	7
006684_08	6684	8
006684_14	6684	14
006686_01	6686	1
006686_05	6686	5
006686_06	6686	6
006686_09	6686	9
006687_05	6687	5
006687_14	6687	14
006688_05	6688	5
006688_08	6688	8
006689_05	6689	5
006689_08	6689	8
006689_14	6689	14
006691_08	6691	8
006691_18	6691	18
006692_07	6692	7
006695_11	6695	11
006695_16	6695	16
006696_05	6696	5
006696_08	6696	8
006696_12	6696	12
006696_14	6696	14
006699_08	6699	8
006702_05	6702	5
006705_05	6705	5
006705_06	6705	6
006705_08	6705	8
006705_16	6705	16
006706_08	6706	8
006707_11	6707	11
006707_16	6707	16
006708_05	6708	5
006708_06	6708	6
006708_08	6708	8
006709_01	6709	1
006709_02	6709	2
006709_06	6709	6
006709_16	6709	16
006710_05	6710	5
006710_08	6710	8
006710_14	6710	14
006711_05	6711	5
006711_08	6711	8
006711_14	6711	14
006713_03	6713	3
006713_08	6713	8
006713_14	6713	14
006715_11	6715	11
006718_05	6718	5
006720_01	6720	1
006720_05	6720	5
006720_06	6720	6
006721_01	6721	1
006721_02	6721	2
006721_08	6721	8
006722_01	6722	1
006722_14	6722	14
006723_01	6723	1
006724_05	6724	5
006724_06	6724	6
006724_08	6724	8
006731_11	6731	11
006731_15	6731	15
006731_16	6731	16
006732_05	6732	5
006732_12	6732	12
006732_14	6732	14
006734_05	6734	5
006734_14	6734	14
006734_15	6734	15
006734_16	6734	16
006744_05	6744	5
006744_11	6744	11
006746_11	6746	11
006746_14	6746	14
006748_11	6748	11
006750_05	6750	5
006750_08	6750	8
006750_14	6750	14
006751_08	6751	8
006751_16	6751	16
006752_08	6752	8
006753_04	6753	4
006753_05	6753	5
006753_08	6753	8
006754_01	6754	1
006754_09	6754	9
006754_11	6754	11
006755_05	6755	5
006755_11	6755	11
006760_02	6760	2
006760_08	6760	8
006763_05	6763	5
006763_06	6763	6
006764_01	6764	1
006764_02	6764	2
006764_05	6764	5
006765_05	6765	5
006765_08	6765	8
006765_14	6765	14
006768_08	6768	8
006769_05	6769	5
006770_08	6770	8
006770_14	6770	14
006772_07	6772	7
006773_03	6773	3
006773_05	6773	5
006773_09	6773	9
006774_09	6774	9
006774_11	6774	11
006774_15	6774	15
006774_16	6774	16
006775_07	6775	7
006776_05	6776	5
006776_08	6776	8
006776_12	6776	12
006776_14	6776	14
006777_08	6777	8
006780_07	6780	7
006782_05	6782	5
006782_12	6782	12
006783_05	6783	5
006783_08	6783	8
006785_05	6785	5
006785_12	6785	12
006785_14	6785	14
006785_18	6785	18
006786_08	6786	8
006787_08	6787	8
006787_16	6787	16
006788_05	6788	5
006788_08	6788	8
006788_14	6788	14
006789_08	6789	8
006789_13	6789	13
006789_14	6789	14
006790_08	6790	8
006790_09	6790	9
006790_15	6790	15
006791_08	6791	8
006793_04	6793	4
006793_05	6793	5
006793_08	6793	8
006794_04	6794	4
006794_05	6794	5
006796_06	6796	6
006796_08	6796	8
006797_06	6797	6
006797_08	6797	8
006798_04	6798	4
006798_05	6798	5
006798_06	6798	6
006798_12	6798	12
006800_01	6800	1
006800_06	6800	6
006803_11	6803	11
006803_13	6803	13
006803_16	6803	16
006804_05	6804	5
006804_06	6804	6
006807_05	6807	5
006808_01	6808	1
006808_02	6808	2
006808_17	6808	17
006809_16	6809	16
006810_08	6810	8
006810_16	6810	16
006811_05	6811	5
006812_01	6812	1
006812_05	6812	5
006812_16	6812	16
006814_01	6814	1
006814_05	6814	5
006816_05	6816	5
006817_02	6817	2
006817_08	6817	8
006818_08	6818	8
006818_17	6818	17
006820_08	6820	8
006820_11	6820	11
006820_16	6820	16
006821_05	6821	5
006827_05	6827	5
006832_08	6832	8
006835_01	6835	1
006835_11	6835	11
006835_15	6835	15
006836_15	6836	15
006837_05	6837	5
006837_08	6837	8
006837_14	6837	14
006849_08	6849	8
006849_09	6849	9
006849_12	6849	12
006850_05	6850	5
006850_08	6850	8
006851_08	6851	8
006851_14	6851	14
006852_06	6852	6
006852_08	6852	8
006853_05	6853	5
006856_08	6856	8
006856_12	6856	12
006857_01	6857	1
006857_02	6857	2
006857_03	6857	3
006857_09	6857	9
006858_08	6858	8
006860_06	6860	6
006860_08	6860	8
006862_06	6862	6
006862_08	6862	8
006862_16	6862	16
006863_05	6863	5
006863_12	6863	12
006867_05	6867	5
006867_08	6867	8
006868_06	6868	6
006868_08	6868	8
006868_13	6868	13
006868_16	6868	16
006869_06	6869	6
006869_07	6869	7
006870_06	6870	6
006870_08	6870	8
006870_13	6870	13
006872_01	6872	1
006872_11	6872	11
006873_05	6873	5
006873_14	6873	14
006874_01	6874	1
006874_06	6874	6
006874_16	6874	16
006879_08	6879	8
006879_16	6879	16
006880_11	6880	11
006881_05	6881	5
006881_08	6881	8
006882_01	6882	1
006882_02	6882	2
006882_15	6882	15
006883_08	6883	8
006883_14	6883	14
006884_06	6884	6
006884_08	6884	8
006884_16	6884	16
006885_06	6885	6
006885_08	6885	8
006885_13	6885	13
006885_14	6885	14
006885_16	6885	16
006886_08	6886	8
006886_14	6886	14
006886_17	6886	17
006887_08	6887	8
006888_05	6888	5
006888_11	6888	11
006889_02	6889	2
006889_03	6889	3
006889_04	6889	4
006890_08	6890	8
006893_01	6893	1
006893_05	6893	5
006893_06	6893	6
006898_08	6898	8
006899_15	6899	15
006902_02	6902	2
006902_05	6902	5
006902_08	6902	8
006902_09	6902	9
006902_13	6902	13
006902_15	6902	15
006902_16	6902	16
006909_16	6909	16
006911_12	6911	12
006912_05	6912	5
006912_12	6912	12
006912_14	6912	14
006918_08	6918	8
006920_06	6920	6
006920_16	6920	16
006927_08	6927	8
006927_14	6927	14
006927_16	6927	16
006932_06	6932	6
006932_08	6932	8
006934_01	6934	1
006934_02	6934	2
006934_15	6934	15
006934_16	6934	16
006934_19	6934	19
006935_07	6935	7
006936_04	6936	4
006936_05	6936	5
006936_09	6936	9
006938_07	6938	7
006939_08	6939	8
006939_14	6939	14
006942_05	6942	5
006942_08	6942	8
006942_14	6942	14
006944_05	6944	5
006945_07	6945	7
006946_01	6946	1
006946_03	6946	3
006946_04	6946	4
006946_09	6946	9
006947_02	6947	2
006947_08	6947	8
006947_17	6947	17
006948_07	6948	7
006949_05	6949	5
006949_13	6949	13
006949_15	6949	15
006950_02	6950	2
006950_16	6950	16
006950_18	6950	18
006951_04	6951	4
006951_05	6951	5
006952_11	6952	11
006952_16	6952	16
006953_06	6953	6
006953_08	6953	8
006953_13	6953	13
006953_14	6953	14
006953_16	6953	16
006954_05	6954	5
006954_06	6954	6
006954_08	6954	8
006954_13	6954	13
006954_14	6954	14
006957_05	6957	5
006957_06	6957	6
006958_04	6958	4
006958_05	6958	5
006958_09	6958	9
006958_11	6958	11
006959_01	6959	1
006959_02	6959	2
006959_15	6959	15
006961_08	6961	8
006962_07	6962	7
006963_07	6963	7
006965_07	6965	7
006966_01	6966	1
006966_06	6966	6
006966_09	6966	9
006966_15	6966	15
006966_16	6966	16
006967_11	6967	11
006967_13	6967	13
006969_08	6969	8
006969_15	6969	15
006970_05	6970	5
006970_14	6970	14
006971_08	6971	8
006971_16	6971	16
006973_08	6973	8
006973_14	6973	14
006973_16	6973	16
006974_05	6974	5
006974_06	6974	6
006975_08	6975	8
006975_11	6975	11
006975_16	6975	16
006978_05	6978	5
006978_08	6978	8
006979_08	6979	8
006979_15	6979	15
006979_16	6979	16
006981_08	6981	8
006982_08	6982	8
006982_17	6982	17
006983_08	6983	8
006983_14	6983	14
006984_08	6984	8
006985_08	6985	8
006986_02	6986	2
006986_08	6986	8
006986_14	6986	14
006987_06	6987	6
006987_09	6987	9
006987_11	6987	11
006989_06	6989	6
006989_08	6989	8
006989_16	6989	16
006990_01	6990	1
006990_02	6990	2
006990_05	6990	5
006990_06	6990	6
006990_08	6990	8
006992_05	6992	5
006992_08	6992	8
006993_05	6993	5
006993_08	6993	8
006993_14	6993	14
006994_01	6994	1
006994_05	6994	5
006996_01	6996	1
006996_15	6996	15
006997_06	6997	6
006997_08	6997	8
006998_08	6998	8
006999_05	6999	5
006999_14	6999	14
007000_01	7000	1
007000_02	7000	2
007000_05	7000	5
007001_11	7001	11
007001_13	7001	13
007001_15	7001	15
007001_16	7001	16
007004_01	7004	1
007004_05	7004	5
007004_06	7004	6
007004_16	7004	16
007005_05	7005	5
007007_01	7007	1
007007_05	7007	5
007007_06	7007	6
007007_08	7007	8
007007_16	7007	16
007008_08	7008	8
007008_14	7008	14
007009_08	7009	8
007010_08	7010	8
007010_14	7010	14
007012_05	7012	5
007012_09	7012	9
007013_08	7013	8
007013_10	7013	10
007013_16	7013	16
007015_05	7015	5
007015_14	7015	14
007016_01	7016	1
007016_08	7016	8
007017_01	7017	1
007017_16	7017	16
007018_06	7018	6
007018_08	7018	8
007018_16	7018	16
007019_05	7019	5
007019_08	7019	8
007020_05	7020	5
007020_08	7020	8
007020_14	7020	14
007022_01	7022	1
007022_08	7022	8
007022_11	7022	11
007022_16	7022	16
007023_05	7023	5
007023_08	7023	8
007023_14	7023	14
007024_08	7024	8
007025_08	7025	8
007025_17	7025	17
007026_05	7026	5
007027_01	7027	1
007027_18	7027	18
007028_05	7028	5
007028_06	7028	6
007030_08	7030	8
007031_01	7031	1
007031_06	7031	6
007031_08	7031	8
007031_16	7031	16
007032_08	7032	8
007032_14	7032	14
007032_16	7032	16
007033_05	7033	5
007033_14	7033	14
007034_08	7034	8
007034_14	7034	14
007036_05	7036	5
007036_09	7036	9
007037_05	7037	5
007037_08	7037	8
007038_08	7038	8
007038_14	7038	14
007040_01	7040	1
007040_06	7040	6
007040_08	7040	8
007040_16	7040	16
007041_05	7041	5
007041_06	7041	6
007044_06	7044	6
007044_08	7044	8
007044_13	7044	13
007044_14	7044	14
007044_16	7044	16
007045_04	7045	4
007045_09	7045	9
007046_05	7046	5
007046_09	7046	9
007046_11	7046	11
007046_16	7046	16
007047_01	7047	1
007047_06	7047	6
007047_08	7047	8
007048_01	7048	1
007048_02	7048	2
007048_05	7048	5
007048_06	7048	6
007049_05	7049	5
007049_12	7049	12
007049_14	7049	14
007050_05	7050	5
007050_12	7050	12
007050_14	7050	14
007051_05	7051	5
007052_08	7052	8
007053_05	7053	5
007053_12	7053	12
007053_14	7053	14
007054_08	7054	8
007055_05	7055	5
007055_12	7055	12
007055_14	7055	14
007056_01	7056	1
007056_06	7056	6
007056_08	7056	8
007057_05	7057	5
007057_09	7057	9
007057_14	7057	14
007058_05	7058	5
007059_04	7059	4
007059_08	7059	8
007060_08	7060	8
007060_12	7060	12
007061_08	7061	8
007061_14	7061	14
007062_08	7062	8
007063_02	7063	2
007063_08	7063	8
007064_08	7064	8
007064_09	7064	9
007065_08	7065	8
007065_17	7065	17
007067_05	7067	5
007067_08	7067	8
007067_09	7067	9
007067_14	7067	14
007069_08	7069	8
007070_01	7070	1
007070_02	7070	2
007070_18	7070	18
007071_08	7071	8
007072_01	7072	1
007072_08	7072	8
007072_14	7072	14
007072_18	7072	18
007073_05	7073	5
007073_06	7073	6
007073_13	7073	13
007074_05	7074	5
007075_02	7075	2
007075_05	7075	5
007075_12	7075	12
007076_01	7076	1
007076_06	7076	6
007076_08	7076	8
007076_16	7076	16
007078_08	7078	8
007079_08	7079	8
007080_08	7080	8
007080_12	7080	12
007080_14	7080	14
007082_05	7082	5
007082_14	7082	14
007083_08	7083	8
007084_05	7084	5
007084_14	7084	14
007085_05	7085	5
007085_14	7085	14
007086_05	7086	5
007086_08	7086	8
007087_02	7087	2
007087_08	7087	8
007088_08	7088	8
007088_14	7088	14
007089_05	7089	5
007089_08	7089	8
007090_01	7090	1
007090_02	7090	2
007090_08	7090	8
007091_05	7091	5
007092_08	7092	8
007092_14	7092	14
007093_05	7093	5
007096_07	7096	7
007099_02	7099	2
007099_03	7099	3
007099_08	7099	8
007099_09	7099	9
007099_15	7099	15
007101_05	7101	5
007101_14	7101	14
007102_05	7102	5
007102_06	7102	6
007102_08	7102	8
007103_05	7103	5
007104_05	7104	5
007104_17	7104	17
007107_05	7107	5
007107_16	7107	16
007108_01	7108	1
007108_06	7108	6
007108_08	7108	8
007109_08	7109	8
007109_14	7109	14
007114_08	7114	8
007114_11	7114	11
007114_16	7114	16
007115_11	7115	11
007115_13	7115	13
007115_16	7115	16
007116_11	7116	11
007116_13	7116	13
007116_16	7116	16
007117_05	7117	5
007117_11	7117	11
007118_03	7118	3
007118_08	7118	8
007118_15	7118	15
007118_17	7118	17
007121_05	7121	5
007121_14	7121	14
007122_05	7122	5
007122_08	7122	8
007122_17	7122	17
007123_08	7123	8
007123_09	7123	9
007123_13	7123	13
007123_15	7123	15
007124_07	7124	7
007125_08	7125	8
007127_01	7127	1
007127_08	7127	8
007127_16	7127	16
007131_08	7131	8
007132_05	7132	5
007132_12	7132	12
007132_14	7132	14
007134_08	7134	8
007134_16	7134	16
007137_05	7137	5
007137_08	7137	8
007137_14	7137	14
007139_08	7139	8
007139_14	7139	14
007141_07	7141	7
007142_08	7142	8
007142_14	7142	14
007143_01	7143	1
007143_02	7143	2
007143_08	7143	8
007143_17	7143	17
007147_08	7147	8
007147_09	7147	9
007147_14	7147	14
007149_05	7149	5
007149_08	7149	8
007149_14	7149	14
007150_05	7150	5
007151_08	7151	8
007151_14	7151	14
007153_01	7153	1
007153_02	7153	2
007153_08	7153	8
007153_09	7153	9
007154_08	7154	8
007154_14	7154	14
007155_05	7155	5
007156_07	7156	7
007156_17	7156	17
007158_08	7158	8
007160_06	7160	6
007160_08	7160	8
007161_04	7161	4
007161_05	7161	5
007162_08	7162	8
007162_14	7162	14
007162_17	7162	17
007163_01	7163	1
007163_15	7163	15
007163_16	7163	16
007164_01	7164	1
007164_02	7164	2
007164_04	7164	4
007164_09	7164	9
007165_08	7165	8
007165_12	7165	12
007167_08	7167	8
007169_05	7169	5
007169_14	7169	14
007171_07	7171	7
007173_05	7173	5
007173_14	7173	14
007175_01	7175	1
007175_06	7175	6
007176_08	7176	8
007177_08	7177	8
007178_08	7178	8
007179_08	7179	8
007179_14	7179	14
007181_08	7181	8
007184_08	7184	8
007184_14	7184	14
007190_08	7190	8
007191_05	7191	5
007192_01	7192	1
007193_01	7193	1
007193_05	7193	5
007202_11	7202	11
007205_02	7205	2
007206_05	7206	5
007208_08	7208	8
007208_11	7208	11
007209_05	7209	5
007211_05	7211	5
007211_14	7211	14
007212_05	7212	5
007212_14	7212	14
007215_02	7215	2
007215_08	7215	8
007215_14	7215	14
007215_16	7215	16
007215_17	7215	17
007216_06	7216	6
007216_08	7216	8
007216_10	7216	10
007216_16	7216	16
007217_06	7217	6
007217_08	7217	8
007217_10	7217	10
007217_14	7217	14
007217_16	7217	16
007218_08	7218	8
007218_18	7218	18
007219_08	7219	8
007222_05	7222	5
007222_08	7222	8
007223_08	7223	8
007223_10	7223	10
007223_13	7223	13
007225_07	7225	7
007228_03	7228	3
007228_05	7228	5
007228_09	7228	9
007234_08	7234	8
007235_01	7235	1
007235_05	7235	5
007235_06	7235	6
007235_08	7235	8
007235_11	7235	11
007235_16	7235	16
007236_15	7236	15
007238_08	7238	8
007238_17	7238	17
007243_08	7243	8
007245_11	7245	11
007245_16	7245	16
007247_02	7247	2
007247_04	7247	4
007247_05	7247	5
007247_09	7247	9
007247_12	7247	12
007248_01	7248	1
007248_02	7248	2
007248_08	7248	8
007248_17	7248	17
007251_08	7251	8
007254_08	7254	8
007254_15	7254	15
007254_16	7254	16
007255_05	7255	5
007255_14	7255	14
007256_02	7256	2
007256_07	7256	7
007257_05	7257	5
007257_06	7257	6
007257_16	7257	16
007258_05	7258	5
007258_06	7258	6
007259_08	7259	8
007259_12	7259	12
007260_05	7260	5
007260_08	7260	8
007260_14	7260	14
007261_05	7261	5
007262_01	7262	1
007262_02	7262	2
007262_04	7262	4
007262_05	7262	5
007262_06	7262	6
007263_08	7263	8
007264_05	7264	5
007264_14	7264	14
007265_08	7265	8
007266_05	7266	5
007266_11	7266	11
007266_15	7266	15
007282_05	7282	5
007282_11	7282	11
007282_16	7282	16
007285_08	7285	8
007292_05	7292	5
007292_17	7292	17
007293_05	7293	5
007293_14	7293	14
007294_05	7294	5
007297_05	7297	5
007297_08	7297	8
007299_08	7299	8
007301_08	7301	8
007302_01	7302	1
007302_02	7302	2
007302_09	7302	9
007303_08	7303	8
007303_17	7303	17
007304_03	7304	3
007304_05	7304	5
007304_09	7304	9
007304_12	7304	12
007305_06	7305	6
007305_08	7305	8
007305_13	7305	13
007305_16	7305	16
007306_05	7306	5
007306_06	7306	6
007306_13	7306	13
007307_01	7307	1
007307_02	7307	2
007307_08	7307	8
007307_17	7307	17
007308_02	7308	2
007308_05	7308	5
007310_01	7310	1
007311_08	7311	8
007311_14	7311	14
007312_05	7312	5
007312_08	7312	8
007315_05	7315	5
007315_08	7315	8
007316_05	7316	5
007317_02	7317	2
007317_05	7317	5
007318_08	7318	8
007319_05	7319	5
007319_11	7319	11
007320_14	7320	14
007321_16	7321	16
007323_05	7323	5
007323_08	7323	8
007324_02	7324	2
007324_08	7324	8
007325_01	7325	1
007325_05	7325	5
007325_06	7325	6
007325_16	7325	16
007326_06	7326	6
007326_08	7326	8
007327_08	7327	8
007328_08	7328	8
007333_06	7333	6
007333_08	7333	8
007333_16	7333	16
007335_10	7335	10
007336_08	7336	8
007336_17	7336	17
007340_05	7340	5
007344_05	7344	5
007344_06	7344	6
007345_01	7345	1
007345_02	7345	2
007345_04	7345	4
007345_05	7345	5
007346_05	7346	5
007346_14	7346	14
007347_13	7347	13
007347_16	7347	16
007348_16	7348	16
007349_08	7349	8
007352_05	7352	5
007352_08	7352	8
007352_14	7352	14
007354_05	7354	5
007354_08	7354	8
007354_14	7354	14
007357_08	7357	8
007357_14	7357	14
007360_01	7360	1
007360_08	7360	8
007360_11	7360	11
007360_16	7360	16
007361_08	7361	8
007361_14	7361	14
007361_15	7361	15
007362_06	7362	6
007362_08	7362	8
007362_16	7362	16
007364_05	7364	5
007364_06	7364	6
007364_08	7364	8
007366_05	7366	5
007366_08	7366	8
007366_14	7366	14
007367_05	7367	5
007367_06	7367	6
007368_06	7368	6
007368_08	7368	8
007368_16	7368	16
007369_01	7369	1
007369_02	7369	2
007369_04	7369	4
007369_05	7369	5
007369_13	7369	13
007371_08	7371	8
007371_13	7371	13
007371_16	7371	16
007372_08	7372	8
007373_01	7373	1
007373_02	7373	2
007373_09	7373	9
007373_11	7373	11
007375_05	7375	5
007375_14	7375	14
007376_01	7376	1
007377_06	7377	6
007377_08	7377	8
007379_08	7379	8
007379_17	7379	17
007379_18	7379	18
007380_05	7380	5
007380_09	7380	9
007380_14	7380	14
007381_01	7381	1
007381_05	7381	5
007381_06	7381	6
007382_08	7382	8
007382_13	7382	13
007382_16	7382	16
007386_02	7386	2
007386_08	7386	8
007387_01	7387	1
007387_08	7387	8
007387_11	7387	11
007390_08	7390	8
007390_12	7390	12
007394_01	7394	1
007394_02	7394	2
007394_05	7394	5
007395_05	7395	5
007395_08	7395	8
007396_08	7396	8
007411_05	7411	5
007411_11	7411	11
007414_05	7414	5
007414_08	7414	8
007419_05	7419	5
007419_16	7419	16
007438_01	7438	1
007438_08	7438	8
007438_16	7438	16
007439_01	7439	1
007439_06	7439	6
007439_16	7439	16
007440_07	7440	7
007443_07	7443	7
007444_05	7444	5
007444_09	7444	9
007444_14	7444	14
007445_01	7445	1
007445_06	7445	6
007445_08	7445	8
007445_13	7445	13
007445_16	7445	16
007448_05	7448	5
007449_08	7449	8
007449_11	7449	11
007449_16	7449	16
007450_05	7450	5
007450_14	7450	14
007451_05	7451	5
007454_01	7454	1
007454_02	7454	2
007454_09	7454	9
007454_11	7454	11
007455_08	7455	8
007457_05	7457	5
007457_14	7457	14
007458_01	7458	1
007458_02	7458	2
007458_08	7458	8
007458_17	7458	17
007459_06	7459	6
007459_08	7459	8
007460_05	7460	5
007460_08	7460	8
007477_11	7477	11
007477_16	7477	16
007479_08	7479	8
007481_02	7481	2
007481_08	7481	8
007481_15	7481	15
007482_01	7482	1
007482_06	7482	6
007486_08	7486	8
007486_14	7486	14
007487_08	7487	8
007492_08	7492	8
007492_11	7492	11
007493_08	7493	8
007541_05	7541	5
007541_14	7541	14
007560_08	7560	8
007560_16	7560	16
007560_17	7560	17
007561_09	7561	9
007561_11	7561	11
007561_16	7561	16
007562_01	7562	1
007562_06	7562	6
007564_11	7564	11
007566_07	7566	7
007569_01	7569	1
007569_02	7569	2
007569_15	7569	15
007569_16	7569	16
007570_01	7570	1
007570_02	7570	2
007570_16	7570	16
007572_08	7572	8
007573_01	7573	1
007573_02	7573	2
007573_16	7573	16
007579_05	7579	5
007579_08	7579	8
007579_14	7579	14
007581_08	7581	8
007584_05	7584	5
007584_14	7584	14
007587_06	7587	6
007587_08	7587	8
007587_16	7587	16
007614_12	7614	12
007614_14	7614	14
007614_18	7614	18
007615_08	7615	8
007616_13	7616	13
007616_16	7616	16
007618_08	7618	8
007619_08	7619	8
007620_05	7620	5
007620_08	7620	8
007624_08	7624	8
007636_11	7636	11
007636_16	7636	16
007646_11	7646	11
007646_13	7646	13
007646_16	7646	16
007647_05	7647	5
007649_02	7649	2
007649_15	7649	15
007650_11	7650	11
007657_01	7657	1
007657_05	7657	5
007657_09	7657	9
007657_11	7657	11
007669_08	7669	8
007669_14	7669	14
007698_08	7698	8
007698_16	7698	16
007700_01	7700	1
007700_02	7700	2
007700_08	7700	8
007700_16	7700	16
007701_05	7701	5
007701_14	7701	14
007702_08	7702	8
007704_01	7704	1
007705_05	7705	5
007705_14	7705	14
007706_05	7706	5
007706_12	7706	12
007707_05	7707	5
007707_08	7707	8
007707_14	7707	14
007708_05	7708	5
007708_09	7708	9
007713_08	7713	8
007713_11	7713	11
007713_14	7713	14
007713_16	7713	16
007714_08	7714	8
007714_12	7714	12
007714_14	7714	14
007716_05	7716	5
007720_01	7720	1
007720_02	7720	2
007720_05	7720	5
007720_14	7720	14
007727_05	7727	5
007728_06	7728	6
007728_08	7728	8
007728_10	7728	10
007728_16	7728	16
007730_05	7730	5
007730_08	7730	8
007742_08	7742	8
007742_11	7742	11
007743_02	7743	2
007743_04	7743	4
007743_15	7743	15
007745_08	7745	8
007748_06	7748	6
007748_08	7748	8
007749_08	7749	8
007753_08	7753	8
007756_01	7756	1
007756_08	7756	8
007756_17	7756	17
007757_01	7757	1
007757_02	7757	2
007757_09	7757	9
007762_08	7762	8
007762_16	7762	16
007766_01	7766	1
007766_08	7766	8
007766_16	7766	16
007766_17	7766	17
007767_08	7767	8
007772_10	7772	10
007772_16	7772	16
007773_08	7773	8
007781_05	7781	5
007782_01	7782	1
007782_08	7782	8
007786_07	7786	7
007789_08	7789	8
007792_16	7792	16
007802_01	7802	1
007802_02	7802	2
007802_06	7802	6
007802_16	7802	16
007810_02	7810	2
007810_15	7810	15
007811_08	7811	8
007811_15	7811	15
007812_08	7812	8
007812_15	7812	15
007815_05	7815	5
007815_12	7815	12
007820_06	7820	6
007820_08	7820	8
007822_02	7822	2
007822_08	7822	8
007822_14	7822	14
007826_05	7826	5
007826_14	7826	14
007826_16	7826	16
007831_05	7831	5
007831_06	7831	6
007831_08	7831	8
007831_13	7831	13
007831_14	7831	14
007832_05	7832	5
007832_06	7832	6
007832_13	7832	13
007833_05	7833	5
007833_06	7833	6
007833_13	7833	13
007834_05	7834	5
007834_06	7834	6
007834_13	7834	13
007834_14	7834	14
007835_05	7835	5
007835_06	7835	6
007835_08	7835	8
007835_12	7835	12
007835_13	7835	13
007835_14	7835	14
007839_05	7839	5
007840_02	7840	2
007840_05	7840	5
007840_17	7840	17
007841_09	7841	9
007841_15	7841	15
007842_08	7842	8
007842_09	7842	9
007842_15	7842	15
007843_05	7843	5
007844_01	7844	1
007844_05	7844	5
007845_05	7845	5
007845_11	7845	11
007845_15	7845	15
007846_05	7846	5
007846_11	7846	11
007846_15	7846	15
007879_05	7879	5
007882_11	7882	11
007883_08	7883	8
007883_11	7883	11
007884_05	7884	5
007888_05	7888	5
007888_12	7888	12
007889_18	7889	18
007891_08	7891	8
007891_11	7891	11
007891_15	7891	15
007894_01	7894	1
007894_18	7894	18
007895_06	7895	6
007895_08	7895	8
007895_16	7895	16
007896_02	7896	2
007896_08	7896	8
007896_18	7896	18
007899_01	7899	1
007900_08	7900	8
007900_11	7900	11
007900_15	7900	15
007916_05	7916	5
007920_05	7920	5
007920_06	7920	6
007924_08	7924	8
007924_10	7924	10
007924_16	7924	16
007925_01	7925	1
007925_02	7925	2
007926_06	7926	6
007926_08	7926	8
007926_10	7926	10
007926_16	7926	16
007930_11	7930	11
007930_13	7930	13
007930_16	7930	16
007932_07	7932	7
007934_05	7934	5
007936_08	7936	8
007936_17	7936	17
007937_08	7937	8
007938_08	7938	8
007939_08	7939	8
007940_08	7940	8
007943_06	7943	6
007943_10	7943	10
007944_08	7944	8
007944_16	7944	16
007951_09	7951	9
007951_11	7951	11
007976_08	7976	8
007979_07	7979	7
007979_12	7979	12
007980_01	7980	1
007980_08	7980	8
007980_17	7980	17
007981_06	7981	6
007981_08	7981	8
007981_16	7981	16
007982_08	7982	8
007982_11	7982	11
007982_13	7982	13
007982_16	7982	16
007983_05	7983	5
007984_11	7984	11
007984_15	7984	15
007986_15	7986	15
007987_11	7987	11
007988_05	7988	5
007988_15	7988	15
007991_01	7991	1
007991_15	7991	15
007993_05	7993	5
007993_11	7993	11
008008_09	8008	9
008008_12	8008	12
008008_14	8008	14
008010_08	8010	8
008011_07	8011	7
008012_05	8012	5
008012_08	8012	8
008014_08	8014	8
008015_02	8015	2
008015_03	8015	3
008015_04	8015	4
008015_09	8015	9
008016_01	8016	1
008016_06	8016	6
008016_08	8016	8
008016_16	8016	16
008019_08	8019	8
008019_11	8019	11
008019_13	8019	13
008019_16	8019	16
008024_05	8024	5
008024_08	8024	8
008024_14	8024	14
008025_08	8025	8
008033_05	8033	5
008033_06	8033	6
008033_14	8033	14
008035_06	8035	6
008035_11	8035	11
008035_16	8035	16
008042_06	8042	6
008042_08	8042	8
008043_05	8043	5
008043_08	8043	8
008044_06	8044	6
008044_08	8044	8
008044_10	8044	10
008045_01	8045	1
008045_08	8045	8
008045_17	8045	17
008057_08	8057	8
008092_08	8092	8
008092_11	8092	11
008092_15	8092	15
008093_01	8093	1
008093_08	8093	8
008093_14	8093	14
008093_16	8093	16
008094_08	8094	8
008094_16	8094	16
008094_18	8094	18
008117_01	8117	1
008117_05	8117	5
008118_01	8118	1
008118_02	8118	2
008118_16	8118	16
008118_17	8118	17
008119_08	8119	8
008121_05	8121	5
008125_08	8125	8
008125_14	8125	14
008126_08	8126	8
008128_08	8128	8
008131_05	8131	5
008131_14	8131	14
008132_01	8132	1
008132_08	8132	8
008136_06	8136	6
008136_11	8136	11
008136_15	8136	15
008137_11	8137	11
008137_15	8137	15
008138_11	8138	11
008138_15	8138	15
008142_01	8142	1
008142_06	8142	6
008143_08	8143	8
008147_08	8147	8
008147_15	8147	15
008153_08	8153	8
008154_08	8154	8
008157_03	8157	3
008157_09	8157	9
008157_16	8157	16
008158_06	8158	6
008158_08	8158	8
008167_01	8167	1
008167_02	8167	2
008167_14	8167	14
008169_04	8169	4
008169_05	8169	5
008169_09	8169	9
008169_15	8169	15
008183_05	8183	5
008183_08	8183	8
008188_08	8188	8
008189_05	8189	5
008190_05	8190	5
008190_08	8190	8
008190_17	8190	17
008191_08	8191	8
008195_08	8195	8
008195_13	8195	13
008195_14	8195	14
008196_05	8196	5
008196_11	8196	11
008197_08	8197	8
008197_14	8197	14
008197_17	8197	17
008199_08	8199	8
008199_16	8199	16
008207_06	8207	6
008207_16	8207	16
008225_11	8225	11
008228_13	8228	13
008232_05	8232	5
008232_08	8232	8
008235_01	8235	1
008235_05	8235	5
008235_14	8235	14
008236_08	8236	8
008236_10	8236	10
008238_05	8238	5
008238_06	8238	6
008239_05	8239	5
008239_08	8239	8
008241_01	8241	1
008241_05	8241	5
008241_16	8241	16
008253_01	8253	1
008253_02	8253	2
008253_03	8253	3
008253_05	8253	5
008253_06	8253	6
008253_13	8253	13
008254_05	8254	5
008254_08	8254	8
008254_09	8254	9
008254_14	8254	14
008261_08	8261	8
008264_07	8264	7
008266_08	8266	8
008266_12	8266	12
008268_01	8268	1
008268_16	8268	16
008270_05	8270	5
008270_08	8270	8
008270_14	8270	14
008275_05	8275	5
008290_01	8290	1
008290_06	8290	6
008293_05	8293	5
008293_08	8293	8
008302_05	8302	5
008302_08	8302	8
008302_14	8302	14
008327_08	8327	8
008327_14	8327	14
008331_05	8331	5
008335_08	8335	8
008336_05	8336	5
008336_14	8336	14
008337_08	8337	8
008337_17	8337	17
008338_08	8338	8
008340_08	8340	8
008340_16	8340	16
008341_02	8341	2
008341_06	8341	6
008341_08	8341	8
008360_02	8360	2
008360_03	8360	3
008360_04	8360	4
008360_05	8360	5
008360_12	8360	12
008360_14	8360	14
008361_01	8361	1
008361_02	8361	2
008361_08	8361	8
008361_15	8361	15
008361_16	8361	16
008362_05	8362	5
008362_08	8362	8
008362_14	8362	14
008363_05	8363	5
008364_08	8364	8
008366_05	8366	5
008366_08	8366	8
008368_02	8368	2
008368_09	8368	9
008368_19	8368	19
008369_01	8369	1
008369_06	8369	6
008369_11	8369	11
008369_13	8369	13
008369_16	8369	16
008370_01	8370	1
008370_05	8370	5
008370_06	8370	6
008370_08	8370	8
008371_01	8371	1
008371_15	8371	15
008371_16	8371	16
008372_03	8372	3
008372_04	8372	4
008372_05	8372	5
008373_05	8373	5
008373_09	8373	9
008373_16	8373	16
008375_07	8375	7
008376_05	8376	5
008378_08	8378	8
008379_08	8379	8
008380_05	8380	5
008382_05	8382	5
008383_05	8383	5
008383_14	8383	14
008385_05	8385	5
008385_14	8385	14
008387_05	8387	5
008387_06	8387	6
008391_05	8391	5
008391_08	8391	8
008402_05	8402	5
008402_14	8402	14
008405_08	8405	8
008405_11	8405	11
008410_06	8410	6
008410_08	8410	8
008410_10	8410	10
008424_08	8424	8
008424_14	8424	14
008425_05	8425	5
008426_03	8426	3
008426_05	8426	5
008426_08	8426	8
008426_09	8426	9
008426_15	8426	15
008427_05	8427	5
008427_15	8427	15
008446_01	8446	1
008446_08	8446	8
008446_14	8446	14
008446_17	8446	17
008447_15	8447	15
008450_02	8450	2
008450_14	8450	14
008451_08	8451	8
008454_05	8454	5
008454_08	8454	8
008454_09	8454	9
008456_06	8456	6
008456_08	8456	8
008456_16	8456	16
008458_08	8458	8
008459_08	8459	8
008459_14	8459	14
008461_08	8461	8
008461_17	8461	17
008462_08	8462	8
008463_08	8463	8
008464_05	8464	5
008464_07	8464	7
008464_08	8464	8
008465_06	8465	6
008465_08	8465	8
008465_10	8465	10
008465_14	8465	14
008477_14	8477	14
008477_15	8477	15
008481_01	8481	1
008481_02	8481	2
008481_08	8481	8
008481_14	8481	14
008481_16	8481	16
008481_18	8481	18
008482_08	8482	8
008482_09	8482	9
008482_11	8482	11
008484_08	8484	8
008484_17	8484	17
008487_04	8487	4
008487_05	8487	5
008487_12	8487	12
008491_06	8491	6
008491_08	8491	8
008491_10	8491	10
008492_08	8492	8
008492_09	8492	9
008493_01	8493	1
008493_08	8493	8
008493_17	8493	17
008494_08	8494	8
008495_06	8495	6
008495_08	8495	8
008500_01	8500	1
008500_11	8500	11
008500_15	8500	15
008501_01	8501	1
008501_16	8501	16
008502_08	8502	8
008502_12	8502	12
008502_14	8502	14
008506_13	8506	13
008506_16	8506	16
008507_06	8507	6
008507_08	8507	8
008507_11	8507	11
008511_05	8511	5
008512_05	8512	5
008518_08	8518	8
008521_08	8521	8
008521_11	8521	11
008526_02	8526	2
008526_04	8526	4
008526_05	8526	5
008528_05	8528	5
008529_05	8529	5
008529_08	8529	8
008529_14	8529	14
008530_08	8530	8
008530_14	8530	14
008531_01	8531	1
008531_05	8531	5
008531_06	8531	6
008532_08	8532	8
008533_08	8533	8
008533_14	8533	14
008534_02	8534	2
008534_04	8534	4
008534_08	8534	8
008535_08	8535	8
008535_12	8535	12
008542_05	8542	5
008542_12	8542	12
008571_05	8571	5
008571_08	8571	8
008574_03	8574	3
008574_04	8574	4
008574_05	8574	5
008574_12	8574	12
008575_05	8575	5
008575_08	8575	8
008577_07	8577	7
008578_01	8578	1
008578_05	8578	5
008578_11	8578	11
008578_15	8578	15
008580_02	8580	2
008580_05	8580	5
008580_09	8580	9
008580_12	8580	12
008581_07	8581	7
008581_08	8581	8
008582_07	8582	7
008582_17	8582	17
008587_07	8587	7
008588_08	8588	8
008588_13	8588	13
008588_14	8588	14
008588_16	8588	16
008591_02	8591	2
008591_08	8591	8
008591_15	8591	15
008593_01	8593	1
008593_06	8593	6
008593_08	8593	8
008593_16	8593	16
008596_05	8596	5
008596_06	8596	6
008600_06	8600	6
008600_08	8600	8
008600_10	8600	10
008600_16	8600	16
008601_05	8601	5
008601_08	8601	8
008604_01	8604	1
008604_05	8604	5
008605_01	8605	1
008605_05	8605	5
008607_02	8607	2
008607_03	8607	3
008607_08	8607	8
008609_05	8609	5
008610_05	8610	5
008610_09	8610	9
008611_05	8611	5
008614_05	8614	5
008614_14	8614	14
008617_08	8617	8
008620_05	8620	5
008620_08	8620	8
008620_09	8620	9
008620_13	8620	13
008622_07	8622	7
008623_05	8623	5
008623_14	8623	14
008626_11	8626	11
008626_15	8626	15
008632_05	8632	5
008633_01	8633	1
008633_02	8633	2
008633_05	8633	5
008633_15	8633	15
008636_01	8636	1
008636_02	8636	2
008636_15	8636	15
008636_19	8636	19
008638_08	8638	8
008638_14	8638	14
008640_01	8640	1
008640_02	8640	2
008640_08	8640	8
008640_17	8640	17
008641_05	8641	5
008643_05	8643	5
008643_14	8643	14
008644_01	8644	1
008644_02	8644	2
008644_15	8644	15
008644_16	8644	16
008645_06	8645	6
008645_08	8645	8
008650_08	8650	8
008656_06	8656	6
008656_08	8656	8
008665_01	8665	1
008665_06	8665	6
008665_16	8665	16
008666_01	8666	1
008666_06	8666	6
008666_09	8666	9
008667_08	8667	8
008667_14	8667	14
008670_06	8670	6
008670_11	8670	11
008670_13	8670	13
008670_16	8670	16
008677_01	8677	1
008677_15	8677	15
008684_02	8684	2
008684_08	8684	8
008685_05	8685	5
008685_08	8685	8
008690_05	8690	5
008690_08	8690	8
008690_15	8690	15
008690_17	8690	17
008695_05	8695	5
008711_05	8711	5
008712_05	8712	5
008712_14	8712	14
008713_02	8713	2
008713_04	8713	4
008713_09	8713	9
008713_12	8713	12
008714_08	8714	8
008714_12	8714	12
008718_08	8718	8
008720_05	8720	5
008724_08	8724	8
008724_17	8724	17
008727_08	8727	8
008730_01	8730	1
008730_08	8730	8
008730_17	8730	17
008738_05	8738	5
008738_08	8738	8
008738_12	8738	12
008738_14	8738	14
008743_02	8743	2
008743_09	8743	9
008743_15	8743	15
008748_05	8748	5
008753_07	8753	7
008754_08	8754	8
008755_07	8755	7
008765_06	8765	6
008765_10	8765	10
008765_16	8765	16
008771_06	8771	6
008771_13	8771	13
008771_16	8771	16
008772_08	8772	8
008772_16	8772	16
008773_06	8773	6
008773_13	8773	13
008773_16	8773	16
008774_13	8774	13
008778_06	8778	6
008778_13	8778	13
008781_16	8781	16
008782_01	8782	1
008782_02	8782	2
008782_09	8782	9
008782_15	8782	15
008783_08	8783	8
008783_13	8783	13
008783_16	8783	16
008784_05	8784	5
008784_08	8784	8
008784_14	8784	14
008795_01	8795	1
008795_02	8795	2
008795_08	8795	8
008795_17	8795	17
008796_05	8796	5
008796_12	8796	12
008798_01	8798	1
008798_06	8798	6
008798_08	8798	8
008798_16	8798	16
008799_05	8799	5
008799_14	8799	14
008800_14	8800	14
008800_15	8800	15
008804_08	8804	8
008807_02	8807	2
008807_05	8807	5
008808_05	8808	5
008808_14	8808	14
008809_05	8809	5
008809_14	8809	14
008810_01	8810	1
008810_11	8810	11
008810_15	8810	15
008810_16	8810	16
008813_08	8813	8
008814_05	8814	5
008815_11	8815	11
008815_16	8815	16
008827_05	8827	5
008827_07	8827	7
008830_02	8830	2
008830_08	8830	8
008830_11	8830	11
008830_15	8830	15
008830_16	8830	16
008831_06	8831	6
008831_16	8831	16
008832_01	8832	1
008832_02	8832	2
008832_08	8832	8
008833_08	8833	8
008833_14	8833	14
008835_08	8835	8
008835_16	8835	16
008836_08	8836	8
008836_14	8836	14
008836_16	8836	16
008838_08	8838	8
008838_14	8838	14
008840_08	8840	8
008844_08	8844	8
008848_08	8848	8
008860_01	8860	1
008860_06	8860	6
008860_08	8860	8
008860_13	8860	13
008860_16	8860	16
008861_01	8861	1
008861_11	8861	11
008861_15	8861	15
008861_16	8861	16
008864_05	8864	5
008864_08	8864	8
008865_01	8865	1
008865_02	8865	2
008865_15	8865	15
008866_05	8866	5
008866_14	8866	14
008869_05	8869	5
008869_14	8869	14
008870_08	8870	8
008870_13	8870	13
008870_15	8870	15
008870_16	8870	16
008873_02	8873	2
008873_08	8873	8
008874_05	8874	5
008874_11	8874	11
008875_08	8875	8
008879_06	8879	6
008879_13	8879	13
008879_16	8879	16
008880_08	8880	8
008894_01	8894	1
008894_08	8894	8
008894_11	8894	11
008894_16	8894	16
008905_02	8905	2
008905_08	8905	8
008906_11	8906	11
008907_03	8907	3
008907_04	8907	4
008907_05	8907	5
008908_01	8908	1
008908_08	8908	8
008908_16	8908	16
008910_05	8910	5
008911_14	8911	14
008912_01	8912	1
008912_05	8912	5
008914_08	8914	8
008914_15	8914	15
008915_08	8915	8
008916_05	8916	5
008916_14	8916	14
008917_01	8917	1
008917_02	8917	2
008917_03	8917	3
008917_05	8917	5
008918_05	8918	5
008918_06	8918	6
008918_08	8918	8
008919_05	8919	5
008919_08	8919	8
008919_09	8919	9
008919_14	8919	14
008920_08	8920	8
008921_08	8921	8
008921_14	8921	14
008928_05	8928	5
008928_11	8928	11
008933_05	8933	5
008933_08	8933	8
008934_03	8934	3
008934_04	8934	4
008934_05	8934	5
008937_01	8937	1
008937_08	8937	8
008938_07	8938	7
008939_15	8939	15
008939_16	8939	16
008943_05	8943	5
008943_08	8943	8
008946_05	8946	5
008947_11	8947	11
008947_13	8947	13
008947_16	8947	16
008948_05	8948	5
008948_08	8948	8
008948_14	8948	14
008949_05	8949	5
008949_08	8949	8
008949_14	8949	14
008950_08	8950	8
008950_13	8950	13
008950_16	8950	16
008951_08	8951	8
008952_08	8952	8
008954_07	8954	7
008955_06	8955	6
008955_08	8955	8
008955_16	8955	16
008957_11	8957	11
008957_13	8957	13
008957_16	8957	16
008958_08	8958	8
008959_08	8959	8
008959_13	8959	13
008961_01	8961	1
008961_02	8961	2
008961_03	8961	3
008961_04	8961	4
008961_05	8961	5
008964_08	8964	8
008965_02	8965	2
008965_03	8965	3
008965_04	8965	4
008965_09	8965	9
008965_19	8965	19
008966_08	8966	8
008967_05	8967	5
008967_11	8967	11
008968_01	8968	1
008968_02	8968	2
008968_05	8968	5
008968_06	8968	6
008968_16	8968	16
008969_05	8969	5
008969_08	8969	8
008969_14	8969	14
008970_08	8970	8
008972_01	8972	1
008972_02	8972	2
008972_08	8972	8
008972_13	8972	13
008972_16	8972	16
008973_08	8973	8
008973_16	8973	16
008974_02	8974	2
008974_03	8974	3
008974_04	8974	4
008974_05	8974	5
008977_01	8977	1
008977_02	8977	2
008977_08	8977	8
008977_17	8977	17
008978_04	8978	4
008978_05	8978	5
008979_07	8979	7
008981_08	8981	8
008981_14	8981	14
008982_08	8982	8
008983_01	8983	1
008983_08	8983	8
008983_14	8983	14
008984_01	8984	1
008984_05	8984	5
008984_06	8984	6
008984_16	8984	16
008985_01	8985	1
008985_09	8985	9
008985_11	8985	11
008985_16	8985	16
008987_07	8987	7
008989_05	8989	5
008989_12	8989	12
008998_07	8998	7
009004_02	9004	2
009004_04	9004	4
009004_15	9004	15
009005_08	9005	8
009005_13	9005	13
009005_15	9005	15
009008_11	9008	11
009008_15	9008	15
009010_08	9010	8
009010_14	9010	14
009018_07	9018	7
009018_17	9018	17
025746_08	25746	8
025746_11	25746	11
025750_05	25750	5
025750_09	25750	9
025750_14	25750	14
025752_05	25752	5
025753_08	25753	8
025757_08	25757	8
025757_12	25757	12
025757_14	25757	14
025769_05	25769	5
025769_14	25769	14
025771_09	25771	9
025773_06	25773	6
025773_08	25773	8
025782_05	25782	5
025788_06	25788	6
025788_08	25788	8
025795_05	25795	5
025795_08	25795	8
025795_14	25795	14
025797_12	25797	12
025805_05	25805	5
025805_08	25805	8
025805_14	25805	14
025825_08	25825	8
025825_10	25825	10
025826_05	25826	5
025826_14	25826	14
025827_05	25827	5
025827_14	25827	14
025833_08	25833	8
025833_14	25833	14
025834_02	25834	2
025834_08	25834	8
025841_08	25841	8
025850_05	25850	5
025850_08	25850	8
025850_14	25850	14
025855_06	25855	6
025855_08	25855	8
025855_16	25855	16
025856_08	25856	8
025856_14	25856	14
025865_08	25865	8
025865_10	25865	10
025870_05	25870	5
025870_09	25870	9
025870_14	25870	14
025886_08	25886	8
025886_14	25886	14
025887_05	25887	5
025887_08	25887	8
025898_08	25898	8
025905_05	25905	5
025905_14	25905	14
025906_08	25906	8
025906_14	25906	14
025923_08	25923	8
025927_08	25927	8
025927_10	25927	10
025927_16	25927	16
025937_12	25937	12
025937_14	25937	14
025940_08	25940	8
025940_10	25940	10
025940_13	25940	13
025946_01	25946	1
025946_02	25946	2
025946_08	25946	8
025946_14	25946	14
025947_05	25947	5
025952_05	25952	5
025952_08	25952	8
025959_05	25959	5
025959_12	25959	12
025959_14	25959	14
025959_18	25959	18
025962_01	25962	1
025962_02	25962	2
025962_14	25962	14
025963_06	25963	6
025963_08	25963	8
025996_08	25996	8
025996_12	25996	12
025999_08	25999	8
026002_06	26002	6
026002_08	26002	8
026002_13	26002	13
026002_16	26002	16
026003_06	26003	6
026003_07	26003	7
026003_17	26003	17
026038_05	26038	5
026038_14	26038	14
026048_08	26048	8
026048_17	26048	17
026052_06	26052	6
026052_08	26052	8
026059_08	26059	8
026073_08	26073	8
026073_17	26073	17
026078_08	26078	8
026082_08	26082	8
026084_04	26084	4
026084_05	26084	5
026084_12	26084	12
026084_14	26084	14
026085_02	26085	2
026085_08	26085	8
026085_14	26085	14
026095_05	26095	5
026095_08	26095	8
026095_17	26095	17
026116_11	26116	11
026116_16	26116	16
026122_08	26122	8
026122_11	26122	11
026122_17	26122	17
026124_15	26124	15
026131_08	26131	8
026131_17	26131	17
026133_03	26133	3
026133_04	26133	4
026133_05	26133	5
026142_02	26142	2
026142_17	26142	17
026142_18	26142	18
026147_05	26147	5
026147_08	26147	8
026147_14	26147	14
026150_08	26150	8
026150_17	26150	17
026151_06	26151	6
026151_08	26151	8
026152_01	26152	1
026152_02	26152	2
026152_05	26152	5
026158_05	26158	5
026158_08	26158	8
026158_17	26158	17
026159_01	26159	1
026159_06	26159	6
026159_08	26159	8
026169_01	26169	1
026169_06	26169	6
026169_08	26169	8
026171_05	26171	5
026172_01	26172	1
026172_06	26172	6
026172_08	26172	8
026172_16	26172	16
026176_07	26176	7
026176_08	26176	8
026183_01	26183	1
026183_02	26183	2
026183_03	26183	3
026183_04	26183	4
026183_05	26183	5
026184_01	26184	1
026184_02	26184	2
026184_05	26184	5
026184_06	26184	6
026184_16	26184	16
026195_07	26195	7
026195_12	26195	12
026198_04	26198	4
026198_05	26198	5
026225_05	26225	5
026225_14	26225	14
026231_06	26231	6
026231_08	26231	8
026231_16	26231	16
026236_01	26236	1
026236_02	26236	2
026236_05	26236	5
026236_08	26236	8
026236_14	26236	14
026236_17	26236	17
026237_08	26237	8
026237_14	26237	14
026242_01	26242	1
026242_13	26242	13
026242_16	26242	16
026249_05	26249	5
026249_18	26249	18
026258_09	26258	9
026258_18	26258	18
026265_02	26265	2
026265_05	26265	5
026265_11	26265	11
026265_14	26265	14
026283_06	26283	6
026283_08	26283	8
026283_16	26283	16
026285_05	26285	5
026285_15	26285	15
026285_16	26285	16
026303_11	26303	11
026303_16	26303	16
026308_08	26308	8
026308_14	26308	14
026313_05	26313	5
026313_08	26313	8
026317_08	26317	8
026317_14	26317	14
026322_01	26322	1
026322_06	26322	6
026322_08	26322	8
026326_08	26326	8
026340_01	26340	1
026340_02	26340	2
026340_03	26340	3
026340_04	26340	4
026340_05	26340	5
026340_09	26340	9
026344_01	26344	1
026344_06	26344	6
026344_08	26344	8
026344_16	26344	16
026347_05	26347	5
026347_08	26347	8
026347_14	26347	14
026350_08	26350	8
026357_11	26357	11
026357_16	26357	16
026359_08	26359	8
026359_17	26359	17
026365_15	26365	15
026365_16	26365	16
026366_07	26366	7
026375_01	26375	1
026375_05	26375	5
026375_06	26375	6
026386_05	26386	5
026386_16	26386	16
026391_08	26391	8
026391_12	26391	12
026391_14	26391	14
026394_08	26394	8
026394_14	26394	14
026399_01	26399	1
026401_01	26401	1
026401_08	26401	8
026409_11	26409	11
026409_15	26409	15
026413_01	26413	1
026413_05	26413	5
026422_05	26422	5
026422_08	26422	8
026422_12	26422	12
026429_05	26429	5
026429_11	26429	11
026429_14	26429	14
026444_02	26444	2
026444_05	26444	5
026444_15	26444	15
026453_08	26453	8
026453_13	26453	13
026464_01	26464	1
026464_06	26464	6
026464_08	26464	8
026467_08	26467	8
026467_15	26467	15
026471_05	26471	5
026471_07	26471	7
026472_02	26472	2
026472_08	26472	8
026492_09	26492	9
026492_11	26492	11
026492_15	26492	15
026492_16	26492	16
026498_08	26498	8
026504_01	26504	1
026504_02	26504	2
026504_04	26504	4
026504_06	26504	6
026504_13	26504	13
026504_16	26504	16
026510_02	26510	2
026510_04	26510	4
026510_09	26510	9
026510_15	26510	15
026523_11	26523	11
026523_16	26523	16
026524_07	26524	7
026527_05	26527	5
026527_08	26527	8
026528_04	26528	4
026528_08	26528	8
026539_08	26539	8
026542_02	26542	2
026542_04	26542	4
026542_09	26542	9
026542_15	26542	15
026547_01	26547	1
026547_05	26547	5
026547_06	26547	6
026547_16	26547	16
026554_08	26554	8
026554_13	26554	13
026554_15	26554	15
026555_05	26555	5
026562_08	26562	8
026564_08	26564	8
026564_12	26564	12
026567_05	26567	5
026578_08	26578	8
026585_06	26585	6
026585_08	26585	8
026585_16	26585	16
026587_06	26587	6
026587_08	26587	8
026587_14	26587	14
026590_01	26590	1
026590_02	26590	2
026590_03	26590	3
026590_04	26590	4
026590_09	26590	9
026590_15	26590	15
026593_01	26593	1
026593_05	26593	5
026593_15	26593	15
026599_05	26599	5
026599_08	26599	8
026599_14	26599	14
026603_09	26603	9
026603_11	26603	11
026603_15	26603	15
026603_16	26603	16
026606_01	26606	1
026606_09	26606	9
026606_11	26606	11
026606_14	26606	14
026612_06	26612	6
026612_08	26612	8
026612_16	26612	16
026614_01	26614	1
026614_02	26614	2
026614_08	26614	8
026614_13	26614	13
026614_16	26614	16
026622_08	26622	8
026629_05	26629	5
026629_11	26629	11
026629_15	26629	15
026630_12	26630	12
026631_03	26631	3
026631_09	26631	9
026631_13	26631	13
026645_05	26645	5
026649_02	26649	2
026649_08	26649	8
026649_18	26649	18
026662_02	26662	2
026662_03	26662	3
026662_04	26662	4
026662_08	26662	8
026662_09	26662	9
026676_05	26676	5
026680_05	26680	5
026680_12	26680	12
026680_14	26680	14
026681_01	26681	1
026681_08	26681	8
026681_17	26681	17
026686_05	26686	5
026686_09	26686	9
026693_08	26693	8
026693_09	26693	9
026693_11	26693	11
026693_13	26693	13
026693_16	26693	16
026694_08	26694	8
026695_08	26695	8
026696_01	26696	1
026700_05	26700	5
026700_06	26700	6
026701_01	26701	1
026701_03	26701	3
026701_06	26701	6
026701_08	26701	8
026701_10	26701	10
026701_13	26701	13
026701_15	26701	15
026701_16	26701	16
026704_06	26704	6
026704_08	26704	8
026704_16	26704	16
026712_07	26712	7
026713_08	26713	8
026713_14	26713	14
026717_08	26717	8
026717_11	26717	11
026726_05	26726	5
026729_07	26729	7
026732_05	26732	5
026736_01	26736	1
026736_06	26736	6
026736_16	26736	16
026741_05	26741	5
026741_09	26741	9
026741_14	26741	14
026743_03	26743	3
026743_08	26743	8
026745_05	26745	5
026745_08	26745	8
026745_14	26745	14
026750_02	26750	2
026750_08	26750	8
026750_18	26750	18
026761_06	26761	6
026761_08	26761	8
026761_13	26761	13
026761_14	26761	14
026761_16	26761	16
026764_01	26764	1
026764_09	26764	9
026764_15	26764	15
026764_16	26764	16
026764_17	26764	17
026765_01	26765	1
026765_05	26765	5
026765_14	26765	14
026776_02	26776	2
026776_03	26776	3
026776_05	26776	5
026776_09	26776	9
026776_14	26776	14
026777_08	26777	8
026778_05	26778	5
026782_08	26782	8
026782_12	26782	12
026791_08	26791	8
026791_14	26791	14
026791_16	26791	16
026791_17	26791	17
026792_01	26792	1
026792_02	26792	2
026792_04	26792	4
026792_05	26792	5
026796_08	26796	8
026796_14	26796	14
026797_07	26797	7
026810_08	26810	8
026812_08	26812	8
026819_01	26819	1
026819_15	26819	15
026828_01	26828	1
026828_04	26828	4
026828_05	26828	5
026838_05	26838	5
026838_08	26838	8
026840_01	26840	1
026840_05	26840	5
026840_06	26840	6
026840_08	26840	8
026849_02	26849	2
026849_08	26849	8
026849_09	26849	9
026849_11	26849	11
026849_15	26849	15
026854_01	26854	1
026854_06	26854	6
026854_11	26854	11
026861_05	26861	5
026861_15	26861	15
026865_01	26865	1
026865_08	26865	8
026870_05	26870	5
026871_05	26871	5
026871_14	26871	14
026875_06	26875	6
026875_10	26875	10
026875_13	26875	13
026875_16	26875	16
026887_08	26887	8
026887_09	26887	9
026887_11	26887	11
026887_13	26887	13
026887_15	26887	15
026887_16	26887	16
026900_05	26900	5
026900_08	26900	8
026901_02	26901	2
026901_18	26901	18
026903_03	26903	3
026903_08	26903	8
026903_14	26903	14
026913_01	26913	1
026913_03	26913	3
026928_05	26928	5
026928_08	26928	8
026928_14	26928	14
026940_05	26940	5
026947_06	26947	6
026947_16	26947	16
026958_14	26958	14
026965_08	26965	8
026965_16	26965	16
026974_08	26974	8
026985_01	26985	1
026985_15	26985	15
026999_02	26999	2
026999_03	26999	3
026999_04	26999	4
026999_12	26999	12
026999_14	26999	14
027002_01	27002	1
027002_07	27002	7
027002_08	27002	8
027002_16	27002	16
027003_01	27003	1
027003_11	27003	11
027003_15	27003	15
027006_08	27006	8
027008_05	27008	5
027008_06	27008	6
027008_11	27008	11
027020_08	27020	8
027020_14	27020	14
027022_01	27022	1
027022_06	27022	6
027022_16	27022	16
027032_01	27032	1
027032_02	27032	2
027032_05	27032	5
027032_15	27032	15
027032_16	27032	16
027036_01	27036	1
027036_02	27036	2
027036_08	27036	8
027036_09	27036	9
027036_14	27036	14
027074_15	27074	15
027075_04	27075	4
027075_05	27075	5
027075_09	27075	9
027105_09	27105	9
027105_18	27105	18
027124_08	27124	8
027124_16	27124	16
027134_01	27134	1
027134_06	27134	6
027134_09	27134	9
027140_11	27140	11
027155_01	27155	1
027155_02	27155	2
027155_03	27155	3
027155_04	27155	4
027155_09	27155	9
027155_15	27155	15
027156_01	27156	1
027156_03	27156	3
027156_08	27156	8
027156_09	27156	9
027156_15	27156	15
027176_07	27176	7
027178_05	27178	5
027178_14	27178	14
027186_02	27186	2
027186_03	27186	3
027186_04	27186	4
027186_09	27186	9
027193_01	27193	1
027193_05	27193	5
027246_08	27246	8
027246_14	27246	14
027251_02	27251	2
027251_05	27251	5
027251_09	27251	9
027255_08	27255	8
027266_08	27266	8
027266_09	27266	9
027266_14	27266	14
027266_15	27266	15
027306_05	27306	5
027306_08	27306	8
027311_01	27311	1
027311_03	27311	3
027311_06	27311	6
027311_15	27311	15
027311_16	27311	16
027317_08	27317	8
027317_11	27317	11
027317_13	27317	13
027317_14	27317	14
027317_16	27317	16
027320_05	27320	5
027320_08	27320	8
027320_09	27320	9
027328_01	27328	1
027328_05	27328	5
027328_06	27328	6
027328_09	27328	9
027328_16	27328	16
027329_07	27329	7
027368_02	27368	2
027368_05	27368	5
027368_09	27368	9
027369_03	27369	3
027369_05	27369	5
027370_05	27370	5
027373_08	27373	8
027397_06	27397	6
027397_08	27397	8
027397_13	27397	13
027397_16	27397	16
027397_17	27397	17
027408_08	27408	8
027408_16	27408	16
027416_05	27416	5
027416_08	27416	8
027416_14	27416	14
027420_05	27420	5
027420_08	27420	8
027420_14	27420	14
027420_15	27420	15
027426_01	27426	1
027426_05	27426	5
027426_16	27426	16
027434_11	27434	11
027434_13	27434	13
027441_01	27441	1
027441_03	27441	3
027441_11	27441	11
027450_02	27450	2
027450_18	27450	18
027473_05	27473	5
027473_06	27473	6
027473_11	27473	11
027473_13	27473	13
027473_16	27473	16
027478_05	27478	5
027480_01	27480	1
027480_06	27480	6
027480_16	27480	16
027482_11	27482	11
027482_13	27482	13
027482_15	27482	15
027491_11	27491	11
027491_13	27491	13
027491_16	27491	16
027513_08	27513	8
027523_05	27523	5
027523_14	27523	14
027537_05	27537	5
027537_09	27537	9
027537_13	27537	13
027537_15	27537	15
027539_05	27539	5
027539_14	27539	14
027549_05	27549	5
027549_06	27549	6
027549_08	27549	8
027549_15	27549	15
027549_16	27549	16
027555_05	27555	5
027563_05	27563	5
027563_11	27563	11
027563_12	27563	12
027584_05	27584	5
027584_11	27584	11
027584_13	27584	13
027584_16	27584	16
027592_06	27592	6
027592_08	27592	8
027595_01	27595	1
027595_05	27595	5
027595_11	27595	11
027595_12	27595	12
027604_11	27604	11
027604_13	27604	13
027604_16	27604	16
027611_08	27611	8
027611_15	27611	15
027611_17	27611	17
027618_01	27618	1
027618_02	27618	2
027618_08	27618	8
027618_15	27618	15
027618_16	27618	16
027619_02	27619	2
027619_03	27619	3
027619_04	27619	4
027619_05	27619	5
027627_08	27627	8
027627_14	27627	14
027644_05	27644	5
027644_08	27644	8
027644_14	27644	14
027660_01	27660	1
027660_03	27660	3
027660_08	27660	8
027660_15	27660	15
027664_08	27664	8
027667_11	27667	11
027674_05	27674	5
027674_06	27674	6
027674_08	27674	8
027674_13	27674	13
027674_16	27674	16
027683_01	27683	1
027683_05	27683	5
027683_11	27683	11
027683_15	27683	15
027683_16	27683	16
027683_18	27683	18
027685_05	27685	5
027689_01	27689	1
027689_06	27689	6
027689_16	27689	16
027692_01	27692	1
027692_05	27692	5
027692_08	27692	8
027692_17	27692	17
027695_01	27695	1
027695_05	27695	5
027695_08	27695	8
027704_01	27704	1
027704_08	27704	8
027704_16	27704	16
027704_17	27704	17
027705_01	27705	1
027705_08	27705	8
027705_16	27705	16
027706_02	27706	2
027706_04	27706	4
027706_05	27706	5
027706_09	27706	9
027708_01	27708	1
027708_02	27708	2
027708_08	27708	8
027708_14	27708	14
027716_05	27716	5
027716_06	27716	6
027716_08	27716	8
027716_14	27716	14
027721_08	27721	8
027721_13	27721	13
027721_14	27721	14
027721_17	27721	17
027722_08	27722	8
027722_14	27722	14
027728_01	27728	1
027728_03	27728	3
027728_08	27728	8
027728_15	27728	15
027728_16	27728	16
027731_02	27731	2
027731_03	27731	3
027731_04	27731	4
027731_09	27731	9
027741_08	27741	8
027741_14	27741	14
027744_08	27744	8
027744_14	27744	14
027746_11	27746	11
027746_16	27746	16
027751_08	27751	8
027751_11	27751	11
027751_13	27751	13
027751_16	27751	16
027762_05	27762	5
027768_08	27768	8
027769_08	27769	8
027772_11	27772	11
027773_13	27773	13
027773_16	27773	16
027776_08	27776	8
027778_09	27778	9
027778_11	27778	11
027784_11	27784	11
027784_13	27784	13
027788_08	27788	8
027788_13	27788	13
027788_15	27788	15
027788_16	27788	16
027790_04	27790	4
027790_05	27790	5
027790_06	27790	6
027790_08	27790	8
027790_09	27790	9
027793_01	27793	1
027793_11	27793	11
027793_15	27793	15
027793_17	27793	17
027801_01	27801	1
027801_16	27801	16
027802_01	27802	1
027802_06	27802	6
027802_08	27802	8
027802_16	27802	16
027803_08	27803	8
027808_05	27808	5
027808_08	27808	8
027808_14	27808	14
027815_08	27815	8
027816_01	27816	1
027816_02	27816	2
027816_08	27816	8
027816_17	27816	17
027820_07	27820	7
027820_08	27820	8
027821_08	27821	8
027821_16	27821	16
027822_08	27822	8
027822_16	27822	16
027826_05	27826	5
027826_08	27826	8
027826_14	27826	14
027829_07	27829	7
027830_08	27830	8
027831_06	27831	6
027831_08	27831	8
027831_16	27831	16
027834_08	27834	8
027837_01	27837	1
027837_02	27837	2
027838_08	27838	8
027838_16	27838	16
027839_08	27839	8
027839_11	27839	11
027839_13	27839	13
027839_16	27839	16
027846_07	27846	7
027850_07	27850	7
027865_01	27865	1
027865_02	27865	2
027865_08	27865	8
027865_16	27865	16
027866_08	27866	8
027869_01	27869	1
027869_08	27869	8
027869_17	27869	17
027873_07	27873	7
027878_07	27878	7
027879_07	27879	7
027882_07	27882	7
027899_05	27899	5
027899_07	27899	7
027899_08	27899	8
027904_03	27904	3
027904_08	27904	8
027904_13	27904	13
027904_15	27904	15
027904_16	27904	16
027905_01	27905	1
027905_08	27905	8
027905_09	27905	9
027905_15	27905	15
027912_07	27912	7
030707_08	30707	8
030745_05	30745	5
030745_06	30745	6
030745_08	30745	8
030745_11	30745	11
030745_13	30745	13
030749_08	30749	8
030749_17	30749	17
030793_02	30793	2
030793_04	30793	4
030793_05	30793	5
030793_09	30793	9
030793_19	30793	19
030803_08	30803	8
030803_14	30803	14
030810_02	30810	2
030810_05	30810	5
030810_09	30810	9
030812_08	30812	8
030816_08	30816	8
030816_12	30816	12
030816_14	30816	14
030818_08	30818	8
030818_12	30818	12
030820_08	30820	8
030822_05	30822	5
030822_08	30822	8
030825_05	30825	5
030846_06	30846	6
030846_08	30846	8
030846_16	30846	16
030848_08	30848	8
030850_08	30850	8
030883_05	30883	5
030883_09	30883	9
030890_08	30890	8
030892_03	30892	3
030892_07	30892	7
030894_08	30894	8
030894_11	30894	11
030894_13	30894	13
030894_15	30894	15
030894_16	30894	16
030898_05	30898	5
030898_08	30898	8
030898_14	30898	14
030994_05	30994	5
030994_08	30994	8
031000_05	31000	5
031030_04	31030	4
031030_08	31030	8
031038_08	31038	8
031038_14	31038	14
031049_05	31049	5
031049_16	31049	16
031083_05	31083	5
031083_14	31083	14
031086_06	31086	6
031086_08	31086	8
031101_01	31101	1
031101_06	31101	6
031101_08	31101	8
031114_05	31114	5
031114_08	31114	8
031116_08	31116	8
031116_17	31116	17
031123_05	31123	5
031123_06	31123	6
031150_03	31150	3
031150_09	31150	9
031150_15	31150	15
031150_17	31150	17
031162_05	31162	5
031162_08	31162	8
031184_01	31184	1
031184_03	31184	3
031184_09	31184	9
031184_15	31184	15
031193_03	31193	3
031193_04	31193	4
031193_12	31193	12
031221_01	31221	1
031221_02	31221	2
031221_06	31221	6
031221_08	31221	8
031223_04	31223	4
031223_05	31223	5
031225_08	31225	8
031260_08	31260	8
031297_05	31297	5
031297_12	31297	12
031309_06	31309	6
031309_08	31309	8
031364_06	31364	6
031364_08	31364	8
031364_13	31364	13
031364_16	31364	16
031367_01	31367	1
031367_02	31367	2
031367_05	31367	5
031367_06	31367	6
031367_14	31367	14
031367_16	31367	16
031410_08	31410	8
031410_17	31410	17
031420_01	31420	1
031420_06	31420	6
031420_08	31420	8
031420_16	31420	16
031422_04	31422	4
031422_05	31422	5
031424_01	31424	1
031424_11	31424	11
031424_15	31424	15
031424_16	31424	16
031427_11	31427	11
031427_13	31427	13
031427_16	31427	16
031431_08	31431	8
031431_11	31431	11
031431_13	31431	13
031431_16	31431	16
031433_05	31433	5
031433_14	31433	14
031435_08	31435	8
031437_08	31437	8
031445_05	31445	5
031445_08	31445	8
031522_08	31522	8
031545_06	31545	6
031545_10	31545	10
031553_01	31553	1
031553_02	31553	2
031553_15	31553	15
031590_06	31590	6
031590_08	31590	8
031590_16	31590	16
031610_08	31610	8
031617_01	31617	1
031617_02	31617	2
031617_08	31617	8
031617_14	31617	14
031617_17	31617	17
031658_02	31658	2
031658_03	31658	3
031658_09	31658	9
031658_14	31658	14
031660_01	31660	1
031660_03	31660	3
031660_08	31660	8
031660_15	31660	15
031664_01	31664	1
031664_05	31664	5
031664_14	31664	14
031685_05	31685	5
031685_14	31685	14
031692_05	31692	5
031694_05	31694	5
031694_12	31694	12
031694_14	31694	14
031696_01	31696	1
031696_09	31696	9
031696_11	31696	11
031696_16	31696	16
031698_02	31698	2
031698_04	31698	4
031698_05	31698	5
031698_09	31698	9
031700_04	31700	4
031700_05	31700	5
031700_08	31700	8
031702_08	31702	8
031702_17	31702	17
031737_13	31737	13
031737_16	31737	16
031804_01	31804	1
031804_09	31804	9
031804_11	31804	11
031804_13	31804	13
031804_15	31804	15
031804_16	31804	16
031851_05	31851	5
031867_01	31867	1
031867_05	31867	5
031878_01	31878	1
031878_05	31878	5
031903_08	31903	8
031903_14	31903	14
031909_05	31909	5
031909_11	31909	11
031921_02	31921	2
031921_05	31921	5
031921_06	31921	6
031921_08	31921	8
031921_13	31921	13
031921_16	31921	16
031923_01	31923	1
031923_02	31923	2
031923_05	31923	5
031925_02	31925	2
031925_05	31925	5
031925_14	31925	14
031952_05	31952	5
031952_06	31952	6
031952_08	31952	8
031952_13	31952	13
031973_08	31973	8
031973_17	31973	17
032009_05	32009	5
032009_08	32009	8
032009_14	32009	14
032011_11	32011	11
032011_16	32011	16
032017_01	32017	1
032017_05	32017	5
032019_05	32019	5
032019_06	32019	6
032019_12	32019	12
032022_07	32022	7
032022_17	32022	17
032029_01	32029	1
032029_06	32029	6
032029_08	32029	8
032029_16	32029	16
032031_02	32031	2
032031_03	32031	3
032031_04	32031	4
032031_05	32031	5
032031_09	32031	9
032031_15	32031	15
032031_19	32031	19
032058_08	32058	8
032060_11	32060	11
032060_13	32060	13
032116_05	32116	5
032139_08	32139	8
032160_05	32160	5
032179_06	32179	6
032179_08	32179	8
032179_16	32179	16
032213_11	32213	11
032213_13	32213	13
032213_15	32213	15
032213_16	32213	16
032234_08	32234	8
032243_01	32243	1
032243_05	32243	5
032243_06	32243	6
032289_04	32289	4
032289_05	32289	5
032289_08	32289	8
032291_05	32291	5
032291_08	32291	8
032294_08	32294	8
032296_02	32296	2
032296_05	32296	5
032296_06	32296	6
032298_05	32298	5
032298_14	32298	14
032300_01	32300	1
032300_05	32300	5
032302_07	32302	7
032314_02	32314	2
032314_05	32314	5
032314_07	32314	7
032371_06	32371	6
032371_08	32371	8
032371_10	32371	10
032387_01	32387	1
032387_08	32387	8
032392_05	32392	5
032392_06	32392	6
032392_08	32392	8
032392_18	32392	18
032440_01	32440	1
032440_05	32440	5
032442_05	32442	5
032456_03	32456	3
032456_05	32456	5
032456_08	32456	8
032456_09	32456	9
032460_01	32460	1
032460_05	32460	5
032460_06	32460	6
032460_08	32460	8
032469_05	32469	5
032469_06	32469	6
032469_08	32469	8
032511_01	32511	1
032511_02	32511	2
032515_02	32515	2
032515_08	32515	8
032515_17	32515	17
032515_18	32515	18
032554_03	32554	3
032554_09	32554	9
032554_15	32554	15
032554_16	32554	16
032582_07	32582	7
032584_08	32584	8
032587_01	32587	1
032587_06	32587	6
032587_10	32587	10
032587_13	32587	13
032587_16	32587	16
032589_05	32589	5
032596_01	32596	1
032596_02	32596	2
032596_05	32596	5
032598_05	32598	5
032598_14	32598	14
032600_08	32600	8
032620_05	32620	5
032620_12	32620	12
032620_14	32620	14
032632_01	32632	1
032632_06	32632	6
032649_08	32649	8
032649_17	32649	17
032657_03	32657	3
032657_08	32657	8
032659_05	32659	5
032666_05	32666	5
032728_08	32728	8
032728_13	32728	13
032728_16	32728	16
032743_08	32743	8
032743_11	32743	11
032743_16	32743	16
032770_08	32770	8
032799_08	32799	8
032799_14	32799	14
032862_05	32862	5
032862_14	32862	14
032875_05	32875	5
032892_08	32892	8
032892_17	32892	17
032898_01	32898	1
032898_02	32898	2
032898_09	32898	9
032898_15	32898	15
032906_08	32906	8
032906_17	32906	17
032914_08	32914	8
032914_11	32914	11
032914_16	32914	16
032917_05	32917	5
032917_09	32917	9
032917_14	32917	14
033004_02	33004	2
033004_05	33004	5
033004_15	33004	15
033085_11	33085	11
033085_16	33085	16
033090_03	33090	3
033090_05	33090	5
033090_15	33090	15
033124_08	33124	8
033124_17	33124	17
033126_05	33126	5
033126_18	33126	18
033132_01	33132	1
033132_06	33132	6
033132_08	33132	8
033138_02	33138	2
033138_05	33138	5
033138_08	33138	8
033145_05	33145	5
033145_08	33145	8
033145_14	33145	14
033148_05	33148	5
033148_06	33148	6
033154_07	33154	7
033158_01	33158	1
033158_06	33158	6
033158_16	33158	16
033162_01	33162	1
033162_08	33162	8
033162_14	33162	14
033162_17	33162	17
033164_11	33164	11
033164_16	33164	16
033166_06	33166	6
033166_08	33166	8
033171_08	33171	8
033171_13	33171	13
033188_05	33188	5
033188_14	33188	14
033201_08	33201	8
033201_13	33201	13
033201_14	33201	14
033201_16	33201	16
033237_08	33237	8
033237_12	33237	12
033237_14	33237	14
033294_03	33294	3
033294_09	33294	9
033294_11	33294	11
033310_08	33310	8
033310_14	33310	14
033312_05	33312	5
033312_12	33312	12
033421_08	33421	8
033435_07	33435	7
033437_01	33437	1
033437_06	33437	6
033437_08	33437	8
033437_16	33437	16
033493_01	33493	1
033493_02	33493	2
033493_15	33493	15
033495_05	33495	5
033499_05	33499	5
033499_14	33499	14
033558_02	33558	2
033558_08	33558	8
033564_05	33564	5
033615_02	33615	2
033615_03	33615	3
033615_04	33615	4
033615_05	33615	5
033629_02	33629	2
033629_05	33629	5
033639_04	33639	4
033639_07	33639	7
033644_11	33644	11
033644_16	33644	16
033646_05	33646	5
033646_08	33646	8
033649_05	33649	5
033649_08	33649	8
033649_14	33649	14
033660_08	33660	8
033660_14	33660	14
033669_02	33669	2
033669_05	33669	5
033669_08	33669	8
033672_01	33672	1
033672_05	33672	5
033672_08	33672	8
033677_07	33677	7
033679_01	33679	1
033679_02	33679	2
033679_05	33679	5
033679_14	33679	14
033681_01	33681	1
033681_02	33681	2
033681_04	33681	4
033681_09	33681	9
033683_11	33683	11
033683_16	33683	16
033725_05	33725	5
033725_08	33725	8
033725_12	33725	12
033779_05	33779	5
033781_08	33781	8
033781_14	33781	14
033794_01	33794	1
033794_06	33794	6
033794_19	33794	19
033801_01	33801	1
033801_02	33801	2
033801_09	33801	9
033801_15	33801	15
033815_05	33815	5
033815_08	33815	8
033815_14	33815	14
033826_05	33826	5
033826_08	33826	8
033830_02	33830	2
033830_05	33830	5
033830_14	33830	14
033834_01	33834	1
033834_11	33834	11
033834_16	33834	16
033836_05	33836	5
033836_09	33836	9
033836_14	33836	14
033838_07	33838	7
033880_05	33880	5
033880_08	33880	8
033893_05	33893	5
033893_06	33893	6
033893_16	33893	16
033896_11	33896	11
033903_05	33903	5
033903_06	33903	6
033903_08	33903	8
033903_14	33903	14
033966_05	33966	5
034018_05	34018	5
034018_12	34018	12
034048_01	34048	1
034048_02	34048	2
034048_15	34048	15
034048_16	34048	16
034072_07	34072	7
034129_05	34129	5
034143_08	34143	8
034143_11	34143	11
034143_16	34143	16
034148_08	34148	8
034150_01	34150	1
034150_02	34150	2
034150_15	34150	15
034153_07	34153	7
034162_05	34162	5
034162_14	34162	14
034164_05	34164	5
034164_08	34164	8
034271_06	34271	6
034271_08	34271	8
034292_01	34292	1
034292_11	34292	11
034292_15	34292	15
034312_05	34312	5
034319_01	34319	1
034319_15	34319	15
034319_16	34319	16
034321_04	34321	4
034321_05	34321	5
034323_01	34323	1
034323_06	34323	6
034323_11	34323	11
034326_08	34326	8
034330_08	34330	8
034330_13	34330	13
034332_01	34332	1
034332_02	34332	2
034332_04	34332	4
034332_05	34332	5
034334_01	34334	1
034334_02	34334	2
034334_15	34334	15
034334_16	34334	16
034336_05	34336	5
034336_14	34336	14
034338_05	34338	5
034338_07	34338	7
034359_05	34359	5
034397_01	34397	1
034397_02	34397	2
034397_08	34397	8
034397_16	34397	16
034405_01	34405	1
034405_02	34405	2
034405_15	34405	15
034437_05	34437	5
034437_08	34437	8
034450_01	34450	1
034450_05	34450	5
034450_06	34450	6
034450_08	34450	8
034482_08	34482	8
034520_01	34520	1
034520_02	34520	2
034520_05	34520	5
034523_05	34523	5
034523_08	34523	8
034528_05	34528	5
034528_08	34528	8
034530_05	34530	5
034532_08	34532	8
034532_11	34532	11
034532_13	34532	13
034532_16	34532	16
034534_01	34534	1
034534_06	34534	6
034534_08	34534	8
034536_01	34536	1
034536_08	34536	8
034536_17	34536	17
034540_05	34540	5
034540_08	34540	8
034542_07	34542	7
034800_05	34800	5
034811_01	34811	1
034811_06	34811	6
034811_08	34811	8
034811_16	34811	16
035015_02	35015	2
035015_08	35015	8
035347_03	35347	3
035347_08	35347	8
035807_05	35807	5
035836_05	35836	5
035836_14	35836	14
035957_11	35957	11
035957_16	35957	16
036276_08	36276	8
036276_13	36276	13
036276_16	36276	16
036289_02	36289	2
036289_04	36289	4
036289_05	36289	5
036289_09	36289	9
036363_05	36363	5
036363_08	36363	8
036363_15	36363	15
036397_02	36397	2
036397_03	36397	3
036397_04	36397	4
036397_05	36397	5
036397_09	36397	9
036397_17	36397	17
036401_05	36401	5
036401_09	36401	9
036401_11	36401	11
036401_16	36401	16
036477_05	36477	5
036477_08	36477	8
036477_14	36477	14
036509_01	36509	1
036509_02	36509	2
036509_11	36509	11
036509_13	36509	13
036509_15	36509	15
036509_16	36509	16
036517_08	36517	8
036517_16	36517	16
036519_01	36519	1
036519_06	36519	6
036519_16	36519	16
036525_05	36525	5
036525_09	36525	9
036525_14	36525	14
036527_08	36527	8
036529_01	36529	1
036529_06	36529	6
036529_08	36529	8
036529_16	36529	16
036529_17	36529	17
036533_08	36533	8
036533_11	36533	11
036533_13	36533	13
036533_16	36533	16
036535_05	36535	5
036535_08	36535	8
036537_05	36537	5
036537_08	36537	8
036708_02	36708	2
036708_03	36708	3
036708_05	36708	5
036850_01	36850	1
036850_05	36850	5
036850_06	36850	6
036850_16	36850	16
036931_01	36931	1
036931_06	36931	6
036931_08	36931	8
037211_05	37211	5
037211_12	37211	12
037211_18	37211	18
037240_07	37240	7
037380_01	37380	1
037380_11	37380	11
037380_15	37380	15
037382_06	37382	6
037382_08	37382	8
037382_16	37382	16
037384_05	37384	5
037386_01	37386	1
037386_15	37386	15
037444_05	37444	5
037444_11	37444	11
037444_14	37444	14
037475_08	37475	8
037477_01	37477	1
037477_05	37477	5
037477_06	37477	6
037495_09	37495	9
037495_13	37495	13
037495_14	37495	14
037495_16	37495	16
037545_08	37545	8
037720_06	37720	6
037720_08	37720	8
037720_11	37720	11
037720_16	37720	16
037727_01	37727	1
037727_08	37727	8
037727_16	37727	16
037729_03	37729	3
037729_05	37729	5
037729_09	37729	9
037729_12	37729	12
037729_14	37729	14
037731_06	37731	6
037731_08	37731	8
037733_01	37733	1
037733_06	37733	6
037733_08	37733	8
037733_16	37733	16
037736_08	37736	8
037739_08	37739	8
037741_06	37741	6
037741_08	37741	8
037830_01	37830	1
037830_02	37830	2
037830_03	37830	3
037830_09	37830	9
037830_15	37830	15
037844_05	37844	5
037844_08	37844	8
037844_14	37844	14
037853_01	37853	1
037853_02	37853	2
037853_06	37853	6
037853_16	37853	16
037857_02	37857	2
037857_04	37857	4
037857_08	37857	8
037857_09	37857	9
038038_02	38038	2
038038_03	38038	3
038038_04	38038	4
038038_05	38038	5
038061_05	38061	5
038061_06	38061	6
038061_13	38061	13
038061_16	38061	16
038095_01	38095	1
038095_06	38095	6
038095_08	38095	8
038159_08	38159	8
038159_14	38159	14
038164_08	38164	8
038164_14	38164	14
038198_07	38198	7
038294_01	38294	1
038294_02	38294	2
038294_08	38294	8
038294_09	38294	9
038304_07	38304	7
038388_08	38388	8
038583_01	38583	1
038583_11	38583	11
038583_15	38583	15
038583_16	38583	16
038798_05	38798	5
038798_08	38798	8
038886_05	38886	5
038886_08	38886	8
038992_08	38992	8
039183_08	39183	8
039183_14	39183	14
039231_05	39231	5
039231_08	39231	8
039231_14	39231	14
039234_08	39234	8
039292_06	39292	6
039292_08	39292	8
039307_04	39307	4
039307_08	39307	8
039381_06	39381	6
039381_08	39381	8
039381_18	39381	18
039400_01	39400	1
039400_11	39400	11
039400_13	39400	13
039400_16	39400	16
039414_05	39414	5
039414_08	39414	8
039414_14	39414	14
039427_16	39427	16
039435_01	39435	1
039435_02	39435	2
039435_08	39435	8
039435_18	39435	18
039444_05	39444	5
039444_08	39444	8
039446_11	39446	11
039446_16	39446	16
039449_05	39449	5
039449_08	39449	8
039449_14	39449	14
039516_08	39516	8
039715_05	39715	5
039801_02	39801	2
039801_05	39801	5
039801_09	39801	9
039801_11	39801	11
039869_08	39869	8
040148_06	40148	6
040148_08	40148	8
040148_16	40148	16
040278_01	40278	1
040278_08	40278	8
040278_17	40278	17
040339_01	40339	1
040339_02	40339	2
040339_03	40339	3
040339_04	40339	4
040339_05	40339	5
040339_15	40339	15
040412_06	40412	6
040412_16	40412	16
040414_08	40414	8
040414_17	40414	17
040478_11	40478	11
040478_15	40478	15
040478_16	40478	16
040491_05	40491	5
040491_08	40491	8
040578_01	40578	1
040578_08	40578	8
040581_05	40581	5
040581_14	40581	14
040583_08	40583	8
040583_16	40583	16
040597_05	40597	5
040597_08	40597	8
040614_08	40614	8
040614_16	40614	16
040617_11	40617	11
040617_16	40617	16
040629_08	40629	8
040629_14	40629	14
040697_15	40697	15
040723_06	40723	6
040723_11	40723	11
040723_16	40723	16
040732_02	40732	2
040732_08	40732	8
040732_11	40732	11
040732_16	40732	16
040815_02	40815	2
040815_09	40815	9
040815_16	40815	16
040815_19	40815	19
040819_08	40819	8
040819_12	40819	12
040819_14	40819	14
040826_08	40826	8
040826_12	40826	12
040826_14	40826	14
040851_01	40851	1
040851_02	40851	2
040851_04	40851	4
040851_09	40851	9
040870_08	40870	8
040946_05	40946	5
040946_12	40946	12
040955_05	40955	5
040955_08	40955	8
040959_01	40959	1
040959_05	40959	5
040959_06	40959	6
040959_16	40959	16
040962_05	40962	5
040962_14	40962	14
040966_08	40966	8
041014_06	41014	6
041014_11	41014	11
041014_13	41014	13
041014_16	41014	16
041285_06	41285	6
041285_08	41285	8
041285_14	41285	14
041527_06	41527	6
041527_08	41527	8
041527_16	41527	16
041527_17	41527	17
041566_02	41566	2
041566_04	41566	4
041566_09	41566	9
041569_01	41569	1
041569_02	41569	2
041569_08	41569	8
041569_09	41569	9
041569_16	41569	16
041571_08	41571	8
041571_14	41571	14
041573_05	41573	5
041573_08	41573	8
041573_14	41573	14
041617_06	41617	6
041617_08	41617	8
041617_14	41617	14
041627_01	41627	1
041627_08	41627	8
041712_05	41712	5
041712_08	41712	8
041716_05	41716	5
041716_08	41716	8
041716_16	41716	16
041724_07	41724	7
041769_05	41769	5
041769_08	41769	8
041769_14	41769	14
041828_05	41828	5
041828_17	41828	17
041863_02	41863	2
041863_06	41863	6
041863_08	41863	8
041997_01	41997	1
041997_06	41997	6
041997_08	41997	8
041997_16	41997	16
042002_05	42002	5
042002_12	42002	12
042004_02	42004	2
042004_05	42004	5
042004_08	42004	8
042007_05	42007	5
042007_08	42007	8
042007_14	42007	14
042009_02	42009	2
042009_05	42009	5
042011_05	42011	5
042011_06	42011	6
042013_05	42013	5
042015_01	42015	1
042015_02	42015	2
042015_05	42015	5
042015_08	42015	8
042015_14	42015	14
042018_05	42018	5
042018_08	42018	8
042176_08	42176	8
042176_16	42176	16
042191_03	42191	3
042191_04	42191	4
042285_11	42285	11
042285_16	42285	16
042418_02	42418	2
042418_08	42418	8
042418_14	42418	14
042422_03	42422	3
042422_08	42422	8
042422_14	42422	14
042422_15	42422	15
042556_09	42556	9
042556_13	42556	13
042556_18	42556	18
042559_01	42559	1
042559_02	42559	2
042559_08	42559	8
042602_07	42602	7
042632_06	42632	6
042632_08	42632	8
042632_13	42632	13
042632_16	42632	16
042638_05	42638	5
042638_08	42638	8
042718_01	42718	1
042718_06	42718	6
042718_15	42718	15
042723_11	42723	11
042725_05	42725	5
042728_08	42728	8
042728_14	42728	14
042730_08	42730	8
042732_05	42732	5
042734_03	42734	3
042734_04	42734	4
042734_05	42734	5
042738_01	42738	1
042738_09	42738	9
042738_11	42738	11
042740_05	42740	5
042761_02	42761	2
042761_04	42761	4
042761_05	42761	5
042761_09	42761	9
042943_02	42943	2
042943_08	42943	8
042943_17	42943	17
042946_01	42946	1
042946_05	42946	5
043289_02	43289	2
043289_05	43289	5
043289_08	43289	8
043289_09	43289	9
043333_08	43333	8
043333_14	43333	14
043376_08	43376	8
043376_17	43376	17
043396_08	43396	8
043419_01	43419	1
043419_05	43419	5
043419_06	43419	6
043419_18	43419	18
043460_05	43460	5
043460_08	43460	8
043549_01	43549	1
043549_06	43549	6
043549_08	43549	8
043549_11	43549	11
043556_08	43556	8
043558_01	43558	1
043558_05	43558	5
043558_06	43558	6
043560_04	43560	4
043560_05	43560	5
043560_09	43560	9
043677_08	43677	8
043677_17	43677	17
043679_11	43679	11
043679_13	43679	13
043679_16	43679	16
043684_05	43684	5
043684_08	43684	8
043684_14	43684	14
043708_05	43708	5
043708_07	43708	7
043744_05	43744	5
043744_08	43744	8
043744_14	43744	14
043836_02	43836	2
043836_05	43836	5
043836_06	43836	6
043869_02	43869	2
043869_03	43869	3
043869_04	43869	4
043869_05	43869	5
043871_06	43871	6
043871_08	43871	8
043871_16	43871	16
043904_11	43904	11
043904_16	43904	16
043908_08	43908	8
043912_06	43912	6
043912_08	43912	8
043914_08	43914	8
043917_01	43917	1
043917_02	43917	2
043917_08	43917	8
043917_14	43917	14
043919_05	43919	5
043919_14	43919	14
043921_01	43921	1
043921_06	43921	6
043921_16	43921	16
043928_01	43928	1
043928_09	43928	9
043928_15	43928	15
043928_16	43928	16
043930_05	43930	5
043930_14	43930	14
043932_01	43932	1
043932_08	43932	8
043932_09	43932	9
043932_11	43932	11
043932_13	43932	13
043932_15	43932	15
043932_16	43932	16
043936_06	43936	6
043936_16	43936	16
044004_05	44004	5
044004_14	44004	14
044020_01	44020	1
044020_03	44020	3
044020_04	44020	4
044020_15	44020	15
044022_02	44022	2
044022_03	44022	3
044022_04	44022	4
044022_05	44022	5
044189_08	44189	8
044189_14	44189	14
044191_01	44191	1
044191_15	44191	15
044191_16	44191	16
044191_19	44191	19
044193_05	44193	5
044193_14	44193	14
044195_05	44195	5
044195_08	44195	8
044197_05	44197	5
044197_06	44197	6
044197_08	44197	8
044199_06	44199	6
044199_08	44199	8
044199_16	44199	16
044204_06	44204	6
044204_08	44204	8
044225_04	44225	4
044225_05	44225	5
044225_09	44225	9
044238_05	44238	5
044238_09	44238	9
044238_11	44238	11
044241_05	44241	5
044241_09	44241	9
044241_11	44241	11
044243_05	44243	5
044243_09	44243	9
044243_11	44243	11
044243_15	44243	15
044301_06	44301	6
044301_08	44301	8
044397_08	44397	8
044397_11	44397	11
044397_16	44397	16
044399_02	44399	2
044399_04	44399	4
044399_05	44399	5
044399_09	44399	9
044511_07	44511	7
044555_08	44555	8
044555_14	44555	14
044555_16	44555	16
044597_01	44597	1
044597_06	44597	6
044597_13	44597	13
044613_08	44613	8
044633_07	44633	7
044657_08	44657	8
044665_06	44665	6
044665_08	44665	8
044665_13	44665	13
044694_05	44694	5
044694_08	44694	8
044709_08	44709	8
044719_08	44719	8
044731_11	44731	11
044731_15	44731	15
044731_16	44731	16
044759_06	44759	6
044759_08	44759	8
044759_13	44759	13
044759_16	44759	16
044761_06	44761	6
044761_08	44761	8
044761_10	44761	10
044761_13	44761	13
044773_05	44773	5
044773_11	44773	11
044777_05	44777	5
044777_11	44777	11
044777_15	44777	15
044788_07	44788	7
044828_05	44828	5
044828_11	44828	11
044828_15	44828	15
044840_05	44840	5
044849_01	44849	1
044849_03	44849	3
044849_10	44849	10
044849_15	44849	15
044849_16	44849	16
044851_05	44851	5
044864_05	44864	5
044864_08	44864	8
044864_14	44864	14
044889_05	44889	5
044889_08	44889	8
044889_12	44889	12
044929_08	44929	8
044929_14	44929	14
044931_08	44931	8
044937_06	44937	6
044937_08	44937	8
044943_07	44943	7
044972_05	44972	5
044972_11	44972	11
044974_08	44974	8
044974_16	44974	16
045028_05	45028	5
045028_08	45028	8
045028_12	45028	12
045062_06	45062	6
045062_08	45062	8
045062_16	45062	16
045074_02	45074	2
045074_03	45074	3
045074_04	45074	4
045074_05	45074	5
045074_09	45074	9
045081_09	45081	9
045081_11	45081	11
045081_16	45081	16
045106_05	45106	5
045106_08	45106	8
045175_05	45175	5
045175_08	45175	8
045183_01	45183	1
045183_05	45183	5
045183_06	45183	6
045183_16	45183	16
045186_01	45186	1
045186_02	45186	2
045186_16	45186	16
045208_02	45208	2
045208_04	45208	4
045208_05	45208	5
045210_06	45210	6
045210_08	45210	8
045221_05	45221	5
045361_08	45361	8
045361_11	45361	11
045361_13	45361	13
045361_16	45361	16
045382_08	45382	8
045382_14	45382	14
045431_02	45431	2
045431_03	45431	3
045431_04	45431	4
045431_05	45431	5
045440_05	45440	5
045440_08	45440	8
045442_01	45442	1
045442_02	45442	2
045442_16	45442	16
045442_19	45442	19
045447_08	45447	8
045447_13	45447	13
045447_16	45447	16
045499_01	45499	1
045499_15	45499	15
045499_16	45499	16
045501_05	45501	5
045501_08	45501	8
045501_14	45501	14
045503_08	45503	8
045517_03	45517	3
045517_04	45517	4
045517_05	45517	5
045635_08	45635	8
045648_05	45648	5
045648_08	45648	8
045658_08	45658	8
045662_11	45662	11
045662_16	45662	16
045666_05	45666	5
045668_08	45668	8
045668_09	45668	9
045668_14	45668	14
045672_02	45672	2
045672_05	45672	5
045672_08	45672	8
045672_09	45672	9
045672_14	45672	14
045720_05	45720	5
045720_08	45720	8
045722_01	45722	1
045722_02	45722	2
045722_09	45722	9
045726_05	45726	5
045728_05	45728	5
045730_08	45730	8
045730_09	45730	9
045730_13	45730	13
045732_05	45732	5
045732_09	45732	9
045732_14	45732	14
045880_08	45880	8
045880_14	45880	14
045928_07	45928	7
045950_07	45950	7
045969_05	45969	5
045969_14	45969	14
046062_04	46062	4
046062_05	46062	5
046062_08	46062	8
046062_12	46062	12
046062_14	46062	14
046105_05	46105	5
046105_07	46105	7
046105_14	46105	14
046231_08	46231	8
046322_01	46322	1
046322_08	46322	8
046335_01	46335	1
046335_06	46335	6
046335_08	46335	8
046335_16	46335	16
046337_03	46337	3
046337_04	46337	4
046337_05	46337	5
046347_07	46347	7
046367_06	46367	6
046367_16	46367	16
046530_01	46530	1
046530_02	46530	2
046530_15	46530	15
046530_19	46530	19
046559_08	46559	8
046559_17	46559	17
046572_08	46572	8
046572_16	46572	16
046574_05	46574	5
046578_02	46578	2
046578_05	46578	5
046578_08	46578	8
046664_08	46664	8
046664_13	46664	13
046664_16	46664	16
046723_08	46723	8
046723_16	46723	16
046772_05	46772	5
046850_07	46850	7
046855_01	46855	1
046855_08	46855	8
046855_16	46855	16
046855_17	46855	17
046862_08	46862	8
046865_05	46865	5
046948_03	46948	3
046948_04	46948	4
046948_09	46948	9
046948_13	46948	13
046965_01	46965	1
046965_05	46965	5
046965_11	46965	11
046965_16	46965	16
046967_05	46967	5
046967_09	46967	9
046967_13	46967	13
046970_01	46970	1
046970_05	46970	5
046972_01	46972	1
046972_05	46972	5
046972_09	46972	9
046972_19	46972	19
046974_08	46974	8
046976_05	46976	5
046976_08	46976	8
046976_09	46976	9
046976_14	46976	14
047044_01	47044	1
047044_06	47044	6
047044_08	47044	8
047044_16	47044	16
047099_08	47099	8
047122_05	47122	5
047122_14	47122	14
047124_02	47124	2
047124_03	47124	3
047124_04	47124	4
047124_05	47124	5
047124_09	47124	9
047124_19	47124	19
047200_01	47200	1
047200_16	47200	16
047202_08	47202	8
047202_14	47202	14
047254_01	47254	1
047254_06	47254	6
047254_08	47254	8
047254_16	47254	16
047261_09	47261	9
047261_13	47261	13
047261_16	47261	16
047382_08	47382	8
047382_14	47382	14
047384_02	47384	2
047384_05	47384	5
047384_08	47384	8
047384_09	47384	9
047404_02	47404	2
047404_03	47404	3
047404_05	47404	5
047404_09	47404	9
047404_14	47404	14
047404_15	47404	15
047423_08	47423	8
047446_08	47446	8
047446_13	47446	13
047446_16	47446	16
047465_08	47465	8
047465_09	47465	9
047465_16	47465	16
047491_05	47491	5
047491_08	47491	8
047516_04	47516	4
047516_05	47516	5
047516_08	47516	8
047518_05	47518	5
047538_01	47538	1
047538_02	47538	2
047538_05	47538	5
047538_06	47538	6
047566_06	47566	6
047566_08	47566	8
047566_10	47566	10
047610_08	47610	8
047610_09	47610	9
047610_13	47610	13
047610_14	47610	14
047629_08	47629	8
047640_05	47640	5
047644_08	47644	8
047646_06	47646	6
047646_08	47646	8
047646_12	47646	12
047721_04	47721	4
047721_09	47721	9
047725_05	47725	5
047725_08	47725	8
047725_09	47725	9
047725_14	47725	14
047736_05	47736	5
047774_05	47774	5
047774_09	47774	9
047793_08	47793	8
047793_14	47793	14
047810_11	47810	11
047810_13	47810	13
047810_16	47810	16
047894_08	47894	8
047894_17	47894	17
047937_05	47937	5
047937_11	47937	11
047937_16	47937	16
047950_06	47950	6
047950_08	47950	8
047950_13	47950	13
047950_16	47950	16
047952_01	47952	1
047952_11	47952	11
047952_16	47952	16
047970_05	47970	5
047970_08	47970	8
047978_08	47978	8
047997_02	47997	2
047997_05	47997	5
047997_15	47997	15
047997_16	47997	16
047999_07	47999	7
047999_08	47999	8
048001_08	48001	8
048001_14	48001	14
048032_05	48032	5
048032_08	48032	8
048032_14	48032	14
048032_17	48032	17
048043_08	48043	8
048043_09	48043	9
048043_14	48043	14
048045_05	48045	5
048082_05	48082	5
048082_08	48082	8
048082_09	48082	9
048082_14	48082	14
048142_06	48142	6
048142_08	48142	8
048142_13	48142	13
048142_16	48142	16
048150_11	48150	11
048161_08	48161	8
048214_08	48214	8
048262_07	48262	7
048304_02	48304	2
048304_08	48304	8
048304_16	48304	16
048319_01	48319	1
048319_02	48319	2
048319_08	48319	8
048319_17	48319	17
048322_05	48322	5
048322_07	48322	7
048326_08	48326	8
048342_05	48342	5
048342_08	48342	8
048342_14	48342	14
048385_05	48385	5
048394_08	48394	8
048394_09	48394	9
048394_16	48394	16
048412_01	48412	1
048412_02	48412	2
048412_08	48412	8
048414_02	48414	2
048414_03	48414	3
048414_04	48414	4
048414_05	48414	5
048414_19	48414	19
048416_05	48416	5
048416_06	48416	6
048516_06	48516	6
048516_08	48516	8
048516_16	48516	16
048518_11	48518	11
048518_16	48518	16
048520_05	48520	5
048560_05	48560	5
048560_08	48560	8
048593_05	48593	5
048593_16	48593	16
048596_01	48596	1
048596_08	48596	8
048596_16	48596	16
048598_08	48598	8
048638_08	48638	8
048638_14	48638	14
048649_08	48649	8
048649_17	48649	17
048678_01	48678	1
048678_05	48678	5
048678_11	48678	11
048678_16	48678	16
048696_08	48696	8
048696_14	48696	14
048698_07	48698	7
048738_08	48738	8
048738_16	48738	16
048741_07	48741	7
048744_05	48744	5
048744_08	48744	8
048744_14	48744	14
048774_01	48774	1
048774_02	48774	2
048774_08	48774	8
048774_15	48774	15
048774_16	48774	16
048780_08	48780	8
048780_13	48780	13
048780_15	48780	15
048780_16	48780	16
048783_08	48783	8
048783_17	48783	17
048872_10	48872	10
048872_16	48872	16
048877_06	48877	6
048877_11	48877	11
048877_16	48877	16
048879_08	48879	8
048879_16	48879	16
048883_06	48883	6
048883_08	48883	8
048883_13	48883	13
048883_16	48883	16
048982_03	48982	3
048982_05	48982	5
048997_06	48997	6
048997_08	48997	8
048997_16	48997	16
049013_05	49013	5
049013_09	49013	9
049110_05	49110	5
049110_15	49110	15
049130_05	49130	5
049130_08	49130	8
049130_14	49130	14
049132_07	49132	7
049220_05	49220	5
049263_05	49263	5
049263_07	49263	7
049265_07	49265	7
049265_08	49265	8
049265_17	49265	17
049272_01	49272	1
049272_02	49272	2
049272_16	49272	16
049274_02	49274	2
049274_03	49274	3
049274_04	49274	4
049274_05	49274	5
049274_19	49274	19
049276_05	49276	5
049278_01	49278	1
049278_15	49278	15
049278_16	49278	16
049280_08	49280	8
049284_05	49284	5
049284_08	49284	8
049284_14	49284	14
049286_05	49286	5
049286_14	49286	14
049314_01	49314	1
049314_06	49314	6
049314_08	49314	8
049347_08	49347	8
049389_06	49389	6
049389_18	49389	18
049396_02	49396	2
049396_05	49396	5
049396_12	49396	12
049524_08	49524	8
049530_01	49530	1
049530_02	49530	2
049530_06	49530	6
049530_08	49530	8
049530_16	49530	16
049530_17	49530	17
049647_04	49647	4
049647_05	49647	5
049647_08	49647	8
049647_09	49647	9
049649_01	49649	1
049649_02	49649	2
049649_09	49649	9
049651_01	49651	1
049651_08	49651	8
049666_08	49666	8
049666_09	49666	9
049666_14	49666	14
049688_01	49688	1
049688_08	49688	8
049688_17	49688	17
049735_05	49735	5
049772_08	49772	8
049772_14	49772	14
049793_08	49793	8
049822_08	49822	8
049822_16	49822	16
049824_08	49824	8
049824_12	49824	12
049910_08	49910	8
049917_07	49917	7
049932_08	49932	8
049932_13	49932	13
049932_16	49932	16
049957_05	49957	5
049957_08	49957	8
049961_08	49961	8
050003_01	50003	1
050003_02	50003	2
050005_01	50005	1
050005_08	50005	8
050064_08	50064	8
050064_13	50064	13
050064_16	50064	16
050068_08	50068	8
050068_17	50068	17
050147_01	50147	1
050147_11	50147	11
050147_16	50147	16
050158_08	50158	8
050158_12	50158	12
050160_08	50160	8
050189_05	50189	5
050189_14	50189	14
050274_08	50274	8
050274_14	50274	14
050354_05	50354	5
050356_05	50356	5
050440_11	50440	11
050440_16	50440	16
050442_06	50442	6
050442_08	50442	8
050445_01	50445	1
050445_11	50445	11
050445_16	50445	16
050514_08	50514	8
050601_02	50601	2
050601_04	50601	4
050601_09	50601	9
050610_05	50610	5
050613_11	50613	11
050658_07	50658	7
050685_05	50685	5
050685_08	50685	8
050685_14	50685	14
050740_07	50740	7
050792_05	50792	5
050792_08	50792	8
050792_14	50792	14
050794_01	50794	1
050794_06	50794	6
050794_08	50794	8
050794_16	50794	16
050796_08	50796	8
050796_09	50796	9
050796_11	50796	11
050796_14	50796	14
050798_02	50798	2
050798_05	50798	5
050800_08	50800	8
050800_11	50800	11
050800_16	50800	16
050802_05	50802	5
050802_08	50802	8
050802_14	50802	14
050804_08	50804	8
050804_11	50804	11
050804_16	50804	16
050806_05	50806	5
050806_14	50806	14
050842_05	50842	5
050842_08	50842	8
050851_07	50851	7
050872_03	50872	3
050872_04	50872	4
050872_08	50872	8
050912_14	50912	14
050923_08	50923	8
050942_05	50942	5
050954_05	50954	5
050954_14	50954	14
050999_03	50999	3
050999_05	50999	5
051024_02	51024	2
051024_08	51024	8
051024_09	51024	9
051037_08	51037	8
051037_13	51037	13
051037_16	51037	16
051077_01	51077	1
051077_09	51077	9
051077_16	51077	16
051080_08	51080	8
051080_16	51080	16
051082_05	51082	5
051082_14	51082	14
051084_05	51084	5
051084_14	51084	14
051086_08	51086	8
051086_13	51086	13
051086_16	51086	16
051088_05	51088	5
051091_08	51091	8
051167_08	51167	8
051174_08	51174	8
051255_01	51255	1
051255_05	51255	5
051255_06	51255	6
051255_13	51255	13
051314_02	51314	2
051314_08	51314	8
051314_14	51314	14
051357_06	51357	6
051357_08	51357	8
051357_16	51357	16
051412_01	51412	1
051412_15	51412	15
051412_16	51412	16
051471_08	51471	8
051471_14	51471	14
051498_05	51498	5
051498_11	51498	11
051540_06	51540	6
051540_08	51540	8
051540_16	51540	16
051545_01	51545	1
051545_05	51545	5
051545_08	51545	8
051545_11	51545	11
051545_16	51545	16
051562_15	51562	15
051573_09	51573	9
051575_02	51575	2
051575_05	51575	5
051662_01	51662	1
051662_09	51662	9
051662_17	51662	17
051662_19	51662	19
051666_11	51666	11
051666_13	51666	13
051666_16	51666	16
051694_08	51694	8
051694_14	51694	14
051698_02	51698	2
051698_04	51698	4
051698_15	51698	15
051705_05	51705	5
051705_14	51705	14
051709_05	51709	5
051709_08	51709	8
051709_11	51709	11
051709_15	51709	15
051709_16	51709	16
051834_08	51834	8
051834_14	51834	14
051884_08	51884	8
051884_14	51884	14
051903_05	51903	5
051903_08	51903	8
051903_14	51903	14
051925_08	51925	8
051925_09	51925	9
051925_13	51925	13
051925_16	51925	16
051927_11	51927	11
051927_13	51927	13
051927_16	51927	16
051931_08	51931	8
051933_08	51933	8
051935_01	51935	1
051935_08	51935	8
051935_16	51935	16
051937_11	51937	11
051937_16	51937	16
051939_01	51939	1
051939_02	51939	2
051939_03	51939	3
051939_04	51939	4
051939_05	51939	5
051939_09	51939	9
052042_08	52042	8
052042_16	52042	16
052042_17	52042	17
052241_06	52241	6
052241_08	52241	8
052241_16	52241	16
052245_05	52245	5
052245_14	52245	14
052279_05	52279	5
052281_01	52281	1
052281_06	52281	6
052281_11	52281	11
052281_15	52281	15
052281_16	52281	16
052283_11	52283	11
052283_16	52283	16
052287_01	52287	1
052287_02	52287	2
052287_03	52287	3
052287_04	52287	4
052287_05	52287	5
052287_15	52287	15
052299_07	52299	7
052319_01	52319	1
052319_02	52319	2
052319_08	52319	8
052319_17	52319	17
052328_02	52328	2
052328_08	52328	8
052328_15	52328	15
052328_16	52328	16
052375_06	52375	6
052375_08	52375	8
052435_03	52435	3
052435_05	52435	5
052435_09	52435	9
052435_12	52435	12
052458_08	52458	8
052458_16	52458	16
052462_01	52462	1
052462_02	52462	2
052462_03	52462	3
052462_05	52462	5
052462_09	52462	9
052462_13	52462	13
052462_15	52462	15
052579_08	52579	8
052579_12	52579	12
052604_06	52604	6
052604_08	52604	8
052604_13	52604	13
052604_16	52604	16
052644_11	52644	11
052644_16	52644	16
052668_05	52668	5
052668_08	52668	8
052668_14	52668	14
052694_05	52694	5
052712_06	52712	6
052712_08	52712	8
052712_09	52712	9
052712_13	52712	13
052712_16	52712	16
052715_05	52715	5
052722_01	52722	1
052722_02	52722	2
052722_15	52722	15
052722_16	52722	16
052722_19	52722	19
052724_05	52724	5
052724_08	52724	8
052730_04	52730	4
052730_05	52730	5
052767_07	52767	7
052784_07	52784	7
052831_01	52831	1
052831_06	52831	6
052831_11	52831	11
052831_16	52831	16
052867_05	52867	5
052867_14	52867	14
052885_03	52885	3
052885_13	52885	13
052885_15	52885	15
052950_01	52950	1
052950_09	52950	9
052950_11	52950	11
052950_16	52950	16
052952_08	52952	8
052967_08	52967	8
052973_05	52973	5
052973_08	52973	8
052973_14	52973	14
052975_05	52975	5
052975_08	52975	8
052975_12	52975	12
053000_11	53000	11
053000_15	53000	15
053000_16	53000	16
053022_01	53022	1
053022_05	53022	5
053022_06	53022	6
053022_14	53022	14
053024_07	53024	7
053121_02	53121	2
053121_03	53121	3
053121_04	53121	4
053121_05	53121	5
053121_09	53121	9
053123_08	53123	8
053123_12	53123	12
053123_14	53123	14
053125_01	53125	1
053125_02	53125	2
053125_05	53125	5
053125_09	53125	9
053127_08	53127	8
053127_11	53127	11
053127_16	53127	16
053129_06	53129	6
053129_08	53129	8
053129_16	53129	16
053138_01	53138	1
053138_02	53138	2
053138_09	53138	9
053140_01	53140	1
053140_02	53140	2
053140_05	53140	5
053140_09	53140	9
053140_14	53140	14
053143_01	53143	1
053143_16	53143	16
053161_05	53161	5
053161_08	53161	8
053161_14	53161	14
053161_15	53161	15
053280_11	53280	11
053280_16	53280	16
053318_05	53318	5
053318_08	53318	8
053318_14	53318	14
053322_06	53322	6
053322_16	53322	16
053326_11	53326	11
053355_05	53355	5
053355_14	53355	14
053435_06	53435	6
053435_11	53435	11
053435_16	53435	16
053447_06	53447	6
053447_08	53447	8
053450_05	53450	5
053450_09	53450	9
053450_11	53450	11
053453_01	53453	1
053453_02	53453	2
053453_09	53453	9
053453_15	53453	15
053460_03	53460	3
053460_04	53460	4
053460_05	53460	5
053464_01	53464	1
053464_02	53464	2
053464_15	53464	15
053466_02	53466	2
053466_06	53466	6
053466_16	53466	16
053468_05	53468	5
053468_11	53468	11
053468_16	53468	16
053519_01	53519	1
053519_02	53519	2
053519_06	53519	6
053519_11	53519	11
053519_16	53519	16
053550_01	53550	1
053550_02	53550	2
053550_08	53550	8
053550_17	53550	17
053574_05	53574	5
053574_08	53574	8
053578_05	53578	5
053808_05	53808	5
053883_07	53883	7
053894_07	53894	7
053894_08	53894	8
053921_08	53921	8
053921_16	53921	16
053953_08	53953	8
053953_11	53953	11
053953_16	53953	16
053956_05	53956	5
053972_01	53972	1
053972_02	53972	2
053972_06	53972	6
053972_16	53972	16
053974_05	53974	5
053974_14	53974	14
053993_05	53993	5
053993_09	53993	9
053996_01	53996	1
053996_15	53996	15
053996_16	53996	16
053996_19	53996	19
054001_02	54001	2
054001_08	54001	8
054001_09	54001	9
054001_19	54001	19
054004_05	54004	5
054004_14	54004	14
054116_08	54116	8
054116_16	54116	16
054121_08	54121	8
054121_14	54121	14
054121_18	54121	18
054185_07	54185	7
054190_08	54190	8
054190_09	54190	9
054190_12	54190	12
054190_14	54190	14
054256_05	54256	5
054259_02	54259	2
054259_05	54259	5
054259_09	54259	9
054259_14	54259	14
054272_03	54272	3
054272_05	54272	5
054274_06	54274	6
054274_08	54274	8
054274_16	54274	16
054276_05	54276	5
054276_08	54276	8
054276_14	54276	14
054281_05	54281	5
054281_08	54281	8
054286_01	54286	1
054286_06	54286	6
054286_16	54286	16
054354_07	54354	7
054372_06	54372	6
054372_08	54372	8
054372_13	54372	13
054372_16	54372	16
054503_05	54503	5
054617_05	54617	5
054648_01	54648	1
054648_05	54648	5
054648_06	54648	6
054648_16	54648	16
054686_01	54686	1
054686_02	54686	2
054686_09	54686	9
054686_17	54686	17
054732_05	54732	5
054734_05	54734	5
054736_01	54736	1
054736_08	54736	8
054736_16	54736	16
054745_05	54745	5
054745_08	54745	8
054768_04	54768	4
054768_05	54768	5
054771_01	54771	1
054771_08	54771	8
054771_11	54771	11
054771_15	54771	15
054771_16	54771	16
054780_05	54780	5
054780_08	54780	8
054780_14	54780	14
054785_11	54785	11
054787_08	54787	8
054787_16	54787	16
054796_05	54796	5
054796_08	54796	8
054796_14	54796	14
054881_07	54881	7
054908_01	54908	1
054908_05	54908	5
054910_05	54910	5
054910_11	54910	11
054910_16	54910	16
054934_05	54934	5
054962_08	54962	8
054962_13	54962	13
054995_01	54995	1
054995_11	54995	11
054995_15	54995	15
054997_01	54997	1
054997_06	54997	6
054997_08	54997	8
054997_18	54997	18
054999_01	54999	1
054999_05	54999	5
054999_06	54999	6
055020_05	55020	5
055036_06	55036	6
055036_08	55036	8
055052_08	55052	8
055052_14	55052	14
055052_17	55052	17
055061_08	55061	8
055061_15	55061	15
055067_08	55067	8
055067_16	55067	16
055069_08	55069	8
055071_07	55071	7
055080_06	55080	6
055080_08	55080	8
055080_16	55080	16
055094_08	55094	8
055094_13	55094	13
055110_08	55110	8
055112_05	55112	5
055112_08	55112	8
055112_14	55112	14
055116_01	55116	1
055116_02	55116	2
055116_05	55116	5
055116_08	55116	8
055116_16	55116	16
055118_06	55118	6
055118_08	55118	8
055118_16	55118	16
055156_07	55156	7
055167_01	55167	1
055167_02	55167	2
055167_03	55167	3
055167_06	55167	6
055167_09	55167	9
055190_05	55190	5
055190_14	55190	14
055205_08	55205	8
055207_05	55207	5
055207_08	55207	8
055232_01	55232	1
055232_11	55232	11
055232_15	55232	15
055232_16	55232	16
055241_05	55241	5
055245_05	55245	5
055245_14	55245	14
055247_01	55247	1
055247_02	55247	2
055247_08	55247	8
055250_05	55250	5
055253_08	55253	8
055253_14	55253	14
055253_16	55253	16
055253_17	55253	17
055259_01	55259	1
055259_02	55259	2
055259_08	55259	8
055259_09	55259	9
055261_05	55261	5
055261_08	55261	8
055261_14	55261	14
055267_05	55267	5
055267_08	55267	8
055267_14	55267	14
055269_02	55269	2
055269_05	55269	5
055269_08	55269	8
055272_06	55272	6
055272_08	55272	8
055274_08	55274	8
055276_08	55276	8
055276_16	55276	16
055278_08	55278	8
055278_13	55278	13
055278_16	55278	16
055280_05	55280	5
055280_08	55280	8
055282_11	55282	11
055282_16	55282	16
055290_06	55290	6
055290_08	55290	8
055290_13	55290	13
055292_05	55292	5
055294_05	55294	5
055294_06	55294	6
055294_08	55294	8
055363_06	55363	6
055363_08	55363	8
055363_18	55363	18
055391_06	55391	6
055391_08	55391	8
055391_16	55391	16
055442_03	55442	3
055442_08	55442	8
055444_08	55444	8
055451_05	55451	5
055451_08	55451	8
055451_14	55451	14
055492_11	55492	11
055553_05	55553	5
055553_11	55553	11
055555_08	55555	8
055577_06	55577	6
055577_11	55577	11
055577_16	55577	16
055620_07	55620	7
055687_07	55687	7
055721_01	55721	1
055721_06	55721	6
055721_08	55721	8
055721_16	55721	16
055729_05	55729	5
055765_06	55765	6
055765_08	55765	8
055765_16	55765	16
055768_03	55768	3
055768_05	55768	5
055805_06	55805	6
055805_08	55805	8
055805_16	55805	16
055814_08	55814	8
055820_06	55820	6
055820_08	55820	8
055830_05	55830	5
055844_05	55844	5
055844_08	55844	8
055844_14	55844	14
055854_08	55854	8
055872_08	55872	8
055872_12	55872	12
055908_08	55908	8
055908_15	55908	15
055946_08	55946	8
055946_16	55946	16
055946_17	55946	17
055995_01	55995	1
055995_02	55995	2
055995_03	55995	3
055995_09	55995	9
055995_19	55995	19
056003_05	56003	5
056003_08	56003	8
056003_15	56003	15
056003_16	56003	16
056012_05	56012	5
056012_07	56012	7
056022_08	56022	8
056022_15	56022	15
056060_05	56060	5
056060_08	56060	8
056060_14	56060	14
056060_17	56060	17
056145_11	56145	11
056145_15	56145	15
056152_02	56152	2
056152_03	56152	3
056152_04	56152	4
056152_05	56152	5
056152_09	56152	9
056152_12	56152	12
056152_14	56152	14
056156_01	56156	1
056156_06	56156	6
056156_16	56156	16
056169_08	56169	8
056169_16	56169	16
056171_02	56171	2
056171_04	56171	4
056171_09	56171	9
056174_01	56174	1
056174_11	56174	11
056174_15	56174	15
056174_16	56174	16
056174_19	56174	19
056176_04	56176	4
056176_05	56176	5
056251_03	56251	3
056251_05	56251	5
056251_15	56251	15
056274_08	56274	8
056286_08	56286	8
056333_05	56333	5
056333_08	56333	8
056336_01	56336	1
056336_11	56336	11
056336_16	56336	16
056339_08	56339	8
056339_11	56339	11
056339_13	56339	13
056339_16	56339	16
056367_05	56367	5
056367_08	56367	8
056367_14	56367	14
056379_07	56379	7
056389_08	56389	8
056389_14	56389	14
056563_07	56563	7
056587_05	56587	5
056587_08	56587	8
056607_08	56607	8
056620_11	56620	11
056620_16	56620	16
056715_08	56715	8
056715_09	56715	9
056715_14	56715	14
056757_08	56757	8
056757_11	56757	11
056757_12	56757	12
056757_16	56757	16
056775_01	56775	1
056775_02	56775	2
056782_08	56782	8
056782_18	56782	18
056788_05	56788	5
056788_08	56788	8
056788_17	56788	17
056801_01	56801	1
056801_11	56801	11
056801_15	56801	15
056805_05	56805	5
056805_12	56805	12
056837_05	56837	5
056837_08	56837	8
056837_14	56837	14
056869_05	56869	5
056908_05	56908	5
056908_08	56908	8
056908_14	56908	14
056915_02	56915	2
056915_04	56915	4
056915_09	56915	9
056921_01	56921	1
056921_08	56921	8
056921_15	56921	15
056921_16	56921	16
056941_05	56941	5
056941_08	56941	8
056941_14	56941	14
056949_05	56949	5
056949_14	56949	14
057147_06	57147	6
057147_08	57147	8
057147_16	57147	16
057183_08	57183	8
057243_05	57243	5
057243_08	57243	8
057274_08	57274	8
057274_11	57274	11
057274_16	57274	16
057326_01	57326	1
057326_02	57326	2
057326_09	57326	9
057368_01	57368	1
057368_13	57368	13
057368_15	57368	15
057368_16	57368	16
057421_05	57421	5
057421_11	57421	11
057499_01	57499	1
057499_02	57499	2
057499_08	57499	8
057499_17	57499	17
057502_02	57502	2
057502_03	57502	3
057502_08	57502	8
057502_11	57502	11
057504_03	57504	3
057504_05	57504	5
057504_08	57504	8
057504_14	57504	14
057504_15	57504	15
057522_05	57522	5
057522_06	57522	6
057526_06	57526	6
057526_16	57526	16
057528_01	57528	1
057528_08	57528	8
057528_16	57528	16
057528_17	57528	17
057532_05	57532	5
057536_05	57536	5
057637_11	57637	11
057637_15	57637	15
057637_16	57637	16
057640_01	57640	1
057640_02	57640	2
057640_09	57640	9
057640_15	57640	15
057669_05	57669	5
057669_06	57669	6
057669_08	57669	8
057669_16	57669	16
057772_06	57772	6
057772_15	57772	15
057843_01	57843	1
057843_06	57843	6
057843_08	57843	8
057910_05	57910	5
057910_11	57910	11
057951_01	57951	1
057951_02	57951	2
057951_05	57951	5
057951_14	57951	14
058025_01	58025	1
058025_02	58025	2
058025_08	58025	8
058025_15	58025	15
058025_16	58025	16
058047_05	58047	5
058047_08	58047	8
058047_14	58047	14
058078_06	58078	6
058078_08	58078	8
058078_14	58078	14
058078_16	58078	16
058103_01	58103	1
058103_08	58103	8
058103_16	58103	16
058105_02	58105	2
058105_04	58105	4
058105_08	58105	8
058105_09	58105	9
058105_19	58105	19
058107_08	58107	8
058107_12	58107	12
058107_14	58107	14
058154_08	58154	8
058154_14	58154	14
058156_05	58156	5
058162_05	58162	5
058162_14	58162	14
058191_07	58191	7
058287_08	58287	8
058287_16	58287	16
058291_05	58291	5
058293_02	58293	2
058293_14	58293	14
058293_16	58293	16
058295_01	58295	1
058295_06	58295	6
058295_16	58295	16
058297_01	58297	1
058297_08	58297	8
058297_15	58297	15
058297_16	58297	16
058299_02	58299	2
058299_03	58299	3
058299_04	58299	4
058299_05	58299	5
058301_08	58301	8
058301_16	58301	16
058303_06	58303	6
058303_08	58303	8
058303_17	58303	17
058306_08	58306	8
058306_17	58306	17
058309_07	58309	7
058315_05	58315	5
058332_11	58332	11
058332_15	58332	15
058347_05	58347	5
058347_09	58347	9
058347_14	58347	14
058351_08	58351	8
058376_07	58376	7
058376_17	58376	17
058404_01	58404	1
058404_02	58404	2
058404_03	58404	3
058404_09	58404	9
058404_15	58404	15
058425_07	58425	7
058492_08	58492	8
058554_08	58554	8
058559_01	58559	1
058559_06	58559	6
058559_08	58559	8
058559_19	58559	19
058627_01	58627	1
058655_05	58655	5
058783_08	58783	8
058783_14	58783	14
058783_15	58783	15
058803_06	58803	6
058803_08	58803	8
058803_14	58803	14
058803_16	58803	16
058806_05	58806	5
058806_08	58806	8
058806_14	58806	14
058826_01	58826	1
058826_06	58826	6
058826_16	58826	16
058839_05	58839	5
058839_08	58839	8
058839_14	58839	14
058842_01	58842	1
058842_08	58842	8
058842_17	58842	17
058870_05	58870	5
058876_08	58876	8
058876_17	58876	17
058879_07	58879	7
058879_12	58879	12
058879_19	58879	19
058964_11	58964	11
058964_16	58964	16
058972_02	58972	2
058972_05	58972	5
058972_09	58972	9
058975_11	58975	11
058975_16	58975	16
058998_05	58998	5
058998_14	58998	14
059014_01	59014	1
059014_05	59014	5
059014_15	59014	15
059016_06	59016	6
059016_08	59016	8
059016_16	59016	16
059018_08	59018	8
059018_14	59018	14
059022_02	59022	2
059022_05	59022	5
059026_05	59026	5
059037_01	59037	1
059037_04	59037	4
059037_15	59037	15
059037_19	59037	19
059103_01	59103	1
059103_02	59103	2
059103_05	59103	5
059103_09	59103	9
059118_05	59118	5
059118_08	59118	8
059126_05	59126	5
059126_07	59126	7
059129_01	59129	1
059129_11	59129	11
059131_11	59131	11
059141_04	59141	4
059141_05	59141	5
059141_08	59141	8
059143_05	59143	5
059143_07	59143	7
059220_05	59220	5
059220_14	59220	14
059258_05	59258	5
059295_07	59295	7
059306_11	59306	11
059306_13	59306	13
059306_16	59306	16
059315_01	59315	1
059315_02	59315	2
059315_15	59315	15
059333_05	59333	5
059333_14	59333	14
059336_01	59336	1
059336_08	59336	8
059369_01	59369	1
059369_06	59369	6
059369_08	59369	8
059369_16	59369	16
059387_02	59387	2
059387_08	59387	8
059387_09	59387	9
059421_05	59421	5
059421_14	59421	14
059429_05	59429	5
059440_08	59440	8
059440_14	59440	14
059501_02	59501	2
059501_04	59501	4
059501_09	59501	9
059549_08	59549	8
059549_14	59549	14
059604_06	59604	6
059604_08	59604	8
059604_11	59604	11
059604_16	59604	16
059615_01	59615	1
059615_02	59615	2
059615_05	59615	5
059615_15	59615	15
059667_05	59667	5
059725_05	59725	5
059725_14	59725	14
059727_11	59727	11
059727_16	59727	16
059731_07	59731	7
059738_11	59738	11
059738_13	59738	13
059738_16	59738	16
059784_01	59784	1
059784_03	59784	3
059784_04	59784	4
059784_05	59784	5
059784_19	59784	19
059810_08	59810	8
059814_05	59814	5
059814_06	59814	6
059814_08	59814	8
059814_11	59814	11
059900_05	59900	5
059915_11	59915	11
059915_16	59915	16
059947_01	59947	1
059947_05	59947	5
059947_08	59947	8
059947_16	59947	16
059985_05	59985	5
059985_08	59985	8
059985_14	59985	14
059995_06	59995	6
059995_08	59995	8
060030_08	60030	8
060030_11	60030	11
060030_16	60030	16
060037_08	60037	8
060037_15	60037	15
060037_16	60037	16
060040_01	60040	1
060040_15	60040	15
060046_08	60046	8
060046_17	60046	17
060069_02	60069	2
060069_03	60069	3
060069_04	60069	4
060069_14	60069	14
060069_15	60069	15
060072_01	60072	1
060072_16	60072	16
060074_01	60074	1
060074_02	60074	2
060074_05	60074	5
060074_06	60074	6
060074_09	60074	9
060126_01	60126	1
060126_05	60126	5
060128_05	60128	5
060141_04	60141	4
060141_05	60141	5
060161_01	60161	1
060161_03	60161	3
060161_05	60161	5
060161_14	60161	14
060161_15	60161	15
060289_04	60289	4
060289_05	60289	5
060289_08	60289	8
060289_13	60289	13
060291_07	60291	7
060293_05	60293	5
060293_08	60293	8
060293_14	60293	14
060303_11	60303	11
060303_13	60303	13
060303_16	60303	16
060333_07	60333	7
060363_05	60363	5
060363_11	60363	11
060365_03	60365	3
060365_04	60365	4
060365_05	60365	5
060365_09	60365	9
060365_12	60365	12
060389_17	60389	17
060397_05	60397	5
060397_12	60397	12
060397_14	60397	14
060408_05	60408	5
060471_01	60471	1
060471_02	60471	2
060471_11	60471	11
060471_15	60471	15
060471_16	60471	16
060487_03	60487	3
060487_04	60487	4
060487_05	60487	5
060514_01	60514	1
060514_02	60514	2
060514_15	60514	15
060516_02	60516	2
060516_04	60516	4
060516_05	60516	5
060516_14	60516	14
060516_15	60516	15
060522_01	60522	1
060522_05	60522	5
060522_09	60522	9
060522_11	60522	11
060522_16	60522	16
060538_11	60538	11
060538_16	60538	16
060647_06	60647	6
060647_08	60647	8
060647_16	60647	16
060674_15	60674	15
060684_01	60684	1
060684_08	60684	8
060684_13	60684	13
060684_15	60684	15
060684_16	60684	16
060684_19	60684	19
060735_08	60735	8
060735_16	60735	16
060737_05	60737	5
060737_14	60737	14
060753_06	60753	6
060753_08	60753	8
060756_05	60756	5
060760_08	60760	8
060760_13	60760	13
060760_15	60760	15
060760_16	60760	16
060766_07	60766	7
060803_03	60803	3
060803_04	60803	4
060803_12	60803	12
060818_02	60818	2
060818_09	60818	9
060818_16	60818	16
060832_06	60832	6
060832_11	60832	11
060832_16	60832	16
060857_08	60857	8
060885_08	60885	8
060885_16	60885	16
060894_08	60894	8
060894_14	60894	14
060894_17	60894	17
060904_05	60904	5
060904_08	60904	8
060904_15	60904	15
060937_01	60937	1
060937_02	60937	2
060937_09	60937	9
060937_16	60937	16
060941_11	60941	11
060941_13	60941	13
060941_16	60941	16
060943_08	60943	8
060950_05	60950	5
060950_08	60950	8
060950_14	60950	14
060979_01	60979	1
060979_03	60979	3
060979_06	60979	6
061011_08	61011	8
061011_13	61011	13
061024_01	61024	1
061024_05	61024	5
061024_06	61024	6
061026_01	61026	1
061026_02	61026	2
061026_08	61026	8
061026_17	61026	17
061071_02	61071	2
061071_05	61071	5
061071_08	61071	8
061071_14	61071	14
061073_01	61073	1
061073_08	61073	8
061073_16	61073	16
061123_05	61123	5
061123_08	61123	8
061123_12	61123	12
061123_14	61123	14
061132_01	61132	1
061132_02	61132	2
061132_05	61132	5
061132_17	61132	17
061160_01	61160	1
061160_02	61160	2
061160_03	61160	3
061160_15	61160	15
061167_08	61167	8
061167_13	61167	13
061210_01	61210	1
061210_02	61210	2
061210_15	61210	15
061236_03	61236	3
061236_07	61236	7
061236_08	61236	8
061236_17	61236	17
061240_08	61240	8
061240_09	61240	9
061240_11	61240	11
061240_14	61240	14
061246_05	61246	5
061248_01	61248	1
061248_02	61248	2
061248_15	61248	15
061248_16	61248	16
061250_05	61250	5
061255_05	61255	5
061257_07	61257	7
061262_11	61262	11
061262_13	61262	13
061262_16	61262	16
061289_01	61289	1
061289_18	61289	18
061319_08	61319	8
061323_05	61323	5
061323_06	61323	6
061323_08	61323	8
061348_05	61348	5
061350_01	61350	1
061350_02	61350	2
061350_15	61350	15
061350_16	61350	16
061352_06	61352	6
061352_08	61352	8
061352_16	61352	16
061394_05	61394	5
061401_01	61401	1
061401_05	61401	5
061401_09	61401	9
061401_16	61401	16
061406_08	61406	8
061465_01	61465	1
061465_06	61465	6
061465_16	61465	16
061628_08	61628	8
061692_11	61692	11
061692_15	61692	15
061692_16	61692	16
061697_06	61697	6
061697_13	61697	13
061697_16	61697	16
061705_08	61705	8
061705_16	61705	16
061729_05	61729	5
061729_09	61729	9
061729_14	61729	14
061818_01	61818	1
061818_02	61818	2
061818_09	61818	9
061818_16	61818	16
061986_18	61986	18
062008_01	62008	1
062008_03	62008	3
062008_05	62008	5
062008_11	62008	11
062081_01	62081	1
062081_06	62081	6
062081_16	62081	16
062081_19	62081	19
062113_05	62113	5
062155_05	62155	5
062155_08	62155	8
062155_14	62155	14
062208_08	62208	8
062250_06	62250	6
062250_08	62250	8
062293_08	62293	8
062293_14	62293	14
062299_01	62299	1
062299_11	62299	11
062336_03	62336	3
062336_05	62336	5
062336_09	62336	9
062336_15	62336	15
062344_08	62344	8
062344_14	62344	14
062374_01	62374	1
062374_08	62374	8
062374_16	62374	16
062376_02	62376	2
062376_04	62376	4
062376_15	62376	15
062383_01	62383	1
062383_02	62383	2
062383_15	62383	15
062394_01	62394	1
062394_06	62394	6
062394_08	62394	8
062394_16	62394	16
062434_05	62434	5
062434_08	62434	8
062434_14	62434	14
062437_08	62437	8
062439_05	62439	5
062439_14	62439	14
062511_05	62511	5
062511_08	62511	8
062553_08	62553	8
062586_05	62586	5
062586_09	62586	9
062644_08	62644	8
062662_07	62662	7
062718_05	62718	5
062718_14	62718	14
062792_06	62792	6
062792_08	62792	8
062799_08	62799	8
062834_15	62834	15
062836_15	62836	15
062849_01	62849	1
062849_06	62849	6
062956_01	62956	1
062956_02	62956	2
062956_03	62956	3
062956_05	62956	5
062956_09	62956	9
062956_15	62956	15
062970_02	62970	2
062970_09	62970	9
062970_15	62970	15
062999_01	62999	1
062999_02	62999	2
062999_03	62999	3
062999_04	62999	4
062999_05	62999	5
062999_19	62999	19
063033_08	63033	8
063033_13	63033	13
063033_14	63033	14
063033_16	63033	16
063062_06	63062	6
063062_08	63062	8
063062_13	63062	13
063072_02	63072	2
063072_08	63072	8
063072_16	63072	16
063082_06	63082	6
063082_08	63082	8
063082_14	63082	14
063113_01	63113	1
063113_02	63113	2
063113_16	63113	16
063131_05	63131	5
063179_08	63179	8
063222_01	63222	1
063222_08	63222	8
063222_16	63222	16
063239_04	63239	4
063239_09	63239	9
063239_12	63239	12
063239_14	63239	14
063276_01	63276	1
063312_08	63312	8
063312_09	63312	9
063393_05	63393	5
063393_12	63393	12
063393_14	63393	14
063433_01	63433	1
063433_02	63433	2
063433_15	63433	15
063436_06	63436	6
063436_11	63436	11
063436_16	63436	16
063479_05	63479	5
063515_08	63515	8
063515_13	63515	13
063540_02	63540	2
063540_04	63540	4
063540_05	63540	5
063768_06	63768	6
063768_08	63768	8
063808_08	63808	8
063826_01	63826	1
063826_11	63826	11
063826_16	63826	16
063853_02	63853	2
063853_08	63853	8
063853_17	63853	17
063853_18	63853	18
063859_01	63859	1
063859_02	63859	2
063859_03	63859	3
063859_04	63859	4
063859_05	63859	5
063876_08	63876	8
063992_08	63992	8
063992_09	63992	9
063992_14	63992	14
063992_16	63992	16
064010_11	64010	11
064030_01	64030	1
064030_02	64030	2
064030_06	64030	6
064030_16	64030	16
064032_05	64032	5
064034_08	64034	8
064034_17	64034	17
064114_08	64114	8
064114_14	64114	14
064116_03	64116	3
064116_05	64116	5
064167_02	64167	2
064167_09	64167	9
064197_08	64197	8
064231_01	64231	1
064231_06	64231	6
064231_08	64231	8
064231_16	64231	16
064249_02	64249	2
064249_03	64249	3
064249_05	64249	5
064249_09	64249	9
064278_07	64278	7
064285_03	64285	3
064285_05	64285	5
064497_08	64497	8
064497_15	64497	15
064497_16	64497	16
064497_19	64497	19
064499_08	64499	8
064499_17	64499	17
064501_08	64501	8
064501_17	64501	17
064575_08	64575	8
064575_13	64575	13
064614_06	64614	6
064614_08	64614	8
064620_08	64620	8
064622_08	64622	8
064622_14	64622	14
064695_01	64695	1
064695_02	64695	2
064695_03	64695	3
064716_08	64716	8
064839_08	64839	8
064957_08	64957	8
064957_09	64957	9
064957_13	64957	13
064957_14	64957	14
064969_05	64969	5
064983_08	64983	8
064983_16	64983	16
064983_17	64983	17
064993_03	64993	3
064993_08	64993	8
064993_14	64993	14
064997_01	64997	1
064997_15	64997	15
065037_08	65037	8
065088_02	65088	2
065088_04	65088	4
065088_05	65088	5
065126_05	65126	5
065126_08	65126	8
065130_08	65130	8
065130_14	65130	14
065133_05	65133	5
065135_05	65135	5
065188_07	65188	7
065193_08	65193	8
065193_14	65193	14
065216_08	65216	8
065216_16	65216	16
065216_17	65216	17
065225_07	65225	7
065230_05	65230	5
065230_08	65230	8
065261_02	65261	2
065261_03	65261	3
065261_04	65261	4
065261_09	65261	9
065350_02	65350	2
065350_06	65350	6
065350_16	65350	16
065359_02	65359	2
065359_08	65359	8
065359_09	65359	9
065514_01	65514	1
065514_08	65514	8
065514_17	65514	17
065577_02	65577	2
065577_03	65577	3
065577_04	65577	4
065577_05	65577	5
065577_09	65577	9
065585_05	65585	5
065585_14	65585	14
065588_01	65588	1
065588_02	65588	2
065588_05	65588	5
065588_09	65588	9
065596_01	65596	1
065596_06	65596	6
065596_08	65596	8
065596_16	65596	16
065601_11	65601	11
065601_16	65601	16
065631_01	65631	1
065631_08	65631	8
065642_15	65642	15
065642_16	65642	16
065651_02	65651	2
065651_09	65651	9
065682_01	65682	1
065682_09	65682	9
065682_11	65682	11
065682_16	65682	16
065685_02	65685	2
065685_09	65685	9
065738_05	65738	5
065740_05	65740	5
065740_14	65740	14
065802_01	65802	1
065802_05	65802	5
065802_06	65802	6
065810_08	65810	8
065810_12	65810	12
065882_08	65882	8
065882_11	65882	11
065882_13	65882	13
065882_16	65882	16
065982_01	65982	1
065982_02	65982	2
065982_15	65982	15
066090_11	66090	11
066090_16	66090	16
066097_03	66097	3
066097_09	66097	9
066097_16	66097	16
066171_15	66171	15
066171_16	66171	16
066198_08	66198	8
066198_16	66198	16
066203_05	66203	5
066203_08	66203	8
066203_14	66203	14
066240_05	66240	5
066240_09	66240	9
066297_01	66297	1
066297_03	66297	3
066297_05	66297	5
066297_15	66297	15
066310_08	66310	8
066310_11	66310	11
066310_16	66310	16
066320_07	66320	7
066335_03	66335	3
066371_08	66371	8
066427_05	66427	5
066427_11	66427	11
066509_05	66509	5
066509_08	66509	8
066511_05	66511	5
066511_08	66511	8
066544_08	66544	8
066544_17	66544	17
066665_05	66665	5
066665_08	66665	8
066665_14	66665	14
066744_08	66744	8
066783_11	66783	11
066785_01	66785	1
066785_02	66785	2
066785_05	66785	5
066785_18	66785	18
066798_02	66798	2
066798_05	66798	5
066798_13	66798	13
066915_02	66915	2
066915_03	66915	3
066915_04	66915	4
066915_12	66915	12
066934_05	66934	5
066934_08	66934	8
066934_12	66934	12
066934_15	66934	15
066943_05	66943	5
066943_06	66943	6
066943_11	66943	11
066943_16	66943	16
067087_05	67087	5
067168_02	67168	2
067168_05	67168	5
067168_11	67168	11
067186_11	67186	11
067186_16	67186	16
067193_06	67193	6
067193_14	67193	14
067193_16	67193	16
067197_01	67197	1
067197_08	67197	8
067197_13	67197	13
067197_15	67197	15
067197_16	67197	16
067255_06	67255	6
067255_08	67255	8
067255_13	67255	13
067255_16	67255	16
067267_05	67267	5
067267_08	67267	8
067295_01	67295	1
067295_03	67295	3
067295_04	67295	4
067295_05	67295	5
067361_01	67361	1
067361_13	67361	13
067361_16	67361	16
067408_03	67408	3
067408_15	67408	15
067408_19	67408	19
067508_01	67508	1
067508_06	67508	6
067508_08	67508	8
067508_16	67508	16
067534_05	67534	5
067618_05	67618	5
067618_08	67618	8
067618_14	67618	14
067665_07	67665	7
067665_12	67665	12
067695_01	67695	1
067695_05	67695	5
067734_05	67734	5
067734_08	67734	8
067788_05	67788	5
067788_14	67788	14
067799_08	67799	8
067799_09	67799	9
067799_15	67799	15
067799_16	67799	16
067888_05	67888	5
067923_01	67923	1
067923_06	67923	6
067923_08	67923	8
067923_16	67923	16
067997_05	67997	5
068073_05	68073	5
068073_08	68073	8
068135_05	68135	5
068135_08	68135	8
068157_01	68157	1
068157_08	68157	8
068157_17	68157	17
068159_06	68159	6
068159_08	68159	8
068159_16	68159	16
068194_08	68194	8
068205_01	68205	1
068205_05	68205	5
068205_06	68205	6
068237_08	68237	8
068237_13	68237	13
068237_15	68237	15
068237_16	68237	16
068269_08	68269	8
068269_14	68269	14
068319_01	68319	1
068319_15	68319	15
068319_16	68319	16
068347_06	68347	6
068347_08	68347	8
068347_16	68347	16
068358_01	68358	1
068358_02	68358	2
068358_15	68358	15
068358_19	68358	19
068444_05	68444	5
068480_01	68480	1
068480_05	68480	5
068480_06	68480	6
068486_01	68486	1
068486_08	68486	8
068486_17	68486	17
068522_07	68522	7
068536_07	68536	7
068552_08	68552	8
068554_06	68554	6
068554_08	68554	8
068554_13	68554	13
068554_16	68554	16
068597_01	68597	1
068597_08	68597	8
068597_16	68597	16
068600_05	68600	5
068650_08	68650	8
068659_02	68659	2
068659_05	68659	5
068659_08	68659	8
068791_01	68791	1
068791_02	68791	2
068791_15	68791	15
068791_16	68791	16
068793_01	68793	1
068793_05	68793	5
068793_19	68793	19
068835_02	68835	2
068835_09	68835	9
068835_12	68835	12
068835_14	68835	14
068848_02	68848	2
068848_05	68848	5
068848_06	68848	6
068848_14	68848	14
068872_08	68872	8
068872_17	68872	17
068886_05	68886	5
068886_14	68886	14
068932_08	68932	8
068932_12	68932	12
068945_01	68945	1
068945_03	68945	3
068945_13	68945	13
068945_15	68945	15
068952_05	68952	5
068952_11	68952	11
068954_02	68954	2
068954_03	68954	3
068954_04	68954	4
068954_08	68954	8
068959_01	68959	1
068959_02	68959	2
068959_03	68959	3
068959_08	68959	8
069069_05	69069	5
069118_08	69118	8
069118_13	69118	13
069122_05	69122	5
069122_06	69122	6
069131_01	69131	1
069131_06	69131	6
069131_08	69131	8
069131_16	69131	16
069134_08	69134	8
069134_09	69134	9
069140_06	69140	6
069140_08	69140	8
069140_11	69140	11
069140_16	69140	16
069211_05	69211	5
069211_11	69211	11
069224_05	69224	5
069224_08	69224	8
069224_14	69224	14
069227_04	69227	4
069227_05	69227	5
069251_08	69251	8
069251_09	69251	9
069275_01	69275	1
069275_02	69275	2
069275_05	69275	5
069275_11	69275	11
069278_01	69278	1
069278_02	69278	2
069278_05	69278	5
069278_15	69278	15
069304_05	69304	5
069304_08	69304	8
069304_09	69304	9
069306_06	69306	6
069306_08	69306	8
069306_16	69306	16
069394_06	69394	6
069394_08	69394	8
069406_05	69406	5
069406_14	69406	14
069436_02	69436	2
069436_05	69436	5
069453_02	69453	2
069453_15	69453	15
069469_03	69469	3
069481_01	69481	1
069481_08	69481	8
069481_16	69481	16
069481_17	69481	17
069495_08	69495	8
069495_14	69495	14
069516_06	69516	6
069516_08	69516	8
069516_10	69516	10
069524_01	69524	1
069524_02	69524	2
069524_16	69524	16
069526_01	69526	1
069526_02	69526	2
069526_15	69526	15
069526_19	69526	19
069529_07	69529	7
069604_05	69604	5
069604_14	69604	14
069606_05	69606	5
069606_09	69606	9
069606_14	69606	14
069640_06	69640	6
069640_08	69640	8
069640_16	69640	16
069644_01	69644	1
069644_02	69644	2
069644_03	69644	3
069644_04	69644	4
069644_05	69644	5
069644_14	69644	14
069654_01	69654	1
069654_08	69654	8
069654_16	69654	16
069685_03	69685	3
069685_05	69685	5
069712_08	69712	8
069720_05	69720	5
069720_08	69720	8
069720_11	69720	11
069746_01	69746	1
069746_02	69746	2
069746_03	69746	3
069746_11	69746	11
069757_05	69757	5
069757_08	69757	8
069757_14	69757	14
069784_05	69784	5
069805_01	69805	1
069805_02	69805	2
069805_09	69805	9
069844_02	69844	2
069844_09	69844	9
069844_13	69844	13
069844_14	69844	14
069844_19	69844	19
069849_08	69849	8
069849_17	69849	17
069860_08	69860	8
069860_17	69860	17
069904_08	69904	8
069904_16	69904	16
069951_08	69951	8
069951_09	69951	9
069953_07	69953	7
069988_05	69988	5
070015_06	70015	6
070015_08	70015	8
070159_08	70159	8
070159_11	70159	11
070159_13	70159	13
070159_16	70159	16
070183_05	70183	5
070183_08	70183	8
070183_14	70183	14
070206_06	70206	6
070206_11	70206	11
070206_16	70206	16
070208_11	70208	11
070208_16	70208	16
070286_13	70286	13
070286_15	70286	15
070286_16	70286	16
070293_05	70293	5
070293_08	70293	8
070293_14	70293	14
070301_06	70301	6
070301_08	70301	8
070301_16	70301	16
070305_02	70305	2
070305_04	70305	4
070305_09	70305	9
070305_15	70305	15
070305_16	70305	16
070334_05	70334	5
070334_08	70334	8
070334_12	70334	12
070334_14	70334	14
070336_01	70336	1
070336_02	70336	2
070336_15	70336	15
070336_16	70336	16
070361_01	70361	1
070361_16	70361	16
070451_01	70451	1
070451_08	70451	8
070451_17	70451	17
070492_18	70492	18
070521_08	70521	8
070521_09	70521	9
070521_14	70521	14
070521_15	70521	15
070533_01	70533	1
070533_03	70533	3
070533_15	70533	15
070545_05	70545	5
070565_05	70565	5
070599_08	70599	8
070599_14	70599	14
070599_15	70599	15
070637_08	70637	8
070637_14	70637	14
070641_05	70641	5
070663_05	70663	5
070663_14	70663	14
070687_05	70687	5
070687_07	70687	7
070687_08	70687	8
070687_14	70687	14
070697_01	70697	1
070697_02	70697	2
070697_04	70697	4
070697_09	70697	9
070703_02	70703	2
070708_08	70708	8
070708_13	70708	13
070728_01	70728	1
070728_05	70728	5
070728_08	70728	8
070728_16	70728	16
070862_07	70862	7
070932_05	70932	5
070946_09	70946	9
070946_11	70946	11
070984_05	70984	5
070990_08	70990	8
070994_11	70994	11
070994_16	70994	16
071033_06	71033	6
071033_08	71033	8
071033_13	71033	13
071033_14	71033	14
071033_16	71033	16
071057_02	71057	2
071057_03	71057	3
071057_15	71057	15
071106_05	71106	5
071106_15	71106	15
071108_08	71108	8
071108_13	71108	13
071129_01	71129	1
071129_02	71129	2
071129_03	71129	3
071129_09	71129	9
071129_15	71129	15
071131_07	71131	7
071135_11	71135	11
071135_15	71135	15
071135_16	71135	16
071147_08	71147	8
071156_01	71156	1
071156_05	71156	5
071156_08	71156	8
071160_01	71160	1
071160_02	71160	2
071160_09	71160	9
071205_05	71205	5
071205_11	71205	11
071205_15	71205	15
071205_16	71205	16
071211_05	71211	5
071211_06	71211	6
071211_08	71211	8
071211_16	71211	16
071248_05	71248	5
071252_11	71252	11
071252_16	71252	16
071254_01	71254	1
071254_15	71254	15
071254_16	71254	16
071264_03	71264	3
071264_04	71264	4
071264_09	71264	9
071264_19	71264	19
071268_05	71268	5
071268_08	71268	8
071282_07	71282	7
071302_05	71302	5
071302_15	71302	15
071304_08	71304	8
071304_11	71304	11
071327_08	71327	8
071327_14	71327	14
071341_11	71341	11
071379_11	71379	11
071379_16	71379	16
071429_05	71429	5
071429_08	71429	8
071438_08	71438	8
071453_07	71453	7
071453_08	71453	8
071462_07	71462	7
071464_05	71464	5
071464_08	71464	8
071466_05	71466	5
071466_08	71466	8
071468_01	71468	1
071468_09	71468	9
071468_15	71468	15
071484_03	71484	3
071484_15	71484	15
071494_01	71494	1
071494_03	71494	3
071494_05	71494	5
071494_11	71494	11
071494_16	71494	16
071500_05	71500	5
071500_11	71500	11
071500_16	71500	16
071518_05	71518	5
071518_08	71518	8
071520_05	71520	5
071530_01	71530	1
071530_15	71530	15
071530_16	71530	16
071535_01	71535	1
071535_05	71535	5
071535_11	71535	11
071550_05	71550	5
071550_08	71550	8
071550_13	71550	13
071579_08	71579	8
071579_14	71579	14
071619_08	71619	8
071640_07	71640	7
071668_05	71668	5
071668_14	71668	14
071732_05	71732	5
071732_11	71732	11
071745_02	71745	2
071745_04	71745	4
071745_08	71745	8
071745_09	71745	9
071745_19	71745	19
071810_01	71810	1
071810_02	71810	2
071810_08	71810	8
071810_17	71810	17
071823_08	71823	8
071823_14	71823	14
071838_08	71838	8
071838_16	71838	16
071867_08	71867	8
071899_03	71899	3
071899_05	71899	5
071899_08	71899	8
071902_08	71902	8
071902_14	71902	14
071910_01	71910	1
071970_02	71970	2
071970_05	71970	5
071970_14	71970	14
071999_01	71999	1
071999_02	71999	2
071999_08	71999	8
071999_09	71999	9
071999_14	71999	14
071999_15	71999	15
071999_16	71999	16
072011_08	72011	8
072011_14	72011	14
072104_03	72104	3
072104_08	72104	8
072104_13	72104	13
072104_15	72104	15
072104_16	72104	16
072129_06	72129	6
072129_11	72129	11
072129_13	72129	13
072129_16	72129	16
072142_01	72142	1
072142_05	72142	5
072142_08	72142	8
072142_14	72142	14
072165_01	72165	1
072165_02	72165	2
072165_05	72165	5
072165_09	72165	9
072165_11	72165	11
072165_16	72165	16
072167_01	72167	1
072167_06	72167	6
072167_08	72167	8
072167_16	72167	16
072171_01	72171	1
072171_05	72171	5
072178_05	72178	5
072178_08	72178	8
072178_17	72178	17
072224_05	72224	5
072226_02	72226	2
072226_03	72226	3
072226_04	72226	4
072226_05	72226	5
072226_06	72226	6
072294_03	72294	3
072294_04	72294	4
072294_08	72294	8
072294_09	72294	9
072294_19	72294	19
072308_01	72308	1
072308_02	72308	2
072308_08	72308	8
072308_15	72308	15
072330_08	72330	8
072356_03	72356	3
072356_04	72356	4
072356_05	72356	5
072356_09	72356	9
072378_01	72378	1
072378_08	72378	8
072378_15	72378	15
072378_16	72378	16
072395_08	72395	8
072405_06	72405	6
072405_08	72405	8
072407_08	72407	8
072407_09	72407	9
072407_11	72407	11
072407_14	72407	14
072407_16	72407	16
072424_01	72424	1
072424_16	72424	16
072479_08	72479	8
072479_14	72479	14
072479_17	72479	17
072489_01	72489	1
072489_06	72489	6
072489_08	72489	8
072489_16	72489	16
072554_01	72554	1
072554_08	72554	8
072591_01	72591	1
072591_16	72591	16
072601_01	72601	1
072601_02	72601	2
072601_03	72601	3
072601_05	72601	5
072601_16	72601	16
072603_03	72603	3
072605_08	72605	8
072605_16	72605	16
072605_17	72605	17
072624_08	72624	8
072641_08	72641	8
072692_03	72692	3
072692_05	72692	5
072692_09	72692	9
072694_08	72694	8
072696_05	72696	5
072701_02	72701	2
072701_03	72701	3
072701_04	72701	4
072701_05	72701	5
072701_15	72701	15
072714_07	72714	7
072720_08	72720	8
072731_06	72731	6
072731_08	72731	8
072731_09	72731	9
072731_11	72731	11
072731_16	72731	16
072733_08	72733	8
072737_03	72737	3
072737_04	72737	4
072737_09	72737	9
072737_12	72737	12
072737_14	72737	14
072874_01	72874	1
072919_05	72919	5
072919_06	72919	6
072919_08	72919	8
072919_14	72919	14
072921_09	72921	9
072921_14	72921	14
072982_01	72982	1
072982_02	72982	2
072982_09	72982	9
072998_01	72998	1
072998_02	72998	2
072998_15	72998	15
072998_19	72998	19
073015_05	73015	5
073015_14	73015	14
073017_01	73017	1
073017_06	73017	6
073017_13	73017	13
073017_16	73017	16
073023_08	73023	8
073023_14	73023	14
073042_03	73042	3
073042_04	73042	4
073042_05	73042	5
073042_12	73042	12
073106_05	73106	5
073160_05	73160	5
073160_11	73160	11
073211_11	73211	11
073211_16	73211	16
073266_05	73266	5
073266_08	73266	8
073266_14	73266	14
073268_01	73268	1
073268_08	73268	8
073268_11	73268	11
073268_16	73268	16
073290_08	73290	8
073319_05	73319	5
073319_14	73319	14
073321_01	73321	1
073321_02	73321	2
073321_08	73321	8
073323_01	73323	1
073323_06	73323	6
073323_13	73323	13
073344_06	73344	6
073344_08	73344	8
073386_06	73386	6
073386_08	73386	8
073431_05	73431	5
073431_06	73431	6
073488_01	73488	1
073488_11	73488	11
073488_16	73488	16
073499_01	73499	1
073499_02	73499	2
073501_05	73501	5
073515_05	73515	5
073515_14	73515	14
073569_01	73569	1
073569_05	73569	5
073569_06	73569	6
073676_01	73676	1
073676_05	73676	5
073676_08	73676	8
073681_05	73681	5
073681_08	73681	8
073741_01	73741	1
073741_06	73741	6
073741_08	73741	8
073741_16	73741	16
073804_02	73804	2
073804_04	73804	4
073804_05	73804	5
073804_09	73804	9
073808_06	73808	6
073808_08	73808	8
073808_16	73808	16
073822_05	73822	5
073822_08	73822	8
073854_02	73854	2
073854_03	73854	3
073854_04	73854	4
073854_09	73854	9
073854_12	73854	12
073858_05	73858	5
073876_01	73876	1
073876_06	73876	6
073876_08	73876	8
073881_05	73881	5
073881_08	73881	8
073881_14	73881	14
073929_01	73929	1
073929_09	73929	9
073929_11	73929	11
073929_16	73929	16
074075_05	74075	5
074075_11	74075	11
074089_04	74089	4
074089_09	74089	9
074089_12	74089	12
074095_03	74095	3
074095_09	74095	9
074095_11	74095	11
074095_15	74095	15
074154_05	74154	5
074154_14	74154	14
074226_07	74226	7
074226_08	74226	8
074228_08	74228	8
074228_11	74228	11
074228_13	74228	13
074228_16	74228	16
074275_05	74275	5
074275_08	74275	8
074275_14	74275	14
074282_04	74282	4
074282_08	74282	8
074282_14	74282	14
074324_08	74324	8
074342_05	74342	5
074342_08	74342	8
074342_17	74342	17
074370_11	74370	11
074370_16	74370	16
074450_05	74450	5
074450_14	74450	14
074452_11	74452	11
074452_16	74452	16
074458_08	74458	8
074458_13	74458	13
074458_16	74458	16
074508_08	74508	8
074508_14	74508	14
074510_01	74510	1
074510_06	74510	6
074510_08	74510	8
074510_13	74510	13
074510_16	74510	16
074530_02	74530	2
074530_09	74530	9
074532_01	74532	1
074532_05	74532	5
074532_06	74532	6
074545_08	74545	8
074545_13	74545	13
074545_16	74545	16
074553_03	74553	3
074553_09	74553	9
074580_01	74580	1
074580_04	74580	4
074580_05	74580	5
074624_02	74624	2
074624_08	74624	8
074624_14	74624	14
074647_05	74647	5
074668_01	74668	1
074668_15	74668	15
074677_07	74677	7
074683_05	74683	5
074685_01	74685	1
074685_08	74685	8
074685_11	74685	11
074685_15	74685	15
074685_16	74685	16
074688_08	74688	8
074688_14	74688	14
074688_17	74688	17
074696_07	74696	7
074696_08	74696	8
074698_05	74698	5
074698_09	74698	9
074727_05	74727	5
074727_06	74727	6
074727_08	74727	8
074727_13	74727	13
074750_11	74750	11
074750_16	74750	16
074754_05	74754	5
074754_08	74754	8
074754_14	74754	14
074789_02	74789	2
074789_09	74789	9
074789_19	74789	19
074791_03	74791	3
074795_01	74795	1
074795_08	74795	8
074795_16	74795	16
074795_17	74795	17
074851_01	74851	1
074851_06	74851	6
074868_08	74868	8
074868_11	74868	11
074868_15	74868	15
074916_05	74916	5
074916_08	74916	8
074946_05	74946	5
074948_06	74948	6
074948_08	74948	8
074948_16	74948	16
075341_08	75341	8
075341_14	75341	14
075389_11	75389	11
075389_16	75389	16
075389_18	75389	18
075395_08	75395	8
075395_11	75395	11
075395_16	75395	16
075416_01	75416	1
075416_02	75416	2
075416_15	75416	15
075446_08	75446	8
075803_05	75803	5
075805_01	75805	1
075805_05	75805	5
075805_14	75805	14
075813_05	75813	5
075813_06	75813	6
075813_08	75813	8
075813_16	75813	16
075816_05	75816	5
075947_07	75947	7
075985_01	75985	1
075985_15	75985	15
075985_16	75985	16
076030_11	76030	11
076030_16	76030	16
076054_07	76054	7
076054_08	76054	8
076060_05	76060	5
076077_05	76077	5
076077_15	76077	15
076091_06	76091	6
076091_08	76091	8
076091_13	76091	13
076091_16	76091	16
076093_02	76093	2
076093_03	76093	3
076093_04	76093	4
076093_09	76093	9
076093_19	76093	19
076143_06	76143	6
076143_16	76143	16
076173_05	76173	5
076173_06	76173	6
076175_01	76175	1
076175_02	76175	2
076175_08	76175	8
076175_09	76175	9
076251_01	76251	1
076251_05	76251	5
076293_01	76293	1
076293_05	76293	5
076293_14	76293	14
076301_03	76301	3
076301_04	76301	4
076301_05	76301	5
076301_14	76301	14
076738_07	76738	7
076743_01	76743	1
076743_02	76743	2
076743_05	76743	5
076751_06	76751	6
076751_07	76751	7
076763_08	76763	8
076763_12	76763	12
077177_07	77177	7
077191_05	77191	5
077201_01	77201	1
077201_08	77201	8
077201_17	77201	17
077206_04	77206	4
077206_05	77206	5
077233_05	77233	5
077233_07	77233	7
077266_08	77266	8
077364_01	77364	1
077364_02	77364	2
077364_08	77364	8
077364_13	77364	13
077364_16	77364	16
077414_08	77414	8
077414_14	77414	14
077421_05	77421	5
077421_08	77421	8
077421_14	77421	14
077427_11	77427	11
077455_05	77455	5
077455_07	77455	7
077561_01	77561	1
077561_02	77561	2
077561_15	77561	15
077561_16	77561	16
077561_19	77561	19
077667_01	77667	1
077667_05	77667	5
077688_05	77688	5
077709_02	77709	2
077709_03	77709	3
077709_08	77709	8
077795_15	77795	15
077798_09	77798	9
077798_11	77798	11
077798_16	77798	16
077800_05	77800	5
077800_08	77800	8
077841_02	77841	2
077841_05	77841	5
077846_06	77846	6
077846_08	77846	8
077866_01	77866	1
077866_02	77866	2
077866_08	77866	8
077866_14	77866	14
077866_17	77866	17
077881_08	77881	8
077881_14	77881	14
077893_01	77893	1
077893_08	77893	8
077931_05	77931	5
077931_12	77931	12
077931_15	77931	15
077931_18	77931	18
078034_05	78034	5
078034_08	78034	8
078034_14	78034	14
078039_08	78039	8
078039_14	78039	14
078041_01	78041	1
078041_05	78041	5
078088_13	78088	13
078088_16	78088	16
078103_08	78103	8
078103_17	78103	17
078105_01	78105	1
078105_02	78105	2
078105_09	78105	9
078105_14	78105	14
078105_19	78105	19
078116_05	78116	5
078116_08	78116	8
078142_05	78142	5
078142_08	78142	8
078142_17	78142	17
078160_05	78160	5
078174_05	78174	5
078174_08	78174	8
078174_14	78174	14
078209_05	78209	5
078218_08	78218	8
078218_16	78218	16
078264_05	78264	5
078264_14	78264	14
078266_11	78266	11
078266_15	78266	15
078266_16	78266	16
078316_08	78316	8
078316_14	78316	14
078349_13	78349	13
078349_16	78349	16
078467_01	78467	1
078467_08	78467	8
078467_16	78467	16
078467_18	78467	18
078469_01	78469	1
078469_05	78469	5
078469_16	78469	16
078499_02	78499	2
078499_03	78499	3
078499_04	78499	4
078499_05	78499	5
078499_09	78499	9
078499_19	78499	19
078544_05	78544	5
078574_08	78574	8
078574_16	78574	16
078620_05	78620	5
078620_18	78620	18
078626_05	78626	5
078626_11	78626	11
078637_02	78637	2
078637_03	78637	3
078637_04	78637	4
078637_05	78637	5
078637_09	78637	9
078637_19	78637	19
078703_05	78703	5
078703_08	78703	8
078703_09	78703	9
078703_14	78703	14
078746_07	78746	7
078772_09	78772	9
078772_14	78772	14
078772_16	78772	16
078772_19	78772	19
078836_08	78836	8
078893_01	78893	1
078893_02	78893	2
078893_09	78893	9
078959_08	78959	8
079006_07	79006	7
079008_03	79008	3
079008_05	79008	5
079008_09	79008	9
079057_01	79057	1
079057_15	79057	15
079057_16	79057	16
079073_07	79073	7
079091_03	79091	3
079091_04	79091	4
079091_05	79091	5
079091_06	79091	6
079132_01	79132	1
079132_06	79132	6
079132_08	79132	8
079132_13	79132	13
079132_15	79132	15
079132_16	79132	16
079132_19	79132	19
079134_05	79134	5
079139_01	79139	1
079139_02	79139	2
079139_04	79139	4
079139_05	79139	5
079139_09	79139	9
079185_01	79185	1
079185_05	79185	5
079185_14	79185	14
079224_01	79224	1
079224_04	79224	4
079224_08	79224	8
079242_05	79242	5
079242_08	79242	8
079251_11	79251	11
079251_16	79251	16
079259_08	79259	8
079259_16	79259	16
079274_01	79274	1
079274_03	79274	3
079293_01	79293	1
079293_16	79293	16
079299_05	79299	5
079299_06	79299	6
079299_13	79299	13
079333_05	79333	5
079333_06	79333	6
079333_14	79333	14
079357_08	79357	8
079357_09	79357	9
079357_14	79357	14
079357_15	79357	15
079428_05	79428	5
079501_06	79501	6
079501_08	79501	8
079501_16	79501	16
079536_06	79536	6
079553_01	79553	1
079572_04	79572	4
079572_05	79572	5
079590_05	79590	5
079590_14	79590	14
079592_01	79592	1
079592_05	79592	5
079677_06	79677	6
079677_07	79677	7
079684_05	79684	5
079684_08	79684	8
079695_01	79695	1
079695_02	79695	2
079695_16	79695	16
079702_01	79702	1
079702_05	79702	5
079702_09	79702	9
079702_12	79702	12
079702_14	79702	14
079798_08	79798	8
079868_09	79868	9
079868_11	79868	11
079868_13	79868	13
079868_16	79868	16
079879_01	79879	1
079879_11	79879	11
079879_16	79879	16
079895_01	79895	1
079895_02	79895	2
079895_09	79895	9
079895_13	79895	13
079897_05	79897	5
079897_08	79897	8
079897_13	79897	13
079946_05	79946	5
079946_08	79946	8
080083_01	80083	1
080083_02	80083	2
080083_03	80083	3
080083_09	80083	9
080083_15	80083	15
080094_11	80094	11
080094_16	80094	16
080124_01	80124	1
080124_06	80124	6
080124_08	80124	8
080126_08	80126	8
080126_16	80126	16
080139_05	80139	5
080139_07	80139	7
080162_01	80162	1
080162_11	80162	11
080162_16	80162	16
080166_05	80166	5
080166_14	80166	14
080219_01	80219	1
080219_02	80219	2
080219_05	80219	5
080219_06	80219	6
080219_16	80219	16
080241_05	80241	5
080241_14	80241	14
080363_01	80363	1
080363_11	80363	11
080363_15	80363	15
080363_16	80363	16
080363_19	80363	19
080454_08	80454	8
080463_08	80463	8
080478_07	80478	7
080478_08	80478	8
080478_13	80478	13
080489_06	80489	6
080489_08	80489	8
080489_16	80489	16
080549_05	80549	5
080549_14	80549	14
080551_08	80551	8
080551_14	80551	14
080553_08	80553	8
080572_05	80572	5
080572_08	80572	8
080584_05	80584	5
080584_08	80584	8
080584_14	80584	14
080586_05	80586	5
080586_08	80586	8
080586_14	80586	14
080590_08	80590	8
080615_02	80615	2
080615_03	80615	3
080615_09	80615	9
080615_19	80615	19
080693_05	80693	5
080693_08	80693	8
080727_05	80727	5
080727_06	80727	6
080727_08	80727	8
080748_02	80748	2
080748_04	80748	4
080748_09	80748	9
080831_08	80831	8
080831_11	80831	11
080831_13	80831	13
080834_03	80834	3
080834_09	80834	9
080839_02	80839	2
080839_08	80839	8
080846_11	80846	11
080846_13	80846	13
080846_16	80846	16
080858_05	80858	5
080860_05	80860	5
080860_14	80860	14
080862_07	80862	7
080862_13	80862	13
080864_05	80864	5
080864_14	80864	14
080880_08	80880	8
080880_16	80880	16
080906_07	80906	7
080917_08	80917	8
080917_15	80917	15
080969_08	80969	8
080969_14	80969	14
080969_15	80969	15
081018_03	81018	3
081087_08	81087	8
081132_01	81132	1
081132_02	81132	2
081132_05	81132	5
081132_06	81132	6
081132_08	81132	8
081132_10	81132	10
081132_11	81132	11
081132_13	81132	13
081132_16	81132	16
081132_18	81132	18
081156_01	81156	1
081156_05	81156	5
081156_07	81156	7
081158_07	81158	7
081158_17	81158	17
081191_07	81191	7
081229_01	81229	1
081229_05	81229	5
081257_08	81257	8
081383_05	81383	5
081383_14	81383	14
081417_11	81417	11
081417_19	81417	19
081456_08	81456	8
081456_14	81456	14
081512_08	81512	8
081512_09	81512	9
081520_01	81520	1
081520_06	81520	6
081520_08	81520	8
081535_11	81535	11
081535_13	81535	13
081535_16	81535	16
081537_05	81537	5
081562_02	81562	2
081562_08	81562	8
081562_16	81562	16
081564_01	81564	1
081564_03	81564	3
081564_04	81564	4
081564_05	81564	5
081564_15	81564	15
081564_19	81564	19
081591_08	81591	8
081591_16	81591	16
081681_08	81681	8
081681_14	81681	14
081681_18	81681	18
081782_01	81782	1
081782_08	81782	8
081782_16	81782	16
081784_05	81784	5
081784_08	81784	8
081784_14	81784	14
081786_08	81786	8
081788_06	81788	6
081788_08	81788	8
081788_14	81788	14
081788_16	81788	16
081791_08	81791	8
081819_08	81819	8
081831_05	81831	5
081831_08	81831	8
081834_01	81834	1
081834_02	81834	2
081834_09	81834	9
081834_19	81834	19
081845_08	81845	8
081847_03	81847	3
081847_04	81847	4
081847_05	81847	5
081847_09	81847	9
081847_12	81847	12
081847_14	81847	14
081847_19	81847	19
081910_07	81910	7
081932_08	81932	8
081949_05	81949	5
081949_08	81949	8
081949_14	81949	14
082041_11	82041	11
082053_05	82053	5
082053_06	82053	6
082088_08	82088	8
082093_06	82093	6
082093_14	82093	14
082095_15	82095	15
082095_16	82095	16
082152_08	82152	8
082152_09	82152	9
082152_14	82152	14
082167_05	82167	5
082167_08	82167	8
082167_14	82167	14
082169_02	82169	2
082169_04	82169	4
082169_09	82169	9
082202_08	82202	8
082202_16	82202	16
082242_01	82242	1
082242_05	82242	5
082366_05	82366	5
082366_11	82366	11
082366_16	82366	16
082378_08	82378	8
082378_13	82378	13
082378_16	82378	16
082459_18	82459	18
082461_01	82461	1
082461_02	82461	2
082461_15	82461	15
082461_19	82461	19
082499_05	82499	5
082499_08	82499	8
082499_14	82499	14
082527_08	82527	8
082534_08	82534	8
082641_01	82641	1
082641_08	82641	8
082667_06	82667	6
082667_16	82667	16
082684_08	82684	8
082744_01	82744	1
082744_06	82744	6
082744_08	82744	8
082765_01	82765	1
082765_02	82765	2
082765_05	82765	5
082765_08	82765	8
082765_17	82765	17
082767_08	82767	8
082848_05	82848	5
082852_05	82852	5
082854_02	82854	2
082854_05	82854	5
082854_09	82854	9
082857_02	82857	2
082857_07	82857	7
082857_18	82857	18
083086_08	83086	8
083086_12	83086	12
083086_14	83086	14
083132_03	83132	3
083132_04	83132	4
083132_09	83132	9
083134_05	83134	5
083134_11	83134	11
083177_04	83177	4
083177_05	83177	5
083270_05	83270	5
083270_08	83270	8
083349_01	83349	1
083349_05	83349	5
083349_06	83349	6
083349_09	83349	9
083349_16	83349	16
083349_19	83349	19
083369_08	83369	8
083374_01	83374	1
083374_09	83374	9
083374_18	83374	18
083480_02	83480	2
083480_08	83480	8
083480_09	83480	9
083601_08	83601	8
083601_11	83601	11
083613_01	83613	1
083613_15	83613	15
083613_16	83613	16
083613_18	83613	18
083613_19	83613	19
083796_06	83796	6
083796_08	83796	8
083796_16	83796	16
083803_03	83803	3
083803_04	83803	4
083827_07	83827	7
083910_05	83910	5
083910_08	83910	8
083969_05	83969	5
083969_08	83969	8
083969_14	83969	14
083976_05	83976	5
083976_08	83976	8
084152_15	84152	15
084152_16	84152	16
084156_07	84156	7
084187_01	84187	1
084187_03	84187	3
084187_08	84187	8
084187_15	84187	15
084189_06	84189	6
084189_11	84189	11
084189_16	84189	16
084240_08	84240	8
084246_05	84246	5
084246_14	84246	14
084273_07	84273	7
084374_05	84374	5
084374_14	84374	14
084392_06	84392	6
084392_08	84392	8
084392_16	84392	16
084414_01	84414	1
084414_02	84414	2
084414_03	84414	3
084414_15	84414	15
084512_05	84512	5
084523_01	84523	1
084523_05	84523	5
084523_08	84523	8
084553_05	84553	5
084601_08	84601	8
084601_13	84601	13
084601_16	84601	16
084615_05	84615	5
084637_02	84637	2
084637_03	84637	3
084637_04	84637	4
084637_05	84637	5
084637_09	84637	9
084637_14	84637	14
084696_05	84696	5
084696_16	84696	16
084716_05	84716	5
084716_08	84716	8
084716_14	84716	14
084772_02	84772	2
084772_05	84772	5
084772_15	84772	15
084799_11	84799	11
084799_15	84799	15
084844_06	84844	6
084844_08	84844	8
084847_05	84847	5
084847_08	84847	8
084847_14	84847	14
084942_01	84942	1
084942_09	84942	9
084942_16	84942	16
084944_01	84944	1
084944_02	84944	2
084944_03	84944	3
084944_04	84944	4
084944_05	84944	5
084944_18	84944	18
084950_05	84950	5
084950_08	84950	8
084952_08	84952	8
084952_11	84952	11
084954_14	84954	14
084954_15	84954	15
084954_16	84954	16
085020_01	85020	1
085020_08	85020	8
085020_16	85020	16
085022_05	85022	5
085025_02	85025	2
085025_08	85025	8
085056_01	85056	1
085056_15	85056	15
085056_16	85056	16
085056_19	85056	19
085131_01	85131	1
085131_15	85131	15
085131_17	85131	17
085179_02	85179	2
085179_03	85179	3
085179_05	85179	5
085179_15	85179	15
085213_08	85213	8
085259_03	85259	3
085259_04	85259	4
085261_01	85261	1
085261_02	85261	2
085261_03	85261	3
085261_04	85261	4
085261_05	85261	5
085261_15	85261	15
085261_19	85261	19
085295_02	85295	2
085295_04	85295	4
085295_05	85295	5
085295_13	85295	13
085316_03	85316	3
085316_04	85316	4
085334_01	85334	1
085334_05	85334	5
085342_01	85342	1
085342_06	85342	6
085342_08	85342	8
085354_01	85354	1
085354_06	85354	6
085367_05	85367	5
085367_14	85367	14
085394_07	85394	7
085397_09	85397	9
085397_11	85397	11
085397_13	85397	13
085397_16	85397	16
085399_05	85399	5
085401_01	85401	1
085401_05	85401	5
085401_08	85401	8
085412_09	85412	9
085412_11	85412	11
085414_01	85414	1
085414_08	85414	8
085414_13	85414	13
085414_15	85414	15
085414_16	85414	16
085438_08	85438	8
085438_14	85438	14
085510_01	85510	1
085510_09	85510	9
085510_16	85510	16
085510_19	85510	19
085565_05	85565	5
085565_14	85565	14
085736_02	85736	2
085736_03	85736	3
085736_04	85736	4
085736_15	85736	15
085774_07	85774	7
085780_03	85780	3
085780_05	85780	5
085780_15	85780	15
085788_09	85788	9
085788_11	85788	11
085788_16	85788	16
085796_01	85796	1
085796_02	85796	2
085796_06	85796	6
085796_16	85796	16
085881_05	85881	5
085881_08	85881	8
085885_08	85885	8
085885_14	85885	14
086000_05	86000	5
086000_08	86000	8
086014_05	86014	5
086028_05	86028	5
086028_06	86028	6
086059_03	86059	3
086059_04	86059	4
086059_05	86059	5
086066_05	86066	5
086068_11	86068	11
086068_16	86068	16
086142_01	86142	1
086190_01	86190	1
086190_02	86190	2
086190_13	86190	13
086190_16	86190	16
086237_07	86237	7
086279_07	86279	7
086286_03	86286	3
086286_04	86286	4
086286_05	86286	5
086286_11	86286	11
086290_05	86290	5
086290_07	86290	7
086293_05	86293	5
086295_05	86295	5
086295_11	86295	11
086295_13	86295	13
086295_16	86295	16
086298_02	86298	2
086298_03	86298	3
086298_04	86298	4
086298_05	86298	5
086320_08	86320	8
086320_15	86320	15
086332_01	86332	1
086332_02	86332	2
086332_08	86332	8
086332_09	86332	9
086332_19	86332	19
086345_05	86345	5
086347_05	86347	5
086355_08	86355	8
086355_13	86355	13
086355_15	86355	15
086377_05	86377	5
086487_08	86487	8
086504_07	86504	7
086548_08	86548	8
086548_14	86548	14
086593_02	86593	2
086593_07	86593	7
086628_01	86628	1
086628_06	86628	6
086644_01	86644	1
086644_06	86644	6
086644_08	86644	8
086644_16	86644	16
086644_19	86644	19
086668_07	86668	7
086721_03	86721	3
086721_08	86721	8
086721_09	86721	9
086781_08	86781	8
086781_13	86781	13
086781_17	86781	17
086815_01	86815	1
086815_08	86815	8
086817_05	86817	5
086817_08	86817	8
086817_14	86817	14
086833_05	86833	5
086835_01	86835	1
086835_11	86835	11
086835_15	86835	15
086835_16	86835	16
086864_02	86864	2
086864_09	86864	9
086864_15	86864	15
086880_01	86880	1
086880_02	86880	2
086880_09	86880	9
086880_19	86880	19
086882_05	86882	5
086882_09	86882	9
086882_14	86882	14
086892_01	86892	1
086892_06	86892	6
086892_16	86892	16
086898_08	86898	8
086911_05	86911	5
086922_05	86922	5
086960_16	86960	16
087028_08	87028	8
087028_16	87028	16
087192_01	87192	1
087192_05	87192	5
087192_15	87192	15
087194_02	87194	2
087194_05	87194	5
087194_08	87194	8
087197_01	87197	1
087197_05	87197	5
087222_01	87222	1
087222_02	87222	2
087222_03	87222	3
087222_04	87222	4
087222_05	87222	5
087222_19	87222	19
087232_01	87232	1
087232_02	87232	2
087232_15	87232	15
087232_16	87232	16
087232_17	87232	17
087234_05	87234	5
087234_08	87234	8
087234_14	87234	14
087287_07	87287	7
087298_05	87298	5
087298_08	87298	8
087304_08	87304	8
087306_13	87306	13
087306_15	87306	15
087306_16	87306	16
087306_19	87306	19
087413_05	87413	5
087413_08	87413	8
087430_01	87430	1
087430_02	87430	2
087430_15	87430	15
087444_05	87444	5
087483_05	87483	5
087485_05	87485	5
087520_01	87520	1
087520_02	87520	2
087520_15	87520	15
087520_17	87520	17
087520_19	87520	19
087522_05	87522	5
087522_08	87522	8
087522_14	87522	14
087529_01	87529	1
087529_02	87529	2
087529_05	87529	5
087529_09	87529	9
087660_08	87660	8
087785_01	87785	1
087785_06	87785	6
087785_16	87785	16
087834_03	87834	3
087834_05	87834	5
087834_08	87834	8
087867_05	87867	5
087869_05	87869	5
087869_06	87869	6
087876_02	87876	2
087876_03	87876	3
087876_04	87876	4
087876_05	87876	5
087876_19	87876	19
087960_07	87960	7
088069_05	88069	5
088069_06	88069	6
088094_07	88094	7
088108_02	88108	2
088108_05	88108	5
088108_14	88108	14
088125_01	88125	1
088125_02	88125	2
088125_08	88125	8
088125_09	88125	9
088125_13	88125	13
088125_19	88125	19
088129_06	88129	6
088129_08	88129	8
088129_10	88129	10
088129_16	88129	16
088140_01	88140	1
088140_02	88140	2
088140_15	88140	15
088140_16	88140	16
088140_17	88140	17
088163_05	88163	5
088163_08	88163	8
088163_14	88163	14
088179_08	88179	8
088179_14	88179	14
088235_05	88235	5
088235_06	88235	6
088267_03	88267	3
088267_04	88267	4
088267_05	88267	5
088272_11	88272	11
088327_01	88327	1
088327_08	88327	8
088327_17	88327	17
088345_03	88345	3
088345_05	88345	5
088356_03	88356	3
088356_04	88356	4
088356_05	88356	5
088405_05	88405	5
088405_14	88405	14
088448_05	88448	5
088448_08	88448	8
088515_01	88515	1
088515_06	88515	6
088515_16	88515	16
088593_06	88593	6
088593_08	88593	8
088593_16	88593	16
088672_05	88672	5
088697_08	88697	8
088699_01	88699	1
088699_15	88699	15
088699_16	88699	16
088744_01	88744	1
088744_08	88744	8
088744_15	88744	15
088744_16	88744	16
088746_05	88746	5
088785_05	88785	5
088810_08	88810	8
088812_01	88812	1
088812_05	88812	5
088812_06	88812	6
088911_05	88911	5
088932_11	88932	11
088932_16	88932	16
088932_19	88932	19
088954_05	88954	5
089028_11	89028	11
089028_16	89028	16
089030_05	89030	5
089030_11	89030	11
089039_08	89039	8
089039_14	89039	14
089039_15	89039	15
089047_08	89047	8
089072_11	89072	11
089085_08	89085	8
089085_16	89085	16
089087_01	89087	1
089087_02	89087	2
089087_08	89087	8
089087_16	89087	16
089090_07	89090	7
089118_08	89118	8
089190_01	89190	1
089190_02	89190	2
089190_09	89190	9
089208_11	89208	11
089208_16	89208	16
089281_14	89281	14
089281_16	89281	16
089305_02	89305	2
089305_05	89305	5
089343_01	89343	1
089343_06	89343	6
089343_11	89343	11
089343_16	89343	16
089386_07	89386	7
089386_12	89386	12
089388_05	89388	5
089427_11	89427	11
089427_16	89427	16
089470_15	89470	15
089470_16	89470	16
089470_19	89470	19
089492_08	89492	8
089580_08	89580	8
089582_08	89582	8
089582_16	89582	16
089586_02	89586	2
089586_03	89586	3
089586_04	89586	4
089678_08	89678	8
089678_14	89678	14
089745_01	89745	1
089745_02	89745	2
089745_15	89745	15
089745_19	89745	19
089753_08	89753	8
089753_10	89753	10
089753_16	89753	16
089759_08	89759	8
089761_08	89761	8
089761_16	89761	16
089774_08	89774	8
089804_08	89804	8
089837_11	89837	11
089837_13	89837	13
089837_16	89837	16
089840_01	89840	1
089840_16	89840	16
089862_01	89862	1
089862_08	89862	8
089862_14	89862	14
089864_05	89864	5
089864_08	89864	8
089898_05	89898	5
089898_08	89898	8
089898_15	89898	15
089904_05	89904	5
089904_08	89904	8
089904_14	89904	14
089939_05	89939	5
089945_11	89945	11
089945_15	89945	15
090057_08	90057	8
090243_01	90243	1
090243_08	90243	8
090245_07	90245	7
090249_01	90249	1
090249_08	90249	8
090249_15	90249	15
090249_19	90249	19
090343_05	90343	5
090343_08	90343	8
090343_12	90343	12
090345_11	90345	11
090345_13	90345	13
090345_15	90345	15
090345_16	90345	16
090353_08	90353	8
090357_08	90357	8
090374_08	90374	8
090374_16	90374	16
090376_08	90376	8
090376_16	90376	16
090384_01	90384	1
090384_16	90384	16
090384_17	90384	17
090403_01	90403	1
090403_02	90403	2
090405_06	90405	6
090405_15	90405	15
090405_16	90405	16
090428_08	90428	8
090430_05	90430	5
090430_08	90430	8
090439_08	90439	8
090439_16	90439	16
090469_11	90469	11
090471_08	90471	8
090522_02	90522	2
090522_05	90522	5
090522_16	90522	16
090524_01	90524	1
090524_08	90524	8
090524_13	90524	13
090524_16	90524	16
090528_06	90528	6
090528_08	90528	8
090528_16	90528	16
090531_08	90531	8
090576_05	90576	5
090576_14	90576	14
090600_01	90600	1
090600_06	90600	6
090600_16	90600	16
090603_01	90603	1
090603_03	90603	3
090603_06	90603	6
090630_07	90630	7
090647_02	90647	2
090647_03	90647	3
090647_05	90647	5
090647_09	90647	9
090647_19	90647	19
090717_01	90717	1
090717_05	90717	5
090717_06	90717	6
090719_08	90719	8
090738_01	90738	1
090738_06	90738	6
090738_08	90738	8
090738_13	90738	13
090738_16	90738	16
090746_01	90746	1
090746_03	90746	3
090746_13	90746	13
090746_19	90746	19
090769_07	90769	7
090809_08	90809	8
090863_07	90863	7
090866_04	90866	4
090866_08	90866	8
090866_13	90866	13
090888_01	90888	1
090888_08	90888	8
090888_09	90888	9
090890_05	90890	5
090943_07	90943	7
090945_02	90945	2
090945_06	90945	6
090945_08	90945	8
091077_05	91077	5
091077_08	91077	8
091079_08	91079	8
091079_14	91079	14
091094_04	91094	4
091094_05	91094	5
091094_12	91094	12
091104_02	91104	2
091104_08	91104	8
091104_09	91104	9
091104_14	91104	14
091126_08	91126	8
091126_17	91126	17
091128_05	91128	5
091128_08	91128	8
091128_16	91128	16
091233_03	91233	3
091233_05	91233	5
091233_15	91233	15
091261_08	91261	8
091261_12	91261	12
091261_14	91261	14
091266_04	91266	4
091266_05	91266	5
091266_12	91266	12
091266_14	91266	14
091273_01	91273	1
091273_08	91273	8
091273_09	91273	9
091323_05	91323	5
091325_08	91325	8
091337_05	91337	5
091337_14	91337	14
091353_02	91353	2
091353_03	91353	3
091353_04	91353	4
091353_05	91353	5
091355_02	91355	2
091355_03	91355	3
091355_04	91355	4
091355_05	91355	5
091355_09	91355	9
091386_03	91386	3
091386_04	91386	4
091386_05	91386	5
091386_19	91386	19
091414_03	91414	3
091414_04	91414	4
091414_05	91414	5
091414_08	91414	8
091470_01	91470	1
091470_08	91470	8
091483_01	91483	1
091483_06	91483	6
091483_10	91483	10
091485_01	91485	1
091485_02	91485	2
091488_03	91488	3
091488_04	91488	4
091488_12	91488	12
091500_01	91500	1
091500_02	91500	2
091500_08	91500	8
091500_15	91500	15
091500_16	91500	16
091529_01	91529	1
091529_02	91529	2
091529_06	91529	6
091529_19	91529	19
091535_01	91535	1
091535_02	91535	2
091535_08	91535	8
091535_16	91535	16
091535_19	91535	19
091542_01	91542	1
091542_02	91542	2
091542_05	91542	5
091542_06	91542	6
091542_13	91542	13
091542_16	91542	16
091571_08	91571	8
091571_16	91571	16
091622_05	91622	5
091622_08	91622	8
091628_05	91628	5
091628_14	91628	14
091630_01	91630	1
091630_02	91630	2
091630_16	91630	16
091630_19	91630	19
091653_05	91653	5
091653_08	91653	8
091658_08	91658	8
091658_16	91658	16
091660_01	91660	1
091660_11	91660	11
091660_15	91660	15
091660_16	91660	16
091666_05	91666	5
091666_08	91666	8
091666_14	91666	14
091671_03	91671	3
091671_05	91671	5
091688_05	91688	5
091688_16	91688	16
091690_05	91690	5
091784_05	91784	5
091784_08	91784	8
091784_09	91784	9
091842_01	91842	1
091842_06	91842	6
091842_08	91842	8
091842_16	91842	16
091860_07	91860	7
091869_07	91869	7
091873_05	91873	5
091873_12	91873	12
091890_08	91890	8
091935_08	91935	8
091947_05	91947	5
091947_11	91947	11
091974_01	91974	1
091974_09	91974	9
091974_11	91974	11
091974_19	91974	19
091976_01	91976	1
091976_08	91976	8
091978_06	91978	6
091978_16	91978	16
091981_08	91981	8
092008_01	92008	1
092008_16	92008	16
092046_05	92046	5
092048_08	92048	8
092048_16	92048	16
092094_08	92094	8
092192_11	92192	11
092192_15	92192	15
092192_16	92192	16
092198_01	92198	1
092198_08	92198	8
092198_16	92198	16
092234_01	92234	1
092234_02	92234	2
092234_08	92234	8
092234_17	92234	17
092243_08	92243	8
092243_17	92243	17
092259_05	92259	5
092259_08	92259	8
092264_01	92264	1
092264_05	92264	5
092264_06	92264	6
092309_11	92309	11
092309_16	92309	16
092348_02	92348	2
092348_03	92348	3
092348_04	92348	4
092348_05	92348	5
092348_09	92348	9
092348_14	92348	14
092391_11	92391	11
092420_01	92420	1
092420_15	92420	15
092420_16	92420	16
092422_08	92422	8
092422_11	92422	11
092422_16	92422	16
092427_05	92427	5
092439_08	92439	8
092439_14	92439	14
092475_07	92475	7
092494_05	92494	5
092494_07	92494	7
092507_01	92507	1
092507_06	92507	6
092507_13	92507	13
092507_16	92507	16
092509_08	92509	8
092509_14	92509	14
092535_05	92535	5
092637_06	92637	6
092637_08	92637	8
092637_09	92637	9
092643_04	92643	4
092643_05	92643	5
092643_08	92643	8
092665_05	92665	5
092665_08	92665	8
092665_14	92665	14
092674_08	92674	8
092674_12	92674	12
092681_01	92681	1
092681_02	92681	2
092681_05	92681	5
092681_15	92681	15
092681_19	92681	19
092694_08	92694	8
092694_14	92694	14
092694_15	92694	15
092730_04	92730	4
092730_09	92730	9
092760_11	92760	11
092760_15	92760	15
092938_01	92938	1
092938_09	92938	9
092938_16	92938	16
092954_08	92954	8
093006_05	93006	5
093006_12	93006	12
093008_05	93008	5
093008_12	93008	12
093022_05	93022	5
093022_06	93022	6
093040_07	93040	7
093040_17	93040	17
093114_05	93114	5
093114_08	93114	8
093134_05	93134	5
093139_01	93139	1
093139_02	93139	2
093139_11	93139	11
093193_06	93193	6
093193_16	93193	16
093193_18	93193	18
093208_03	93208	3
093208_04	93208	4
093242_08	93242	8
093242_16	93242	16
093270_05	93270	5
093272_03	93272	3
093272_09	93272	9
093272_12	93272	12
093272_19	93272	19
093287_05	93287	5
093297_01	93297	1
093297_16	93297	16
093297_17	93297	17
093320_05	93320	5
093320_06	93320	6
093326_01	93326	1
093326_05	93326	5
093326_14	93326	14
093363_01	93363	1
093363_02	93363	2
093363_15	93363	15
093363_19	93363	19
093443_05	93443	5
093443_08	93443	8
093502_08	93502	8
093502_16	93502	16
093510_01	93510	1
093510_05	93510	5
093510_06	93510	6
093512_05	93512	5
093512_08	93512	8
093563_01	93563	1
093563_15	93563	15
093563_16	93563	16
093598_06	93598	6
093598_08	93598	8
093598_16	93598	16
093610_01	93610	1
093610_02	93610	2
093610_08	93610	8
093721_07	93721	7
093723_05	93723	5
093723_14	93723	14
093740_05	93740	5
093740_08	93740	8
093740_14	93740	14
093766_01	93766	1
093766_02	93766	2
093766_09	93766	9
093766_19	93766	19
093790_08	93790	8
093805_01	93805	1
093805_05	93805	5
093805_15	93805	15
093819_11	93819	11
093831_05	93831	5
093838_01	93838	1
093838_06	93838	6
093840_05	93840	5
093840_11	93840	11
093840_15	93840	15
093840_16	93840	16
093855_05	93855	5
093855_08	93855	8
093980_05	93980	5
093982_13	93982	13
093982_16	93982	16
093988_08	93988	8
093988_14	93988	14
094011_01	94011	1
094011_16	94011	16
094015_02	94015	2
094015_05	94015	5
094015_09	94015	9
094018_01	94018	1
094018_15	94018	15
094018_16	94018	16
094018_19	94018	19
094070_05	94070	5
094070_08	94070	8
094122_07	94122	7
094130_07	94130	7
094150_05	94150	5
094150_14	94150	14
094160_01	94160	1
094160_03	94160	3
094160_09	94160	9
094262_15	94262	15
094262_16	94262	16
094266_05	94266	5
094266_14	94266	14
094323_05	94323	5
094325_08	94325	8
094405_01	94405	1
094405_06	94405	6
094405_16	94405	16
094478_05	94478	5
094478_11	94478	11
094478_19	94478	19
094494_08	94494	8
094494_16	94494	16
094503_05	94503	5
094503_14	94503	14
094661_05	94661	5
094661_08	94661	8
094677_05	94677	5
094735_07	94735	7
094777_01	94777	1
094777_05	94777	5
094777_15	94777	15
094777_19	94777	19
094780_01	94780	1
094780_02	94780	2
094780_08	94780	8
094799_08	94799	8
094799_13	94799	13
094799_15	94799	15
094810_08	94810	8
094810_09	94810	9
094810_15	94810	15
094833_02	94833	2
094833_03	94833	3
094833_04	94833	4
094833_05	94833	5
094864_01	94864	1
094864_11	94864	11
094864_15	94864	15
094864_19	94864	19
094867_11	94867	11
094867_13	94867	13
094867_16	94867	16
094896_05	94896	5
094896_06	94896	6
094896_08	94896	8
094919_08	94919	8
094919_16	94919	16
094931_08	94931	8
094931_14	94931	14
094953_05	94953	5
094959_05	94959	5
094959_08	94959	8
094959_14	94959	14
094985_01	94985	1
094985_06	94985	6
094985_08	94985	8
094985_16	94985	16
095004_01	95004	1
095004_03	95004	3
095067_05	95067	5
095067_08	95067	8
095088_05	95088	5
095088_08	95088	8
095105_02	95105	2
095105_03	95105	3
095105_04	95105	4
095105_05	95105	5
095105_19	95105	19
095135_05	95135	5
095135_08	95135	8
095145_01	95145	1
095145_02	95145	2
095145_03	95145	3
095145_04	95145	4
095147_01	95147	1
095147_02	95147	2
095147_03	95147	3
095147_04	95147	4
095149_01	95149	1
095149_03	95149	3
095149_09	95149	9
095163_01	95163	1
095163_02	95163	2
095163_03	95163	3
095163_04	95163	4
095165_01	95165	1
095165_02	95165	2
095165_03	95165	3
095165_15	95165	15
095165_16	95165	16
095167_01	95167	1
095167_02	95167	2
095167_03	95167	3
095167_04	95167	4
095170_03	95170	3
095170_04	95170	4
095170_09	95170	9
095170_12	95170	12
095175_08	95175	8
095182_01	95182	1
095182_02	95182	2
095182_03	95182	3
095182_15	95182	15
095193_02	95193	2
095193_03	95193	3
095193_04	95193	4
095199_05	95199	5
095199_08	95199	8
095199_14	95199	14
095201_05	95201	5
095207_01	95207	1
095207_09	95207	9
095207_11	95207	11
095207_16	95207	16
095218_07	95218	7
095307_05	95307	5
095307_08	95307	8
095307_12	95307	12
095307_19	95307	19
095309_05	95309	5
095309_08	95309	8
095309_14	95309	14
095311_03	95311	3
095311_04	95311	4
095311_05	95311	5
095311_09	95311	9
095313_02	95313	2
095313_03	95313	3
095313_04	95313	4
095313_05	95313	5
095377_03	95377	3
095377_05	95377	5
095377_12	95377	12
095441_05	95441	5
095441_09	95441	9
095449_08	95449	8
095449_14	95449	14
095473_01	95473	1
095473_02	95473	2
095473_03	95473	3
095475_01	95475	1
095475_02	95475	2
095475_03	95475	3
095497_01	95497	1
095497_02	95497	2
095497_03	95497	3
095499_01	95499	1
095499_02	95499	2
095499_03	95499	3
095508_06	95508	6
095508_08	95508	8
095508_16	95508	16
095510_01	95510	1
095510_02	95510	2
095510_15	95510	15
095510_19	95510	19
095519_01	95519	1
095519_02	95519	2
095519_03	95519	3
095519_09	95519	9
095543_02	95543	2
095543_03	95543	3
095543_05	95543	5
095558_08	95558	8
095558_09	95558	9
095583_06	95583	6
095583_08	95583	8
095583_16	95583	16
095624_08	95624	8
095633_11	95633	11
095654_03	95654	3
095654_04	95654	4
095690_05	95690	5
095690_16	95690	16
095717_02	95717	2
095720_05	95720	5
095720_15	95720	15
095738_04	95738	4
095738_12	95738	12
095738_13	95738	13
095744_05	95744	5
095761_06	95761	6
095761_16	95761	16
095771_01	95771	1
095771_02	95771	2
095771_03	95771	3
095780_01	95780	1
095780_02	95780	2
095780_03	95780	3
095796_01	95796	1
095796_11	95796	11
095796_15	95796	15
095796_16	95796	16
095839_08	95839	8
095839_09	95839	9
095843_05	95843	5
095843_09	95843	9
095843_14	95843	14
095858_03	95858	3
095858_04	95858	4
095858_05	95858	5
095873_05	95873	5
095873_09	95873	9
095873_14	95873	14
095875_01	95875	1
095875_15	95875	15
095875_16	95875	16
095939_05	95939	5
095939_08	95939	8
095949_05	95949	5
095965_01	95965	1
095965_02	95965	2
095965_03	95965	3
096004_01	96004	1
096004_02	96004	2
096004_03	96004	3
096007_01	96007	1
096007_02	96007	2
096007_03	96007	3
096020_08	96020	8
096079_01	96079	1
096079_02	96079	2
096079_16	96079	16
096079_19	96079	19
096084_08	96084	8
096110_05	96110	5
096114_06	96114	6
096114_16	96114	16
096121_05	96121	5
096121_08	96121	8
096150_07	96150	7
096281_02	96281	2
096281_03	96281	3
096281_05	96281	5
096283_04	96283	4
096283_05	96283	5
096373_08	96373	8
096411_07	96411	7
096417_01	96417	1
096417_16	96417	16
096430_05	96430	5
096430_08	96430	8
096430_09	96430	9
096432_06	96432	6
096432_08	96432	8
096448_05	96448	5
096448_11	96448	11
096471_06	96471	6
096471_08	96471	8
096471_13	96471	13
096488_07	96488	7
096518_08	96518	8
096518_16	96518	16
096520_08	96520	8
096520_13	96520	13
096530_05	96530	5
096530_14	96530	14
096563_07	96563	7
096567_08	96567	8
096567_14	96567	14
096588_05	96588	5
096588_12	96588	12
096606_07	96606	7
096608_03	96608	3
096608_05	96608	5
096608_15	96608	15
096610_01	96610	1
096610_06	96610	6
096610_15	96610	15
096616_05	96616	5
096655_05	96655	5
096655_08	96655	8
096655_15	96655	15
096691_01	96691	1
096691_11	96691	11
096691_15	96691	15
096691_19	96691	19
096726_05	96726	5
096726_14	96726	14
096728_08	96728	8
096737_01	96737	1
096737_15	96737	15
096811_06	96811	6
096811_08	96811	8
096811_16	96811	16
096815_11	96815	11
096815_16	96815	16
096821_08	96821	8
096821_14	96821	14
096829_08	96829	8
096832_08	96832	8
096832_09	96832	9
096832_12	96832	12
096832_13	96832	13
096832_15	96832	15
096861_01	96861	1
096861_06	96861	6
096861_08	96861	8
096861_16	96861	16
096917_11	96917	11
096917_16	96917	16
096935_05	96935	5
096935_09	96935	9
096935_14	96935	14
096945_05	96945	5
096945_08	96945	8
096945_14	96945	14
096964_06	96964	6
096964_08	96964	8
096964_13	96964	13
096975_05	96975	5
096975_08	96975	8
096975_14	96975	14
097024_08	97024	8
097024_14	97024	14
097168_07	97168	7
097172_03	97172	3
097172_05	97172	5
097172_11	97172	11
097172_19	97172	19
097188_11	97188	11
097188_16	97188	16
097194_07	97194	7
097225_03	97225	3
097225_04	97225	4
097225_05	97225	5
097230_07	97230	7
097285_01	97285	1
097285_06	97285	6
097285_13	97285	13
097304_08	97304	8
097304_16	97304	16
097306_05	97306	5
097306_06	97306	6
097328_05	97328	5
097328_08	97328	8
097470_01	97470	1
097470_08	97470	8
097470_16	97470	16
097643_11	97643	11
097643_16	97643	16
097665_02	97665	2
097665_05	97665	5
097701_11	97701	11
097701_19	97701	19
097742_01	97742	1
097742_06	97742	6
097742_13	97742	13
097742_16	97742	16
097752_08	97752	8
097752_15	97752	15
097752_19	97752	19
097757_01	97757	1
097757_02	97757	2
097757_05	97757	5
097757_07	97757	7
097757_09	97757	9
097785_11	97785	11
097785_13	97785	13
097785_16	97785	16
097836_01	97836	1
097836_05	97836	5
097858_05	97858	5
097858_08	97858	8
097860_06	97860	6
097860_08	97860	8
097860_16	97860	16
097866_07	97866	7
097870_08	97870	8
097904_05	97904	5
097904_08	97904	8
097913_03	97913	3
097913_05	97913	5
097921_05	97921	5
097921_08	97921	8
097923_08	97923	8
097936_08	97936	8
097938_02	97938	2
097938_08	97938	8
097938_19	97938	19
097950_01	97950	1
097950_02	97950	2
097950_06	97950	6
097988_11	97988	11
097988_15	97988	15
097988_16	97988	16
098061_04	98061	4
098061_06	98061	6
098061_08	98061	8
098083_05	98083	5
098083_07	98083	7
098122_07	98122	7
098124_01	98124	1
098124_03	98124	3
098124_15	98124	15
098154_08	98154	8
098154_17	98154	17
098160_05	98160	5
098175_05	98175	5
098175_11	98175	11
098175_14	98175	14
098203_02	98203	2
098203_08	98203	8
098203_09	98203	9
098203_14	98203	14
098203_19	98203	19
098230_05	98230	5
098230_08	98230	8
098230_14	98230	14
098239_01	98239	1
098239_17	98239	17
098243_02	98243	2
098243_03	98243	3
098243_04	98243	4
098243_09	98243	9
098243_19	98243	19
098279_05	98279	5
098296_06	98296	6
098296_08	98296	8
098296_16	98296	16
098361_08	98361	8
098361_09	98361	9
098361_16	98361	16
098491_03	98491	3
098491_05	98491	5
098491_14	98491	14
098499_01	98499	1
098499_05	98499	5
098503_01	98503	1
098503_05	98503	5
098585_08	98585	8
098604_03	98604	3
098604_08	98604	8
098604_14	98604	14
098607_01	98607	1
098607_03	98607	3
098607_15	98607	15
098623_01	98623	1
098623_05	98623	5
098623_06	98623	6
098633_01	98633	1
098633_05	98633	5
098697_02	98697	2
098697_05	98697	5
098799_03	98799	3
098799_05	98799	5
098809_02	98809	2
098809_09	98809	9
098809_19	98809	19
098836_05	98836	5
098836_08	98836	8
098908_05	98908	5
098908_14	98908	14
098961_01	98961	1
098961_08	98961	8
098961_16	98961	16
099005_01	99005	1
099005_06	99005	6
099005_08	99005	8
099007_05	99007	5
099007_11	99007	11
099007_14	99007	14
099030_05	99030	5
099030_08	99030	8
099087_05	99087	5
099087_14	99087	14
099106_05	99106	5
099112_01	99112	1
099112_06	99112	6
099112_16	99112	16
099114_01	99114	1
099114_08	99114	8
099114_18	99114	18
099117_08	99117	8
099122_05	99122	5
099122_11	99122	11
099130_05	99130	5
099130_11	99130	11
099145_08	99145	8
099145_16	99145	16
099149_08	99149	8
099149_12	99149	12
099149_14	99149	14
099149_19	99149	19
099191_11	99191	11
099415_05	99415	5
099437_05	99437	5
099437_09	99437	9
099437_11	99437	11
099532_08	99532	8
099532_14	99532	14
099574_08	99574	8
099636_05	99636	5
099636_08	99636	8
099638_05	99638	5
099721_11	99721	11
099721_13	99721	13
099721_16	99721	16
099728_01	99728	1
099728_06	99728	6
099728_08	99728	8
099750_06	99750	6
099750_08	99750	8
099750_16	99750	16
099764_03	99764	3
099764_05	99764	5
099764_08	99764	8
099764_09	99764	9
099764_15	99764	15
099813_01	99813	1
099813_03	99813	3
099846_07	99846	7
099853_05	99853	5
099853_14	99853	14
099853_15	99853	15
099910_01	99910	1
099910_06	99910	6
099910_16	99910	16
099917_14	99917	14
099917_15	99917	15
099917_16	99917	16
099992_06	99992	6
099992_08	99992	8
099992_16	99992	16
100044_07	100044	7
100068_05	100068	5
100083_05	100083	5
100106_07	100106	7
100159_05	100159	5
100163_01	100163	1
100163_09	100163	9
100163_11	100163	11
100163_19	100163	19
100194_05	100194	5
100226_05	100226	5
100226_08	100226	8
100277_08	100277	8
100277_14	100277	14
100302_08	100302	8
100302_14	100302	14
100302_15	100302	15
100304_01	100304	1
100304_16	100304	16
100306_08	100306	8
100306_11	100306	11
100326_05	100326	5
100326_06	100326	6
100383_06	100383	6
100383_08	100383	8
100383_13	100383	13
100383_16	100383	16
100390_05	100390	5
100390_06	100390	6
100397_11	100397	11
100487_08	100487	8
100487_09	100487	9
100487_14	100487	14
100498_01	100498	1
100498_06	100498	6
100498_16	100498	16
100498_19	100498	19
100507_05	100507	5
100527_08	100527	8
100527_13	100527	13
100527_14	100527	14
100553_07	100553	7
100556_07	100556	7
100579_01	100579	1
100579_15	100579	15
100579_16	100579	16
100611_02	100611	2
100611_03	100611	3
100611_05	100611	5
100611_15	100611	15
100714_08	100714	8
100714_14	100714	14
100737_01	100737	1
100737_08	100737	8
100737_16	100737	16
100810_11	100810	11
100810_15	100810	15
100810_16	100810	16
100843_05	100843	5
100843_08	100843	8
100882_02	100882	2
100882_05	100882	5
100882_09	100882	9
100882_14	100882	14
100882_19	100882	19
100906_01	100906	1
100906_11	100906	11
100906_16	100906	16
101025_02	101025	2
101025_09	101025	9
101025_19	101025	19
101070_08	101070	8
101072_05	101072	5
101074_03	101074	3
101074_05	101074	5
101074_11	101074	11
101074_12	101074	12
101076_01	101076	1
101076_02	101076	2
101076_15	101076	15
101076_16	101076	16
101076_19	101076	19
101088_08	101088	8
101088_13	101088	13
101088_16	101088	16
101112_01	101112	1
101112_02	101112	2
101112_09	101112	9
101112_19	101112	19
101142_02	101142	2
101142_03	101142	3
101142_05	101142	5
101283_05	101283	5
101360_08	101360	8
101360_16	101360	16
101362_01	101362	1
101362_16	101362	16
101415_05	101415	5
101415_08	101415	8
101415_14	101415	14
101423_01	101423	1
101423_03	101423	3
101423_05	101423	5
101525_06	101525	6
101525_08	101525	8
101529_05	101529	5
101529_09	101529	9
101529_16	101529	16
101531_08	101531	8
101577_01	101577	1
101577_02	101577	2
101577_14	101577	14
101612_05	101612	5
101612_14	101612	14
101739_11	101739	11
101741_06	101741	6
101741_16	101741	16
101765_02	101765	2
101765_05	101765	5
101765_14	101765	14
101864_01	101864	1
101864_02	101864	2
101864_15	101864	15
101864_19	101864	19
101884_02	101884	2
101884_08	101884	8
101884_16	101884	16
101895_08	101895	8
101962_03	101962	3
101962_09	101962	9
101973_08	101973	8
101973_16	101973	16
102007_03	102007	3
102025_04	102025	4
102025_11	102025	11
102025_15	102025	15
102033_01	102033	1
102033_05	102033	5
102033_06	102033	6
102058_03	102058	3
102066_11	102066	11
102066_16	102066	16
102070_05	102070	5
102070_11	102070	11
102070_15	102070	15
102084_01	102084	1
102084_03	102084	3
102084_09	102084	9
102088_01	102088	1
102088_08	102088	8
102088_19	102088	19
102123_01	102123	1
102123_05	102123	5
102125_01	102125	1
102125_15	102125	15
102125_16	102125	16
102125_19	102125	19
102165_05	102165	5
102165_08	102165	8
102194_02	102194	2
102194_06	102194	6
102194_08	102194	8
102217_05	102217	5
102278_06	102278	6
102278_16	102278	16
102338_01	102338	1
102338_02	102338	2
102338_08	102338	8
102378_05	102378	5
102378_08	102378	8
102407_08	102407	8
102445_01	102445	1
102445_02	102445	2
102445_15	102445	15
102445_19	102445	19
102481_05	102481	5
102590_07	102590	7
102590_09	102590	9
102602_05	102602	5
102666_02	102666	2
102666_05	102666	5
102684_08	102684	8
102684_16	102684	16
102686_05	102686	5
102716_01	102716	1
102716_06	102716	6
102716_16	102716	16
102716_19	102716	19
102720_02	102720	2
102720_03	102720	3
102720_09	102720	9
102735_01	102735	1
102735_08	102735	8
102742_07	102742	7
102747_05	102747	5
102749_01	102749	1
102749_06	102749	6
102760_05	102760	5
102760_06	102760	6
102760_08	102760	8
102800_05	102800	5
102800_08	102800	8
102802_11	102802	11
102802_16	102802	16
102819_08	102819	8
102823_07	102823	7
102852_07	102852	7
102880_01	102880	1
102880_02	102880	2
102880_15	102880	15
102880_19	102880	19
102903_06	102903	6
102903_13	102903	13
102903_16	102903	16
102984_11	102984	11
102984_16	102984	16
102993_05	102993	5
102993_08	102993	8
103027_05	103027	5
103027_08	103027	8
103027_14	103027	14
103042_01	103042	1
103042_02	103042	2
103042_09	103042	9
103042_15	103042	15
103042_19	103042	19
103048_05	103048	5
103075_06	103075	6
103075_11	103075	11
103075_16	103075	16
103085_05	103085	5
103085_09	103085	9
103107_07	103107	7
103137_06	103137	6
103137_08	103137	8
103141_02	103141	2
103141_03	103141	3
103141_05	103141	5
103171_05	103171	5
103210_01	103210	1
103210_02	103210	2
103210_03	103210	3
103219_11	103219	11
103219_16	103219	16
103221_05	103221	5
103221_14	103221	14
103228_01	103228	1
103228_02	103228	2
103228_15	103228	15
103228_19	103228	19
103233_01	103233	1
103233_02	103233	2
103233_03	103233	3
103235_16	103235	16
103245_05	103245	5
103245_08	103245	8
103245_14	103245	14
103249_01	103249	1
103249_08	103249	8
103249_11	103249	11
103249_19	103249	19
103253_01	103253	1
103253_08	103253	8
103253_15	103253	15
103253_19	103253	19
103335_03	103335	3
103335_04	103335	4
103335_05	103335	5
103335_19	103335	19
103339_01	103339	1
103339_08	103339	8
103339_16	103339	16
103339_19	103339	19
103341_01	103341	1
103341_05	103341	5
103341_15	103341	15
103366_01	103366	1
103366_06	103366	6
103366_16	103366	16
103372_01	103372	1
103372_05	103372	5
103372_06	103372	6
103384_01	103384	1
103384_02	103384	2
103384_18	103384	18
103384_19	103384	19
103449_06	103449	6
103449_08	103449	8
103449_13	103449	13
103449_16	103449	16
103483_11	103483	11
103483_16	103483	16
103502_05	103502	5
103502_14	103502	14
103539_05	103539	5
103539_08	103539	8
103539_14	103539	14
103543_05	103543	5
103543_08	103543	8
103596_15	103596	15
103602_05	103602	5
103602_07	103602	7
103606_05	103606	5
103606_08	103606	8
103606_14	103606	14
103609_05	103609	5
103624_08	103624	8
103655_01	103655	1
103655_05	103655	5
103655_09	103655	9
103685_08	103685	8
103685_09	103685	9
103685_16	103685	16
103685_17	103685	17
103688_11	103688	11
103688_16	103688	16
103755_02	103755	2
103755_03	103755	3
103755_04	103755	4
103755_05	103755	5
103755_09	103755	9
103772_01	103772	1
103772_02	103772	2
103772_09	103772	9
103772_15	103772	15
103801_05	103801	5
103801_08	103801	8
103801_14	103801	14
103810_01	103810	1
103810_05	103810	5
103810_06	103810	6
103810_16	103810	16
103819_05	103819	5
103865_05	103865	5
103865_08	103865	8
103883_01	103883	1
103883_05	103883	5
103883_06	103883	6
103980_08	103980	8
103984_05	103984	5
103984_08	103984	8
104017_01	104017	1
104017_02	104017	2
104017_15	104017	15
104069_05	104069	5
104074_02	104074	2
104074_04	104074	4
104074_09	104074	9
104076_03	104076	3
104076_04	104076	4
104076_05	104076	5
104078_05	104078	5
104129_01	104129	1
104129_19	104129	19
104141_01	104141	1
104141_03	104141	3
104141_04	104141	4
104141_06	104141	6
104211_05	104211	5
104211_06	104211	6
104218_05	104218	5
104241_01	104241	1
104241_05	104241	5
104241_06	104241	6
104243_01	104243	1
104243_15	104243	15
104243_16	104243	16
104243_19	104243	19
104245_02	104245	2
104245_03	104245	3
104245_05	104245	5
104272_07	104272	7
104283_03	104283	3
104283_08	104283	8
104283_14	104283	14
104303_08	104303	8
104337_08	104337	8
104339_05	104339	5
104374_08	104374	8
104374_09	104374	9
104374_14	104374	14
104419_01	104419	1
104419_03	104419	3
104419_15	104419	15
104457_11	104457	11
104457_16	104457	16
104644_05	104644	5
104760_01	104760	1
104760_06	104760	6
104780_02	104780	2
104780_03	104780	3
104780_15	104780	15
104837_01	104837	1
104837_06	104837	6
104841_01	104841	1
104841_15	104841	15
104841_19	104841	19
104863_05	104863	5
104863_08	104863	8
104863_14	104863	14
104875_02	104875	2
104875_05	104875	5
104875_12	104875	12
104875_15	104875	15
104879_08	104879	8
104879_13	104879	13
104879_16	104879	16
104906_05	104906	5
104906_14	104906	14
104908_11	104908	11
104908_16	104908	16
104913_01	104913	1
104913_08	104913	8
104925_01	104925	1
104925_05	104925	5
104925_06	104925	6
104944_08	104944	8
105020_01	105020	1
105020_05	105020	5
105020_16	105020	16
105037_05	105037	5
105121_01	105121	1
105121_08	105121	8
105121_17	105121	17
105197_02	105197	2
105197_08	105197	8
105211_05	105211	5
105211_08	105211	8
105211_14	105211	14
105213_05	105213	5
105213_08	105213	8
105213_14	105213	14
105246_08	105246	8
105246_09	105246	9
105250_07	105250	7
105254_02	105254	2
105254_05	105254	5
105325_05	105325	5
105325_11	105325	11
105351_06	105351	6
105351_08	105351	8
105351_16	105351	16
105355_08	105355	8
105355_14	105355	14
105468_03	105468	3
105468_04	105468	4
105468_05	105468	5
105468_09	105468	9
105504_02	105504	2
105504_08	105504	8
105504_16	105504	16
105504_19	105504	19
105540_03	105540	3
105540_04	105540	4
105540_05	105540	5
105540_12	105540	12
105585_01	105585	1
105585_06	105585	6
105585_16	105585	16
105593_05	105593	5
105593_06	105593	6
105593_08	105593	8
105653_01	105653	1
105653_13	105653	13
105653_16	105653	16
105720_05	105720	5
105720_06	105720	6
105720_08	105720	8
105731_08	105731	8
105731_11	105731	11
105746_07	105746	7
105755_06	105755	6
105755_08	105755	8
105755_16	105755	16
105801_08	105801	8
105801_09	105801	9
105801_11	105801	11
105835_05	105835	5
105835_08	105835	8
105835_16	105835	16
105844_08	105844	8
105954_01	105954	1
105954_02	105954	2
105954_08	105954	8
106002_01	106002	1
106002_02	106002	2
106002_15	106002	15
106002_19	106002	19
106062_05	106062	5
106072_01	106072	1
106072_02	106072	2
106072_09	106072	9
106072_19	106072	19
106100_08	106100	8
106144_08	106144	8
106330_05	106330	5
106330_08	106330	8
106330_14	106330	14
106438_05	106438	5
106438_08	106438	8
106441_04	106441	4
106441_08	106441	8
106441_17	106441	17
106487_01	106487	1
106487_02	106487	2
106487_15	106487	15
106487_19	106487	19
106489_02	106489	2
106489_09	106489	9
106489_19	106489	19
106491_01	106491	1
106491_02	106491	2
106491_09	106491	9
106540_05	106540	5
106542_01	106542	1
106542_05	106542	5
106542_14	106542	14
106594_05	106594	5
106594_08	106594	8
106594_14	106594	14
106642_02	106642	2
106642_08	106642	8
106642_15	106642	15
106648_06	106648	6
106648_08	106648	8
106648_11	106648	11
106696_02	106696	2
106696_03	106696	3
106696_05	106696	5
106696_09	106696	9
106696_12	106696	12
106696_14	106696	14
106766_08	106766	8
106782_05	106782	5
106782_06	106782	6
106782_08	106782	8
106785_01	106785	1
106785_06	106785	6
106785_16	106785	16
106839_08	106839	8
106873_01	106873	1
106873_03	106873	3
106873_08	106873	8
106883_05	106883	5
106883_08	106883	8
106889_07	106889	7
106916_06	106916	6
106916_08	106916	8
106918_02	106918	2
106918_05	106918	5
106918_08	106918	8
106920_08	106920	8
106920_14	106920	14
106920_15	106920	15
106927_01	106927	1
106927_05	106927	5
106927_15	106927	15
107013_08	107013	8
107013_09	107013	9
107069_01	107069	1
107069_08	107069	8
107069_16	107069	16
107069_17	107069	17
107141_05	107141	5
107141_08	107141	8
107159_01	107159	1
107159_08	107159	8
107314_01	107314	1
107314_08	107314	8
107314_13	107314	13
107338_05	107338	5
107338_06	107338	6
107348_05	107348	5
107406_01	107406	1
107406_08	107406	8
107406_15	107406	15
107408_05	107408	5
107408_08	107408	8
107408_17	107408	17
107410_02	107410	2
107410_08	107410	8
107410_15	107410	15
107412_05	107412	5
107412_14	107412	14
107436_11	107436	11
107436_13	107436	13
107436_16	107436	16
107447_05	107447	5
107447_06	107447	6
107449_04	107449	4
107449_05	107449	5
107462_01	107462	1
107462_06	107462	6
107462_16	107462	16
107565_05	107565	5
107630_05	107630	5
107702_05	107702	5
107723_01	107723	1
107723_02	107723	2
107723_09	107723	9
107771_08	107771	8
107771_11	107771	11
107771_14	107771	14
107780_12	107780	12
107846_01	107846	1
107846_02	107846	2
107945_16	107945	16
107951_05	107951	5
107951_06	107951	6
107953_01	107953	1
107953_03	107953	3
107953_09	107953	9
107953_19	107953	19
107962_01	107962	1
107962_16	107962	16
107997_08	107997	8
107997_11	107997	11
107997_13	107997	13
107997_16	107997	16
107999_03	107999	3
107999_04	107999	4
108078_05	108078	5
108078_14	108078	14
108090_01	108090	1
108090_02	108090	2
108090_03	108090	3
108090_04	108090	4
108156_01	108156	1
108156_05	108156	5
108188_01	108188	1
108188_08	108188	8
108188_16	108188	16
108188_19	108188	19
108190_02	108190	2
108190_14	108190	14
108190_15	108190	15
108190_19	108190	19
108192_08	108192	8
108540_02	108540	2
108540_03	108540	3
108540_04	108540	4
108540_05	108540	5
108540_08	108540	8
108540_14	108540	14
108601_08	108601	8
108689_01	108689	1
108689_09	108689	9
108689_15	108689	15
108689_19	108689	19
108715_05	108715	5
108715_08	108715	8
108727_08	108727	8
108729_13	108729	13
108729_16	108729	16
108795_01	108795	1
108795_02	108795	2
108795_03	108795	3
108795_09	108795	9
108928_01	108928	1
108928_08	108928	8
108928_17	108928	17
108932_01	108932	1
108932_02	108932	2
108932_03	108932	3
108932_04	108932	4
108932_05	108932	5
108932_09	108932	9
108945_01	108945	1
108945_06	108945	6
108945_15	108945	15
108945_19	108945	19
108949_06	108949	6
108981_08	108981	8
108981_13	108981	13
109042_02	109042	2
109042_05	109042	5
109042_09	109042	9
109161_08	109161	8
109183_05	109183	5
109187_08	109187	8
109187_09	109187	9
109187_15	109187	15
109191_08	109191	8
109191_09	109191	9
109191_13	109191	13
109241_01	109241	1
109241_05	109241	5
109241_06	109241	6
109282_07	109282	7
109295_06	109295	6
109295_08	109295	8
109295_16	109295	16
109313_05	109313	5
109317_05	109317	5
109372_05	109372	5
109372_14	109372	14
109374_05	109374	5
109374_08	109374	8
109383_03	109383	3
109383_05	109383	5
109383_08	109383	8
109383_14	109383	14
109416_05	109416	5
109483_05	109483	5
109483_14	109483	14
109487_15	109487	15
109487_19	109487	19
109569_01	109569	1
109569_06	109569	6
109569_08	109569	8
109576_05	109576	5
109578_01	109578	1
109578_13	109578	13
109578_16	109578	16
109596_03	109596	3
109596_08	109596	8
109633_03	109633	3
109633_14	109633	14
109673_01	109673	1
109673_08	109673	8
109673_17	109673	17
109673_19	109673	19
109687_07	109687	7
109723_06	109723	6
109723_08	109723	8
109723_16	109723	16
109846_02	109846	2
109846_03	109846	3
109846_05	109846	5
109848_11	109848	11
109848_15	109848	15
109848_16	109848	16
109850_01	109850	1
109850_06	109850	6
109850_08	109850	8
109850_19	109850	19
109853_05	109853	5
109853_08	109853	8
109853_14	109853	14
109864_05	109864	5
109864_06	109864	6
109864_08	109864	8
109895_05	109895	5
109897_08	109897	8
109941_03	109941	3
109941_05	109941	5
109968_01	109968	1
109968_08	109968	8
109971_05	109971	5
110102_01	110102	1
110102_02	110102	2
110102_15	110102	15
110102_19	110102	19
110127_02	110127	2
110127_08	110127	8
110127_19	110127	19
110130_02	110130	2
110130_03	110130	3
110130_04	110130	4
110130_05	110130	5
110281_05	110281	5
110281_08	110281	8
110281_14	110281	14
110286_11	110286	11
110286_16	110286	16
110297_02	110297	2
110297_05	110297	5
110297_06	110297	6
110330_08	110330	8
110350_07	110350	7
110387_07	110387	7
110501_01	110501	1
110501_06	110501	6
110501_16	110501	16
110541_01	110541	1
110541_05	110541	5
110553_01	110553	1
110553_15	110553	15
110553_19	110553	19
110586_05	110586	5
110586_08	110586	8
110591_11	110591	11
110603_08	110603	8
110611_08	110611	8
110611_16	110611	16
110655_02	110655	2
110655_03	110655	3
110655_04	110655	4
110655_05	110655	5
110669_05	110669	5
110669_07	110669	7
110718_05	110718	5
110730_08	110730	8
110730_15	110730	15
110730_19	110730	19
110746_05	110746	5
110746_11	110746	11
110771_05	110771	5
110771_14	110771	14
110773_05	110773	5
110773_11	110773	11
110781_01	110781	1
110781_03	110781	3
110781_04	110781	4
110781_05	110781	5
110781_12	110781	12
110826_01	110826	1
110826_06	110826	6
110826_08	110826	8
110882_08	110882	8
111113_05	111113	5
111146_01	111146	1
111146_02	111146	2
111146_03	111146	3
111146_04	111146	4
111146_05	111146	5
111320_05	111320	5
111360_01	111360	1
111360_15	111360	15
111362_01	111362	1
111362_02	111362	2
111362_15	111362	15
111364_01	111364	1
111364_02	111364	2
111364_15	111364	15
111364_19	111364	19
111375_05	111375	5
111384_16	111384	16
111443_05	111443	5
111551_11	111551	11
111551_15	111551	15
111551_16	111551	16
111617_05	111617	5
111622_05	111622	5
111622_14	111622	14
111659_01	111659	1
111659_02	111659	2
111659_04	111659	4
111659_19	111659	19
111663_01	111663	1
111663_05	111663	5
111663_11	111663	11
111680_05	111680	5
111680_14	111680	14
111732_08	111732	8
111732_09	111732	9
111743_05	111743	5
111743_18	111743	18
111759_01	111759	1
111759_15	111759	15
111759_19	111759	19
111781_01	111781	1
111781_02	111781	2
111781_16	111781	16
111785_01	111785	1
111785_02	111785	2
111785_09	111785	9
111795_05	111795	5
111795_08	111795	8
111800_05	111800	5
111817_08	111817	8
111844_01	111844	1
111844_08	111844	8
111913_08	111913	8
111921_08	111921	8
111921_14	111921	14
112006_01	112006	1
112006_03	112006	3
112006_04	112006	4
112070_08	112070	8
112138_01	112138	1
112138_05	112138	5
112138_06	112138	6
112171_01	112171	1
112171_06	112171	6
112171_16	112171	16
112175_01	112175	1
112175_02	112175	2
112175_03	112175	3
112183_05	112183	5
112183_08	112183	8
112290_08	112290	8
112303_05	112303	5
112303_14	112303	14
112316_08	112316	8
112316_12	112316	12
112326_01	112326	1
112326_15	112326	15
112334_07	112334	7
112370_01	112370	1
112370_02	112370	2
112370_15	112370	15
112421_05	112421	5
112421_08	112421	8
112421_13	112421	13
112450_05	112450	5
112450_14	112450	14
112454_08	112454	8
112460_02	112460	2
112460_03	112460	3
112460_05	112460	5
112497_05	112497	5
112512_03	112512	3
112512_08	112512	8
112512_09	112512	9
112512_13	112512	13
112515_08	112515	8
112515_11	112515	11
112515_16	112515	16
112552_08	112552	8
112556_08	112556	8
112556_16	112556	16
112580_05	112580	5
112580_08	112580	8
112623_15	112623	15
112727_06	112727	6
112727_11	112727	11
112727_16	112727	16
112749_05	112749	5
112749_08	112749	8
112749_14	112749	14
112788_05	112788	5
112804_08	112804	8
112804_15	112804	15
112818_01	112818	1
112818_11	112818	11
112818_16	112818	16
112852_01	112852	1
112852_02	112852	2
112852_15	112852	15
112868_15	112868	15
112868_16	112868	16
112897_01	112897	1
112897_02	112897	2
112911_01	112911	1
112911_02	112911	2
112940_16	112940	16
113159_05	113159	5
113159_11	113159	11
113159_14	113159	14
113186_16	113186	16
113207_08	113207	8
113207_12	113207	12
113225_05	113225	5
113225_08	113225	8
113225_14	113225	14
113252_05	113252	5
113252_11	113252	11
113252_16	113252	16
113275_05	113275	5
113275_08	113275	8
113278_01	113278	1
113278_03	113278	3
113278_06	113278	6
113278_16	113278	16
113280_08	113280	8
113313_11	113313	11
113313_16	113313	16
113345_01	113345	1
113345_02	113345	2
113345_15	113345	15
113348_01	113348	1
113348_02	113348	2
113348_05	113348	5
113350_08	113350	8
113350_13	113350	13
113350_15	113350	15
113374_03	113374	3
113374_05	113374	5
113378_08	113378	8
113378_15	113378	15
113394_05	113394	5
113394_08	113394	8
113416_01	113416	1
113416_06	113416	6
113416_08	113416	8
113453_05	113453	5
113453_06	113453	6
113532_05	113532	5
113565_11	113565	11
113565_16	113565	16
113573_01	113573	1
113573_06	113573	6
113573_16	113573	16
113604_08	113604	8
113705_08	113705	8
113741_08	113741	8
113741_13	113741	13
113741_15	113741	15
113741_16	113741	16
113780_11	113780	11
113780_16	113780	16
113829_05	113829	5
113829_08	113829	8
113829_14	113829	14
113849_06	113849	6
113849_08	113849	8
113849_16	113849	16
113862_16	113862	16
114028_05	114028	5
114028_08	114028	8
114044_11	114044	11
114060_06	114060	6
114060_08	114060	8
114060_16	114060	16
114066_07	114066	7
114066_08	114066	8
114066_12	114066	12
114074_08	114074	8
114126_07	114126	7
114180_01	114180	1
114180_13	114180	13
114180_15	114180	15
114184_08	114184	8
114246_01	114246	1
114246_06	114246	6
114246_13	114246	13
114246_16	114246	16
114265_05	114265	5
114265_14	114265	14
114335_-1	114335	-1
114396_08	114396	8
114494_16	114494	16
114554_03	114554	3
114554_08	114554	8
114554_09	114554	9
114601_05	114601	5
114601_08	114601	8
114627_03	114627	3
114627_08	114627	8
114627_09	114627	9
114662_01	114662	1
114662_17	114662	17
114670_05	114670	5
114670_08	114670	8
114670_11	114670	11
114678_02	114678	2
114678_05	114678	5
114678_08	114678	8
114707_11	114707	11
114707_13	114707	13
114713_11	114713	11
114762_05	114762	5
114762_14	114762	14
114795_01	114795	1
114795_08	114795	8
114795_09	114795	9
114818_01	114818	1
114818_05	114818	5
114818_06	114818	6
114847_15	114847	15
114847_16	114847	16
114925_06	114925	6
114925_08	114925	8
114925_16	114925	16
114935_01	114935	1
114935_13	114935	13
114935_15	114935	15
114935_16	114935	16
115065_02	115065	2
115065_03	115065	3
115111_01	115111	1
115111_03	115111	3
115111_05	115111	5
115111_11	115111	11
115122_05	115122	5
115122_11	115122	11
115149_01	115149	1
115149_16	115149	16
115151_01	115151	1
115151_06	115151	6
115170_08	115170	8
115203_07	115203	7
115210_01	115210	1
115210_08	115210	8
115210_17	115210	17
115216_08	115216	8
115216_18	115216	18
115231_05	115231	5
115502_05	115502	5
115502_14	115502	14
115569_06	115569	6
115569_08	115569	8
115569_16	115569	16
115617_01	115617	1
115617_03	115617	3
115617_05	115617	5
115664_02	115664	2
115664_03	115664	3
115664_14	115664	14
115667_05	115667	5
115667_14	115667	14
115680_06	115680	6
115680_08	115680	8
115680_15	115680	15
115680_16	115680	16
115713_08	115713	8
115713_15	115713	15
115713_16	115713	16
115727_01	115727	1
115727_02	115727	2
115819_03	115819	3
115819_05	115819	5
115828_02	115828	2
115828_08	115828	8
115828_14	115828	14
115877_03	115877	3
115877_05	115877	5
115969_08	115969	8
115969_17	115969	17
116044_05	116044	5
116044_14	116044	14
116138_08	116138	8
116169_01	116169	1
116207_06	116207	6
116207_08	116207	8
116207_16	116207	16
116411_08	116411	8
116413_05	116413	5
116413_14	116413	14
116419_01	116419	1
116419_05	116419	5
116419_06	116419	6
116505_01	116505	1
116505_05	116505	5
116529_01	116529	1
116529_08	116529	8
116529_17	116529	17
116529_19	116529	19
116668_01	116668	1
116668_05	116668	5
116668_11	116668	11
116718_05	116718	5
116718_12	116718	12
116724_05	116724	5
116724_08	116724	8
116724_14	116724	14
116738_02	116738	2
116738_05	116738	5
116738_11	116738	11
116797_08	116797	8
116797_16	116797	16
116797_17	116797	17
116799_05	116799	5
116799_06	116799	6
116799_08	116799	8
116799_13	116799	13
116799_14	116799	14
116817_05	116817	5
116817_08	116817	8
116823_02	116823	2
116823_15	116823	15
116823_16	116823	16
116849_05	116849	5
116849_14	116849	14
116887_01	116887	1
116887_02	116887	2
116887_08	116887	8
116897_05	116897	5
116897_08	116897	8
116897_16	116897	16
116941_03	116941	3
116941_04	116941	4
116941_05	116941	5
116941_12	116941	12
116941_15	116941	15
116963_05	116963	5
116977_05	116977	5
116985_05	116985	5
116985_08	116985	8
117107_08	117107	8
117109_05	117109	5
117133_01	117133	1
117133_08	117133	8
117133_16	117133	16
117176_08	117176	8
117176_14	117176	14
117192_02	117192	2
117192_08	117192	8
117364_07	117364	7
117364_17	117364	17
117368_03	117368	3
117368_05	117368	5
117444_03	117444	3
117444_04	117444	4
117444_09	117444	9
117466_01	117466	1
117466_02	117466	2
117466_08	117466	8
117511_05	117511	5
117529_01	117529	1
117529_02	117529	2
117529_08	117529	8
117529_15	117529	15
117529_16	117529	16
117531_07	117531	7
117533_07	117533	7
117545_03	117545	3
117572_05	117572	5
117572_06	117572	6
117572_14	117572	14
117590_05	117590	5
117590_06	117590	6
117630_01	117630	1
117630_05	117630	5
117630_06	117630	6
117630_14	117630	14
117646_01	117646	1
117646_02	117646	2
117646_05	117646	5
117646_08	117646	8
117646_09	117646	9
117646_16	117646	16
117849_05	117849	5
117851_02	117851	2
117851_03	117851	3
117851_04	117851	4
117851_05	117851	5
117867_01	117867	1
117867_08	117867	8
117867_16	117867	16
117867_17	117867	17
117877_02	117877	2
117877_03	117877	3
117881_08	117881	8
117887_04	117887	4
117887_05	117887	5
117895_01	117895	1
117895_16	117895	16
117922_02	117922	2
117922_03	117922	3
117922_04	117922	4
118082_05	118082	5
118082_06	118082	6
118082_16	118082	16
118166_05	118166	5
118166_08	118166	8
118166_14	118166	14
118198_07	118198	7
118198_08	118198	8
118198_16	118198	16
118248_08	118248	8
118248_16	118248	16
118270_05	118270	5
118270_11	118270	11
118270_16	118270	16
118290_15	118290	15
118326_06	118326	6
118326_08	118326	8
118326_16	118326	16
118354_06	118354	6
118354_08	118354	8
118354_13	118354	13
118354_16	118354	16
118512_05	118512	5
118530_05	118530	5
118572_05	118572	5
118572_06	118572	6
118572_08	118572	8
118696_02	118696	2
118696_09	118696	9
118700_08	118700	8
118702_08	118702	8
118702_17	118702	17
118706_02	118706	2
118706_13	118706	13
118706_16	118706	16
118784_07	118784	7
118814_05	118814	5
118814_14	118814	14
118834_05	118834	5
118862_05	118862	5
118862_08	118862	8
118880_11	118880	11
118880_14	118880	14
118880_16	118880	16
118888_05	118888	5
118894_03	118894	3
118894_04	118894	4
118894_13	118894	13
118896_08	118896	8
118900_08	118900	8
118924_05	118924	5
118930_05	118930	5
118985_08	118985	8
118997_04	118997	4
118997_05	118997	5
118997_09	118997	9
118997_12	118997	12
119068_05	119068	5
119068_08	119068	8
119141_01	119141	1
119141_05	119141	5
119145_01	119145	1
119145_02	119145	2
119145_05	119145	5
119145_06	119145	6
119153_05	119153	5
119155_02	119155	2
119155_04	119155	4
119155_05	119155	5
119155_09	119155	9
119167_15	119167	15
119167_16	119167	16
119218_01	119218	1
119218_06	119218	6
119218_08	119218	8
119655_02	119655	2
119655_04	119655	4
119655_09	119655	9
119714_05	119714	5
119828_01	119828	1
119828_08	119828	8
119828_16	119828	16
119828_18	119828	18
119964_05	119964	5
120130_03	120130	3
120130_08	120130	8
120130_09	120130	9
120138_05	120138	5
120138_08	120138	8
120138_09	120138	9
120138_13	120138	13
120138_14	120138	14
120466_01	120466	1
120466_16	120466	16
120478_07	120478	7
120625_08	120625	8
120635_01	120635	1
120635_06	120635	6
120635_16	120635	16
120637_01	120637	1
120637_06	120637	6
120637_08	120637	8
120637_13	120637	13
120637_16	120637	16
120761_08	120761	8
120783_01	120783	1
120783_06	120783	6
120783_08	120783	8
120799_01	120799	1
120799_02	120799	2
120799_15	120799	15
120799_16	120799	16
120807_05	120807	5
120813_05	120813	5
120827_06	120827	6
120827_08	120827	8
120827_11	120827	11
120827_13	120827	13
120919_01	120919	1
120919_05	120919	5
121007_02	121007	2
121007_04	121007	4
121007_09	121007	9
121007_15	121007	15
121035_08	121035	8
121097_02	121097	2
121097_04	121097	4
121097_05	121097	5
121099_03	121099	3
121099_04	121099	4
121129_05	121129	5
121169_08	121169	8
121171_07	121171	7
121231_11	121231	11
121253_11	121253	11
121253_16	121253	16
121338_02	121338	2
121338_05	121338	5
121338_14	121338	14
121342_05	121342	5
121342_14	121342	14
121372_05	121372	5
121374_05	121374	5
121469_05	121469	5
121469_11	121469	11
121469_13	121469	13
121469_16	121469	16
121715_05	121715	5
121781_03	121781	3
121781_04	121781	4
121781_05	121781	5
121781_09	121781	9
122092_05	122092	5
122092_17	122092	17
122246_04	122246	4
122246_05	122246	5
122260_08	122260	8
122260_17	122260	17
122433_11	122433	11
122433_13	122433	13
122433_16	122433	16
122490_01	122490	1
122490_08	122490	8
122490_16	122490	16
122627_15	122627	15
122882_01	122882	1
122882_02	122882	2
122882_15	122882	15
122882_16	122882	16
122884_09	122884	9
122884_11	122884	11
122884_16	122884	16
122886_01	122886	1
122886_02	122886	2
122886_09	122886	9
122886_15	122886	15
122886_19	122886	19
122888_-1	122888	-1
122890_01	122890	1
122890_02	122890	2
122890_09	122890	9
122892_01	122892	1
122892_02	122892	2
122892_15	122892	15
122896_-1	122896	-1
122898_01	122898	1
122898_02	122898	2
122898_15	122898	15
122900_01	122900	1
122900_02	122900	2
122900_15	122900	15
122902_01	122902	1
122902_02	122902	2
122902_09	122902	9
122902_15	122902	15
122904_01	122904	1
122904_02	122904	2
122904_05	122904	5
122904_15	122904	15
122906_01	122906	1
122906_02	122906	2
122906_15	122906	15
122912_01	122912	1
122912_02	122912	2
122912_15	122912	15
122916_01	122916	1
122916_02	122916	2
122916_15	122916	15
122918_01	122918	1
122918_02	122918	2
122918_15	122918	15
122920_01	122920	1
122920_15	122920	15
122920_16	122920	16
122922_01	122922	1
122922_02	122922	2
122922_15	122922	15
122924_01	122924	1
122924_02	122924	2
122924_09	122924	9
122924_15	122924	15
122926_01	122926	1
122926_02	122926	2
122926_09	122926	9
122932_04	122932	4
122932_05	122932	5
122932_14	122932	14
123200_05	123200	5
123310_01	123310	1
123545_08	123545	8
123545_14	123545	14
123553_01	123553	1
123553_02	123553	2
123553_08	123553	8
123553_09	123553	9
123947_08	123947	8
124273_05	124273	5
124404_02	124404	2
124404_03	124404	3
124404_04	124404	4
124404_05	124404	5
124484_05	124484	5
124484_08	124484	8
124851_02	124851	2
124851_14	124851	14
124851_15	124851	15
124853_03	124853	3
124853_07	124853	7
124859_06	124859	6
124859_08	124859	8
124859_16	124859	16
125221_11	125221	11
125221_15	125221	15
125221_18	125221	18
125914_02	125914	2
125914_05	125914	5
125914_13	125914	13
125914_14	125914	14
125916_08	125916	8
125916_14	125916	14
125970_02	125970	2
125970_04	125970	4
125970_05	125970	5
125970_09	125970	9
125974_02	125974	2
125974_04	125974	4
125974_05	125974	5
125974_09	125974	9
126088_03	126088	3
126088_04	126088	4
126088_05	126088	5
126090_03	126090	3
126142_02	126142	2
126142_04	126142	4
126142_09	126142	9
126420_01	126420	1
126426_08	126426	8
126426_15	126426	15
126430_01	126430	1
126430_02	126430	2
126430_08	126430	8
126430_17	126430	17
126482_03	126482	3
126482_04	126482	4
126482_09	126482	9
126482_12	126482	12
126548_05	126548	5
126577_03	126577	3
126577_05	126577	5
126577_09	126577	9
126921_02	126921	2
126921_03	126921	3
126921_04	126921	4
126921_05	126921	5
127052_05	127052	5
127052_06	127052	6
127052_14	127052	14
127096_15	127096	15
127096_16	127096	16
127098_05	127098	5
127108_08	127108	8
127108_14	127108	14
127114_08	127114	8
127116_08	127116	8
127130_05	127130	5
127132_08	127132	8
127132_16	127132	16
127134_02	127134	2
127134_05	127134	5
127134_08	127134	8
127136_08	127136	8
127136_13	127136	13
127136_16	127136	16
127146_07	127146	7
127152_07	127152	7
127164_07	127164	7
127172_07	127172	7
127180_07	127180	7
127184_08	127184	8
127194_05	127194	5
127198_05	127198	5
127198_08	127198	8
127202_08	127202	8
127204_05	127204	5
127212_08	127212	8
127212_16	127212	16
127298_05	127298	5
127298_08	127298	8
127319_16	127319	16
127323_01	127323	1
127323_02	127323	2
127323_15	127323	15
127323_16	127323	16
127390_03	127390	3
127390_05	127390	5
128087_05	128087	5
128087_18	128087	18
128089_05	128089	5
128097_05	128097	5
128099_05	128099	5
128197_05	128197	5
128197_14	128197	14
128360_18	128360	18
128366_05	128366	5
128488_01	128488	1
128488_06	128488	6
128488_08	128488	8
128488_16	128488	16
128512_08	128512	8
128512_13	128512	13
128512_14	128512	14
128520_05	128520	5
128542_01	128542	1
128542_11	128542	11
128542_15	128542	15
128592_13	128592	13
128592_16	128592	16
128594_05	128594	5
128594_08	128594	8
128594_14	128594	14
128620_06	128620	6
128620_08	128620	8
128620_14	128620	14
128695_18	128695	18
128736_08	128736	8
128832_05	128832	5
128832_08	128832	8
128832_12	128832	12
128832_14	128832	14
128838_11	128838	11
128842_01	128842	1
128842_02	128842	2
128842_09	128842	9
128852_05	128852	5
128900_07	128900	7
128902_07	128902	7
128908_02	128908	2
128908_05	128908	5
128908_08	128908	8
128914_05	128914	5
128944_01	128944	1
128944_02	128944	2
128944_04	128944	4
128944_05	128944	5
128944_15	128944	15
128968_03	128968	3
128968_04	128968	4
128968_05	128968	5
128975_05	128975	5
128975_15	128975	15
128991_03	128991	3
128991_05	128991	5
128991_15	128991	15
129011_05	129011	5
129229_01	129229	1
129229_02	129229	2
129250_-1	129250	-1
129313_05	129313	5
129333_11	129333	11
129333_16	129333	16
129354_05	129354	5
129354_06	129354	6
129354_08	129354	8
129354_14	129354	14
129397_01	129397	1
129397_09	129397	9
129397_15	129397	15
129428_05	129428	5
129428_08	129428	8
129514_05	129514	5
129657_01	129657	1
129659_08	129659	8
129737_05	129737	5
129779_01	129779	1
129779_03	129779	3
129779_15	129779	15
129937_01	129937	1
129937_06	129937	6
129937_08	129937	8
129937_16	129937	16
130050_08	130050	8
130050_09	130050	9
130050_11	130050	11
130050_13	130050	13
130050_16	130050	16
130052_08	130052	8
130052_11	130052	11
130073_04	130073	4
130073_08	130073	8
130073_09	130073	9
130073_14	130073	14
130083_01	130083	1
130083_06	130083	6
130083_08	130083	8
130083_16	130083	16
130087_05	130087	5
130087_08	130087	8
130087_09	130087	9
130444_02	130444	2
130444_04	130444	4
130444_09	130444	9
130444_15	130444	15
130450_02	130450	2
130450_04	130450	4
130450_09	130450	9
130452_05	130452	5
130452_08	130452	8
130482_06	130482	6
130482_08	130482	8
130482_10	130482	10
130482_13	130482	13
130482_16	130482	16
130490_01	130490	1
130490_15	130490	15
130490_16	130490	16
130498_05	130498	5
130518_01	130518	1
130518_02	130518	2
130518_03	130518	3
130518_05	130518	5
130518_15	130518	15
130520_02	130520	2
130520_03	130520	3
130520_04	130520	4
130520_05	130520	5
130520_09	130520	9
130520_15	130520	15
130576_08	130576	8
130576_15	130576	15
130578_01	130578	1
130578_16	130578	16
130634_01	130634	1
130634_06	130634	6
130634_16	130634	16
130686_05	130686	5
130686_11	130686	11
130840_11	130840	11
130840_14	130840	14
130840_15	130840	15
130842_01	130842	1
130842_02	130842	2
130842_15	130842	15
130970_05	130970	5
130976_08	130976	8
130978_05	130978	5
130978_14	130978	14
131013_05	131013	5
131013_06	131013	6
131023_07	131023	7
131098_03	131098	3
131098_04	131098	4
131098_05	131098	5
131104_05	131104	5
131104_06	131104	6
131130_03	131130	3
131130_05	131130	5
131237_05	131237	5
131439_16	131439	16
131480_01	131480	1
131480_06	131480	6
131480_16	131480	16
131578_05	131578	5
131610_05	131610	5
131610_09	131610	9
131656_02	131656	2
131656_03	131656	3
131656_04	131656	4
131656_05	131656	5
131714_01	131714	1
131714_02	131714	2
131724_07	131724	7
131739_01	131739	1
131739_02	131739	2
131739_03	131739	3
131749_05	131749	5
131796_08	131796	8
131826_05	131826	5
131920_05	131920	5
131920_08	131920	8
131934_05	131934	5
132046_01	132046	1
132046_02	132046	2
132046_04	132046	4
132046_13	132046	13
132046_15	132046	15
132084_-1	132084	-1
132153_05	132153	5
132153_08	132153	8
132153_11	132153	11
132157_01	132157	1
132157_05	132157	5
132157_06	132157	6
132333_07	132333	7
132333_08	132333	8
132335_08	132335	8
132362_01	132362	1
132362_03	132362	3
132362_15	132362	15
132422_05	132422	5
132422_14	132422	14
132422_16	132422	16
132424_08	132424	8
132424_14	132424	14
132454_05	132454	5
132454_06	132454	6
132454_08	132454	8
132462_01	132462	1
132462_02	132462	2
132462_08	132462	8
132488_05	132488	5
132488_14	132488	14
132496_05	132496	5
132496_08	132496	8
132584_04	132584	4
132584_05	132584	5
132618_01	132618	1
132618_06	132618	6
132618_08	132618	8
132618_13	132618	13
132618_16	132618	16
132660_05	132660	5
132660_14	132660	14
132796_01	132796	1
132796_08	132796	8
132796_16	132796	16
132800_05	132800	5
132800_08	132800	8
132888_05	132888	5
133115_07	133115	7
133195_01	133195	1
133195_06	133195	6
133195_16	133195	16
133217_05	133217	5
133217_06	133217	6
133217_15	133217	15
133281_05	133281	5
133281_08	133281	8
133365_08	133365	8
133365_16	133365	16
133377_11	133377	11
133377_15	133377	15
133377_16	133377	16
133419_05	133419	5
133545_05	133545	5
133545_08	133545	8
133645_08	133645	8
133645_14	133645	14
133712_05	133712	5
133712_14	133712	14
133716_05	133716	5
133716_06	133716	6
133771_05	133771	5
133771_14	133771	14
133771_15	133771	15
133780_05	133780	5
133780_08	133780	8
133782_08	133782	8
133782_11	133782	11
133782_16	133782	16
133798_01	133798	1
133798_05	133798	5
133802_01	133802	1
133802_16	133802	16
133802_18	133802	18
133832_11	133832	11
133832_16	133832	16
133867_01	133867	1
133867_02	133867	2
133867_05	133867	5
133879_05	133879	5
134004_05	134004	5
134004_14	134004	14
134019_03	134019	3
134021_05	134021	5
134021_08	134021	8
134021_14	134021	14
134041_05	134041	5
134041_08	134041	8
134041_14	134041	14
134095_03	134095	3
134095_08	134095	8
134109_05	134109	5
134130_02	134130	2
134130_08	134130	8
134130_15	134130	15
134158_16	134158	16
134170_01	134170	1
134170_05	134170	5
134170_09	134170	9
134170_15	134170	15
134184_05	134184	5
134214_08	134214	8
134246_01	134246	1
134246_16	134246	16
134248_07	134248	7
134252_05	134252	5
134252_08	134252	8
134252_09	134252	9
134326_05	134326	5
134334_05	134334	5
134368_01	134368	1
134368_05	134368	5
134368_06	134368	6
134393_05	134393	5
134393_14	134393	14
134515_02	134515	2
134515_06	134515	6
134515_08	134515	8
134524_07	134524	7
134528_05	134528	5
134528_08	134528	8
134528_14	134528	14
134775_01	134775	1
134775_02	134775	2
134775_08	134775	8
134783_05	134783	5
134796_07	134796	7
134808_05	134808	5
134847_05	134847	5
134849_03	134849	3
134849_04	134849	4
134849_05	134849	5
134853_02	134853	2
134853_03	134853	3
134853_04	134853	4
134853_05	134853	5
134853_08	134853	8
134853_09	134853	9
134859_07	134859	7
134861_-1	134861	-1
134881_08	134881	8
135133_02	135133	2
135133_15	135133	15
135137_01	135137	1
135137_05	135137	5
135137_15	135137	15
135143_09	135143	9
135198_05	135198	5
135198_08	135198	8
135216_02	135216	2
135216_04	135216	4
135216_05	135216	5
135216_15	135216	15
135288_08	135288	8
135288_13	135288	13
135436_03	135436	3
135436_05	135436	5
135456_01	135456	1
135456_03	135456	3
135456_06	135456	6
135456_15	135456	15
135518_01	135518	1
135518_13	135518	13
135518_15	135518	15
135518_16	135518	16
135532_01	135532	1
135532_02	135532	2
135532_09	135532	9
135534_05	135534	5
135534_09	135534	9
135534_11	135534	11
135536_01	135536	1
135536_06	135536	6
135536_15	135536	15
135567_01	135567	1
135567_02	135567	2
135567_15	135567	15
135569_01	135569	1
135569_02	135569	2
135569_15	135569	15
135777_04	135777	4
135777_05	135777	5
135787_07	135787	7
135803_01	135803	1
135815_01	135815	1
135815_08	135815	8
135861_05	135861	5
135885_05	135885	5
135885_15	135885	15
135887_02	135887	2
135887_03	135887	3
135887_04	135887	4
135887_05	135887	5
135937_05	135937	5
135937_16	135937	16
136012_01	136012	1
136012_16	136012	16
136016_02	136016	2
136016_03	136016	3
136016_04	136016	4
136016_05	136016	5
136016_09	136016	9
136018_06	136018	6
136018_08	136018	8
136020_01	136020	1
136020_02	136020	2
136020_06	136020	6
136024_01	136024	1
136024_03	136024	3
136024_06	136024	6
136297_01	136297	1
136297_03	136297	3
136305_11	136305	11
136305_15	136305	15
136341_03	136341	3
136341_04	136341	4
136341_05	136341	5
136353_03	136353	3
136353_04	136353	4
136353_05	136353	5
136355_03	136355	3
136355_04	136355	4
136355_05	136355	5
136359_03	136359	3
136359_04	136359	4
136359_05	136359	5
136443_05	136443	5
136445_05	136445	5
136447_05	136447	5
136449_01	136449	1
136449_03	136449	3
136449_15	136449	15
136469_05	136469	5
136471_05	136471	5
136471_07	136471	7
136503_03	136503	3
136503_04	136503	4
136503_05	136503	5
136511_05	136511	5
136540_05	136540	5
136556_03	136556	3
136556_04	136556	4
136562_08	136562	8
136564_08	136564	8
136598_02	136598	2
136598_05	136598	5
136602_11	136602	11
136602_16	136602	16
136654_08	136654	8
136664_06	136664	6
136664_08	136664	8
136666_05	136666	5
136778_05	136778	5
136778_08	136778	8
136786_16	136786	16
136800_01	136800	1
136800_02	136800	2
136800_15	136800	15
136816_01	136816	1
136816_05	136816	5
136834_11	136834	11
136838_05	136838	5
136838_14	136838	14
136840_05	136840	5
136840_08	136840	8
136840_14	136840	14
136850_06	136850	6
136850_08	136850	8
136850_16	136850	16
136859_01	136859	1
136859_02	136859	2
136859_14	136859	14
136859_15	136859	15
136864_01	136864	1
136864_02	136864	2
136864_09	136864	9
136864_15	136864	15
136912_02	136912	2
136958_11	136958	11
137218_08	137218	8
137337_07	137337	7
137345_06	137345	6
137345_16	137345	16
137517_08	137517	8
137517_09	137517	9
137595_05	137595	5
137595_08	137595	8
137857_02	137857	2
137857_08	137857	8
137857_09	137857	9
137859_01	137859	1
137859_02	137859	2
137859_03	137859	3
137863_01	137863	1
137863_02	137863	2
137863_03	137863	3
137863_09	137863	9
138036_01	138036	1
138036_02	138036	2
138036_05	138036	5
138186_06	138186	6
138186_08	138186	8
138186_11	138186	11
138204_05	138204	5
138208_02	138208	2
138208_08	138208	8
138208_16	138208	16
138210_08	138210	8
138396_05	138396	5
138396_08	138396	8
138546_05	138546	5
138610_11	138610	11
138610_16	138610	16
138632_01	138632	1
138632_06	138632	6
138632_08	138632	8
138632_15	138632	15
138702_03	138702	3
138702_04	138702	4
138702_05	138702	5
138702_08	138702	8
138702_14	138702	14
138798_05	138798	5
138835_02	138835	2
138835_03	138835	3
138835_05	138835	5
138966_03	138966	3
139052_08	139052	8
139052_13	139052	13
139052_16	139052	16
139130_01	139130	1
139130_02	139130	2
139130_03	139130	3
139130_08	139130	8
139130_09	139130	9
139157_05	139157	5
139157_11	139157	11
139157_16	139157	16
139385_02	139385	2
139385_08	139385	8
139415_06	139415	6
139415_08	139415	8
139511_11	139511	11
139640_03	139640	3
139642_01	139642	1
139642_08	139642	8
139644_06	139644	6
139644_08	139644	8
139644_13	139644	13
139655_08	139655	8
139655_09	139655	9
139655_11	139655	11
139655_16	139655	16
139717_06	139717	6
139717_16	139717	16
139747_14	139747	14
139855_03	139855	3
139855_05	139855	5
139855_09	139855	9
139857_16	139857	16
139859_01	139859	1
139859_03	139859	3
139859_15	139859	15
139859_16	139859	16
139915_05	139915	5
139915_14	139915	14
139994_05	139994	5
139994_11	139994	11
140016_11	140016	11
140038_05	140038	5
140110_05	140110	5
140133_05	140133	5
140133_11	140133	11
140162_08	140162	8
140162_14	140162	14
140174_08	140174	8
140237_08	140237	8
140247_08	140247	8
140247_11	140247	11
140265_05	140265	5
140267_11	140267	11
140289_05	140289	5
140289_08	140289	8
140301_05	140301	5
140301_14	140301	14
140359_02	140359	2
140359_04	140359	4
140359_15	140359	15
140481_03	140481	3
140481_05	140481	5
140481_15	140481	15
140523_05	140523	5
140523_11	140523	11
140525_06	140525	6
140525_08	140525	8
140525_13	140525	13
140541_03	140541	3
140541_05	140541	5
140541_15	140541	15
140561_05	140561	5
140561_07	140561	7
140627_08	140627	8
140627_14	140627	14
140627_17	140627	17
140711_01	140711	1
140711_05	140711	5
140711_15	140711	15
140711_16	140711	16
140715_08	140715	8
140725_06	140725	6
140725_16	140725	16
140737_01	140737	1
140737_09	140737	9
140737_13	140737	13
140816_05	140816	5
140816_08	140816	8
140850_06	140850	6
140850_08	140850	8
140850_13	140850	13
140850_16	140850	16
140852_11	140852	11
140852_15	140852	15
140928_05	140928	5
140928_08	140928	8
140956_01	140956	1
140956_15	140956	15
140956_16	140956	16
141004_08	141004	8
141004_11	141004	11
141004_15	141004	15
141131_-1	141131	-1
141400_01	141400	1
141408_01	141408	1
141408_05	141408	5
141408_11	141408	11
141422_08	141422	8
141513_05	141513	5
141544_01	141544	1
141544_02	141544	2
141544_15	141544	15
141646_05	141646	5
141646_08	141646	8
141668_08	141668	8
141688_06	141688	6
141688_16	141688	16
141718_05	141718	5
141718_11	141718	11
141749_08	141749	8
141799_05	141799	5
141799_11	141799	11
141810_05	141810	5
141810_08	141810	8
141816_02	141816	2
141816_05	141816	5
141818_05	141818	5
141818_08	141818	8
141818_09	141818	9
141818_14	141818	14
141820_05	141820	5
141830_02	141830	2
141830_05	141830	5
141836_05	141836	5
141844_02	141844	2
141844_05	141844	5
141846_07	141846	7
141866_-1	141866	-1
141890_08	141890	8
141890_17	141890	17
141928_05	141928	5
141928_11	141928	11
141994_04	141994	4
141994_05	141994	5
142020_05	142020	5
142056_01	142056	1
142056_02	142056	2
142056_03	142056	3
142074_06	142074	6
142074_11	142074	11
142074_16	142074	16
142115_07	142115	7
142196_05	142196	5
142196_11	142196	11
142222_08	142222	8
142366_11	142366	11
142366_16	142366	16
142372_05	142372	5
142372_08	142372	8
142420_01	142420	1
142420_08	142420	8
142420_15	142420	15
142422_05	142422	5
142424_08	142424	8
142424_15	142424	15
142444_05	142444	5
142444_11	142444	11
142444_13	142444	13
142448_02	142448	2
142448_08	142448	8
142448_16	142448	16
142456_-1	142456	-1
142488_16	142488	16
142507_08	142507	8
142509_01	142509	1
142509_02	142509	2
142509_15	142509	15
142536_08	142536	8
142550_01	142550	1
142550_05	142550	5
142558_05	142558	5
142598_11	142598	11
142602_05	142602	5
142831_05	142831	5
142961_05	142961	5
142961_06	142961	6
142961_16	142961	16
142997_03	142997	3
142997_05	142997	5
143001_06	143001	6
143031_05	143031	5
143031_08	143031	8
143031_14	143031	14
143245_03	143245	3
143245_09	143245	9
143255_13	143255	13
143255_15	143255	15
143255_16	143255	16
143257_05	143257	5
143257_08	143257	8
143355_01	143355	1
143355_02	143355	2
143355_09	143355	9
143365_08	143365	8
143365_15	143365	15
143365_16	143365	16
143367_08	143367	8
143367_16	143367	16
143385_08	143385	8
143385_16	143385	16
143410_-1	143410	-1
143458_08	143458	8
143458_13	143458	13
143458_16	143458	16
143472_01	143472	1
143472_11	143472	11
143472_16	143472	16
143511_07	143511	7
143525_05	143525	5
143525_08	143525	8
143559_05	143559	5
143559_06	143559	6
143559_09	143559	9
143859_05	143859	5
143896_07	143896	7
143969_05	143969	5
144210_07	144210	7
144222_05	144222	5
144262_05	144262	5
144262_14	144262	14
144352_01	144352	1
144352_06	144352	6
144352_08	144352	8
144478_05	144478	5
144478_08	144478	8
144522_01	144522	1
144522_11	144522	11
144522_16	144522	16
144606_05	144606	5
144606_06	144606	6
144606_08	144606	8
144606_14	144606	14
144606_16	144606	16
144620_02	144620	2
144620_05	144620	5
144620_11	144620	11
144714_08	144714	8
144714_16	144714	16
144716_05	144716	5
144734_05	144734	5
144734_11	144734	11
144734_15	144734	15
144976_11	144976	11
144976_18	144976	18
145080_03	145080	3
145080_11	145080	11
145080_13	145080	13
145150_05	145150	5
145150_08	145150	8
145150_16	145150	16
145283_07	145283	7
145418_08	145418	8
145491_04	145491	4
145491_05	145491	5
145491_08	145491	8
145724_15	145724	15
145745_06	145745	6
145745_08	145745	8
145839_08	145839	8
145935_02	145935	2
145935_03	145935	3
145935_04	145935	4
145935_05	145935	5
145951_01	145951	1
145951_16	145951	16
145994_05	145994	5
146024_05	146024	5
146024_14	146024	14
146024_18	146024	18
146028_06	146028	6
146028_13	146028	13
146210_05	146210	5
146244_05	146244	5
146244_08	146244	8
146244_14	146244	14
146309_01	146309	1
146309_02	146309	2
146309_03	146309	3
146656_08	146656	8
146662_02	146662	2
146662_03	146662	3
146662_05	146662	5
146682_07	146682	7
146684_03	146684	3
146684_04	146684	4
146684_05	146684	5
146688_09	146688	9
146688_13	146688	13
146688_16	146688	16
146730_01	146730	1
146730_08	146730	8
146730_16	146730	16
146986_05	146986	5
147002_08	147002	8
147002_14	147002	14
147142_04	147142	4
147142_05	147142	5
147196_05	147196	5
147196_14	147196	14
147250_-1	147250	-1
147282_05	147282	5
147286_06	147286	6
147286_13	147286	13
147300_06	147300	6
147300_13	147300	13
147326_06	147326	6
147326_13	147326	13
147328_06	147328	6
147330_06	147330	6
147372_02	147372	2
147372_08	147372	8
147372_09	147372	9
147372_15	147372	15
147374_02	147374	2
147374_08	147374	8
147376_15	147376	15
147378_02	147378	2
147378_04	147378	4
147378_08	147378	8
147378_15	147378	15
147380_02	147380	2
147380_04	147380	4
147380_08	147380	8
147380_15	147380	15
147382_01	147382	1
147382_15	147382	15
147384_15	147384	15
147410_05	147410	5
147410_08	147410	8
147657_01	147657	1
147662_01	147662	1
147662_02	147662	2
147936_05	147936	5
147936_08	147936	8
148166_07	148166	7
148172_02	148172	2
148172_15	148172	15
148172_16	148172	16
148238_05	148238	5
148424_05	148424	5
148424_08	148424	8
148482_08	148482	8
148592_05	148592	5
148626_08	148626	8
148632_05	148632	5
148652_05	148652	5
148652_18	148652	18
148667_05	148667	5
148671_06	148671	6
148671_11	148671	11
148675_04	148675	4
148675_09	148675	9
148709_16	148709	16
148775_02	148775	2
148775_04	148775	4
148775_05	148775	5
148775_08	148775	8
148775_09	148775	9
148775_15	148775	15
148881_03	148881	3
148881_05	148881	5
148888_05	148888	5
148956_05	148956	5
148956_14	148956	14
148978_03	148978	3
148978_09	148978	9
148978_11	148978	11
148978_13	148978	13
148982_11	148982	11
149011_05	149011	5
149011_08	149011	8
149011_11	149011	11
149144_11	149144	11
149144_15	149144	15
149146_11	149146	11
149146_15	149146	15
149330_-1	149330	-1
149334_08	149334	8
149334_16	149334	16
149350_05	149350	5
149350_11	149350	11
149352_05	149352	5
149354_04	149354	4
149354_05	149354	5
149380_14	149380	14
149406_01	149406	1
149406_02	149406	2
149406_03	149406	3
149508_05	149508	5
149508_14	149508	14
149566_05	149566	5
149566_14	149566	14
149590_16	149590	16
149612_01	149612	1
149612_08	149612	8
149612_16	149612	16
149830_05	149830	5
149830_11	149830	11
149830_14	149830	14
149830_16	149830	16
149902_01	149902	1
149902_15	149902	15
149902_16	149902	16
150254_11	150254	11
150401_01	150401	1
150401_06	150401	6
150548_01	150548	1
150548_06	150548	6
150548_08	150548	8
150548_13	150548	13
150548_16	150548	16
150554_02	150554	2
150554_04	150554	4
150554_05	150554	5
150554_09	150554	9
150596_05	150596	5
150596_08	150596	8
150596_15	150596	15
150604_05	150604	5
150696_07	150696	7
150993_01	150993	1
150993_05	150993	5
151311_05	151311	5
151315_01	151315	1
151315_05	151315	5
151317_05	151317	5
151455_05	151455	5
151479_01	151479	1
151479_09	151479	9
151479_15	151479	15
151501_08	151501	8
151557_08	151557	8
151559_11	151559	11
151559_16	151559	16
151653_05	151653	5
151653_08	151653	8
151653_09	151653	9
151687_04	151687	4
151687_08	151687	8
151695_08	151695	8
151695_15	151695	15
151695_16	151695	16
151739_05	151739	5
151745_11	151745	11
151745_15	151745	15
151759_07	151759	7
151763_13	151763	13
151769_03	151769	3
151777_08	151777	8
151777_16	151777	16
151781_01	151781	1
151781_03	151781	3
151781_06	151781	6
151781_15	151781	15
151781_16	151781	16
152037_-1	152037	-1
152063_02	152063	2
152063_09	152063	9
152065_02	152065	2
152065_08	152065	8
152071_08	152071	8
152077_16	152077	16
152079_01	152079	1
152079_06	152079	6
152079_16	152079	16
152081_01	152081	1
152081_02	152081	2
152081_03	152081	3
152081_04	152081	4
152081_05	152081	5
152083_05	152083	5
152083_17	152083	17
152085_08	152085	8
152091_05	152091	5
152105_05	152105	5
152173_11	152173	11
152270_08	152270	8
152284_08	152284	8
152284_14	152284	14
152372_11	152372	11
152591_01	152591	1
152658_04	152658	4
152711_07	152711	7
152970_02	152970	2
152970_05	152970	5
153070_05	153070	5
153070_08	153070	8
153070_09	153070	9
153236_03	153236	3
153386_04	153386	4
153386_05	153386	5
153386_09	153386	9
153408_05	153408	5
153408_08	153408	8
153408_09	153408	9
154065_05	154065	5
154358_07	154358	7
154975_05	154975	5
154975_07	154975	7
155064_08	155064	8
155064_11	155064	11
155064_13	155064	13
155168_05	155168	5
155288_08	155288	8
155288_16	155288	16
155288_17	155288	17
155358_01	155358	1
155358_02	155358	2
155358_16	155358	16
155509_01	155509	1
155509_05	155509	5
155509_14	155509	14
155589_-1	155589	-1
155659_05	155659	5
155659_08	155659	8
155743_05	155743	5
155774_02	155774	2
155812_05	155812	5
155820_05	155820	5
155892_05	155892	5
156025_02	156025	2
156025_03	156025	3
156025_04	156025	4
156025_05	156025	5
156371_05	156371	5
156387_08	156387	8
156553_03	156553	3
156553_05	156553	5
156553_08	156553	8
156605_-1	156605	-1
156607_01	156607	1
156607_02	156607	2
156607_08	156607	8
156607_09	156607	9
156609_05	156609	5
156675_13	156675	13
156675_15	156675	15
156706_06	156706	6
156706_16	156706	16
156726_16	156726	16
156781_05	156781	5
156783_05	156783	5
157108_05	157108	5
157108_18	157108	18
157110_05	157110	5
157110_06	157110	6
157122_08	157122	8
157130_08	157130	8
157130_14	157130	14
157130_16	157130	16
157172_01	157172	1
157172_09	157172	9
157200_08	157200	8
157200_16	157200	16
157270_05	157270	5
157296_02	157296	2
157296_03	157296	3
157296_05	157296	5
157312_05	157312	5
157340_03	157340	3
157340_05	157340	5
157369_05	157369	5
157369_08	157369	8
157407_01	157407	1
157407_06	157407	6
157407_08	157407	8
157407_16	157407	16
157432_01	157432	1
157432_06	157432	6
157699_08	157699	8
157699_16	157699	16
157775_03	157775	3
157775_05	157775	5
157865_01	157865	1
157865_02	157865	2
157865_03	157865	3
157865_04	157865	4
157865_05	157865	5
157865_15	157865	15
158022_05	158022	5
158027_08	158027	8
158027_15	158027	15
158035_01	158035	1
158035_03	158035	3
158035_05	158035	5
158238_06	158238	6
158238_13	158238	13
158238_16	158238	16
158254_01	158254	1
158254_05	158254	5
158388_15	158388	15
158398_05	158398	5
158402_01	158402	1
158528_08	158528	8
158528_16	158528	16
158721_01	158721	1
158721_05	158721	5
158721_16	158721	16
158783_08	158783	8
158783_14	158783	14
158783_16	158783	16
158813_02	158813	2
158813_04	158813	4
158813_09	158813	9
158830_04	158830	4
158830_09	158830	9
158842_07	158842	7
158872_03	158872	3
158872_05	158872	5
158874_01	158874	1
158874_08	158874	8
158882_05	158882	5
158882_08	158882	8
158882_14	158882	14
158956_01	158956	1
158956_11	158956	11
158956_15	158956	15
158966_08	158966	8
158972_08	158972	8
159061_13	159061	13
159061_16	159061	16
159069_05	159069	5
159077_05	159077	5
159077_08	159077	8
159093_01	159093	1
159093_05	159093	5
159093_16	159093	16
159161_-1	159161	-1
159193_05	159193	5
159193_08	159193	8
159193_14	159193	14
159403_02	159403	2
159403_03	159403	3
159403_09	159403	9
159403_11	159403	11
159403_15	159403	15
159415_05	159415	5
159415_08	159415	8
159415_14	159415	14
159441_05	159441	5
159510_11	159510	11
159690_01	159690	1
159690_02	159690	2
159690_05	159690	5
159717_08	159717	8
159755_05	159755	5
159779_-1	159779	-1
159811_03	159811	3
159811_08	159811	8
159811_09	159811	9
159817_07	159817	7
159849_05	159849	5
159858_11	159858	11
159976_08	159976	8
160080_01	160080	1
160080_05	160080	5
160080_11	160080	11
160080_15	160080	15
160271_01	160271	1
160271_05	160271	5
160289_07	160289	7
160341_01	160341	1
160341_16	160341	16
160400_08	160400	8
160422_08	160422	8
160422_17	160422	17
160438_01	160438	1
160440_16	160440	16
160527_01	160527	1
160527_06	160527	6
160527_08	160527	8
160563_01	160563	1
160563_02	160563	2
160565_01	160565	1
160565_11	160565	11
160565_15	160565	15
160567_05	160567	5
160569_02	160569	2
160569_03	160569	3
160569_04	160569	4
160569_05	160569	5
160571_11	160571	11
160573_02	160573	2
160573_04	160573	4
160573_09	160573	9
160644_08	160644	8
160646_08	160646	8
160684_01	160684	1
160718_03	160718	3
160730_01	160730	1
160730_08	160730	8
160730_16	160730	16
160836_01	160836	1
160836_08	160836	8
160836_16	160836	16
160848_03	160848	3
160872_11	160872	11
160954_08	160954	8
160954_16	160954	16
160978_11	160978	11
160978_15	160978	15
160980_08	160980	8
161008_-1	161008	-1
161024_05	161024	5
161032_01	161032	1
161032_08	161032	8
161044_15	161044	15
161127_06	161127	6
161127_08	161127	8
161131_05	161131	5
161290_01	161290	1
161354_01	161354	1
161354_03	161354	3
161354_06	161354	6
161354_08	161354	8
161580_05	161580	5
161582_06	161582	6
161582_08	161582	8
161594_01	161594	1
161594_02	161594	2
161594_03	161594	3
161594_08	161594	8
161594_09	161594	9
161594_15	161594	15
161634_16	161634	16
161830_08	161830	8
161830_11	161830	11
161830_16	161830	16
161918_01	161918	1
161918_02	161918	2
161918_11	161918	11
161918_15	161918	15
161922_05	161922	5
161966_16	161966	16
162082_01	162082	1
162082_16	162082	16
162344_05	162344	5
162350_01	162350	1
162350_18	162350	18
162414_08	162414	8
162478_01	162478	1
162478_05	162478	5
162478_06	162478	6
162578_02	162578	2
162578_03	162578	3
162578_04	162578	4
162578_09	162578	9
162590_05	162590	5
162590_14	162590	14
162598_08	162598	8
162600_09	162600	9
162602_16	162602	16
162606_06	162606	6
162606_08	162606	8
162606_16	162606	16
162828_06	162828	6
162828_08	162828	8
162828_16	162828	16
162968_01	162968	1
162968_03	162968	3
162968_13	162968	13
162982_03	162982	3
162982_08	162982	8
162982_15	162982	15
163056_01	163056	1
163056_02	163056	2
163056_09	163056	9
163056_15	163056	15
163072_03	163072	3
163072_04	163072	4
163112_03	163112	3
163134_03	163134	3
163134_08	163134	8
163134_09	163134	9
163134_14	163134	14
163386_03	163386	3
163527_05	163527	5
163639_03	163639	3
163645_08	163645	8
163645_17	163645	17
163653_05	163653	5
163809_02	163809	2
163809_03	163809	3
163809_08	163809	8
163925_03	163925	3
163925_05	163925	5
163937_11	163937	11
163937_16	163937	16
163981_11	163981	11
163985_15	163985	15
163985_16	163985	16
164179_15	164179	15
164200_03	164200	3
164200_04	164200	4
164200_05	164200	5
164226_01	164226	1
164226_02	164226	2
164226_05	164226	5
164226_09	164226	9
164226_15	164226	15
164226_16	164226	16
164280_08	164280	8
164280_09	164280	9
164367_08	164367	8
164367_11	164367	11
164367_15	164367	15
164367_16	164367	16
164375_05	164375	5
164540_07	164540	7
164647_05	164647	5
164647_14	164647	14
164655_07	164655	7
164707_04	164707	4
164707_05	164707	5
164707_08	164707	8
164753_14	164753	14
164881_01	164881	1
164881_15	164881	15
164909_05	164909	5
164909_08	164909	8
164909_14	164909	14
164917_07	164917	7
165075_08	165075	8
165101_13	165101	13
165101_16	165101	16
165103_05	165103	5
165139_05	165139	5
165343_05	165343	5
165343_11	165343	11
165343_15	165343	15
165343_16	165343	16
165347_01	165347	1
165347_06	165347	6
165347_08	165347	8
165347_13	165347	13
165347_16	165347	16
165483_05	165483	5
165489_-1	165489	-1
165529_08	165529	8
165549_08	165549	8
165551_08	165551	8
165635_16	165635	16
165639_05	165639	5
165639_09	165639	9
165639_15	165639	15
165645_05	165645	5
165671_07	165671	7
165843_07	165843	7
165947_01	165947	1
165947_05	165947	5
165959_03	165959	3
165959_05	165959	5
165959_08	165959	8
165969_07	165969	7
166015_05	166015	5
166015_08	166015	8
166024_-1	166024	-1
166183_02	166183	2
166183_03	166183	3
166183_04	166183	4
166203_02	166203	2
166203_04	166203	4
166203_09	166203	9
166203_15	166203	15
166291_03	166291	3
166291_08	166291	8
166291_14	166291	14
166461_02	166461	2
166461_03	166461	3
166461_04	166461	4
166461_05	166461	5
166461_09	166461	9
166492_05	166492	5
166526_02	166526	2
166526_15	166526	15
166528_01	166528	1
166528_02	166528	2
166528_09	166528	9
166528_15	166528	15
166534_08	166534	8
166534_11	166534	11
166534_16	166534	16
166558_01	166558	1
166558_11	166558	11
166568_16	166568	16
166635_02	166635	2
166635_08	166635	8
166635_14	166635	14
166635_15	166635	15
166643_08	166643	8
166705_08	166705	8
166946_08	166946	8
167018_05	167018	5
167036_03	167036	3
167036_04	167036	4
167036_05	167036	5
167064_07	167064	7
167296_08	167296	8
167370_01	167370	1
167370_02	167370	2
167370_15	167370	15
167380_05	167380	5
167380_08	167380	8
167538_11	167538	11
167570_-1	167570	-1
167634_05	167634	5
167706_07	167706	7
167732_05	167732	5
167732_08	167732	8
167746_01	167746	1
167746_03	167746	3
167746_05	167746	5
167772_03	167772	3
167772_05	167772	5
167790_04	167790	4
167790_05	167790	5
167790_08	167790	8
167854_05	167854	5
168026_01	168026	1
168026_02	168026	2
168026_09	168026	9
168026_15	168026	15
168090_03	168090	3
168090_09	168090	9
168090_13	168090	13
168144_05	168144	5
168174_05	168174	5
168218_03	168218	3
168218_09	168218	9
168218_13	168218	13
168248_01	168248	1
168248_06	168248	6
168248_16	168248	16
168250_11	168250	11
168252_01	168252	1
168252_15	168252	15
168254_01	168254	1
168254_02	168254	2
168254_09	168254	9
168266_06	168266	6
168266_08	168266	8
168326_05	168326	5
168326_14	168326	14
168350_08	168350	8
168358_15	168358	15
168358_16	168358	16
168366_09	168366	9
168366_14	168366	14
168418_03	168418	3
168418_04	168418	4
168418_05	168418	5
168456_01	168456	1
168456_02	168456	2
168456_08	168456	8
168492_08	168492	8
168492_14	168492	14
168608_08	168608	8
168612_01	168612	1
168612_08	168612	8
168612_15	168612	15
168632_05	168632	5
168712_08	168712	8
168712_14	168712	14
168846_05	168846	5
169034_-1	169034	-1
169180_16	169180	16
169670_11	169670	11
169904_15	169904	15
169912_05	169912	5
169958_08	169958	8
169958_13	169958	13
169982_01	169982	1
169982_02	169982	2
169982_15	169982	15
169984_01	169984	1
169984_11	169984	11
169984_15	169984	15
169984_16	169984	16
169992_01	169992	1
169992_06	169992	6
169992_08	169992	8
170289_01	170289	1
170289_11	170289	11
170289_15	170289	15
170297_01	170297	1
170297_03	170297	3
170297_15	170297	15
170355_08	170355	8
170355_13	170355	13
170355_14	170355	14
170357_05	170357	5
170399_01	170399	1
170399_05	170399	5
170399_08	170399	8
170401_05	170401	5
170401_08	170401	8
170411_05	170411	5
170551_05	170551	5
170597_03	170597	3
170697_08	170697	8
170705_01	170705	1
170705_08	170705	8
170705_17	170705	17
170777_03	170777	3
170777_04	170777	4
170777_05	170777	5
170813_01	170813	1
170813_05	170813	5
170817_01	170817	1
170817_05	170817	5
170827_01	170827	1
170827_02	170827	2
170827_09	170827	9
170827_11	170827	11
170827_16	170827	16
170837_04	170837	4
170837_05	170837	5
170837_09	170837	9
170875_01	170875	1
170875_06	170875	6
170875_08	170875	8
170875_16	170875	16
170897_05	170897	5
170907_07	170907	7
170937_05	170937	5
170939_01	170939	1
170939_03	170939	3
170939_04	170939	4
170939_05	170939	5
170945_11	170945	11
170945_13	170945	13
170945_16	170945	16
170957_02	170957	2
170957_03	170957	3
170957_05	170957	5
170993_05	170993	5
170993_06	170993	6
170993_08	170993	8
171011_07	171011	7
171023_08	171023	8
171251_07	171251	7
171495_-1	171495	-1
171631_-1	171631	-1
171695_05	171695	5
171701_08	171701	8
171749_-1	171749	-1
171751_05	171751	5
171759_08	171759	8
171759_16	171759	16
171759_18	171759	18
171763_01	171763	1
171763_06	171763	6
171763_16	171763	16
171765_01	171765	1
171765_02	171765	2
171765_08	171765	8
171765_15	171765	15
171811_05	171811	5
171811_15	171811	15
171811_17	171811	17
171867_05	171867	5
171867_08	171867	8
171891_-1	171891	-1
171917_08	171917	8
171917_13	171917	13
171917_16	171917	16
172013_08	172013	8
172215_05	172215	5
172229_05	172229	5
172229_13	172229	13
172229_14	172229	14
172229_16	172229	16
172233_08	172233	8
172233_14	172233	14
172253_05	172253	5
172321_05	172321	5
172461_07	172461	7
172497_-1	172497	-1
172547_02	172547	2
172547_03	172547	3
172547_04	172547	4
172547_05	172547	5
172577_03	172577	3
172577_04	172577	4
172577_05	172577	5
172577_09	172577	9
172583_03	172583	3
172585_02	172585	2
172585_03	172585	3
172585_04	172585	4
172587_03	172587	3
172589_03	172589	3
172591_-1	172591	-1
172637_01	172637	1
172637_02	172637	2
172637_03	172637	3
172637_05	172637	5
172705_07	172705	7
172793_02	172793	2
172793_03	172793	3
172793_04	172793	4
172793_09	172793	9
172825_02	172825	2
172825_03	172825	3
172825_04	172825	4
172875_03	172875	3
172875_15	172875	15
172881_01	172881	1
172881_03	172881	3
172881_15	172881	15
172887_03	172887	3
172887_15	172887	15
172909_03	172909	3
173145_01	173145	1
173145_02	173145	2
173145_08	173145	8
173145_15	173145	15
173197_08	173197	8
173205_05	173205	5
173209_05	173209	5
173209_08	173209	8
173209_17	173209	17
173235_07	173235	7
173253_05	173253	5
173255_05	173255	5
173291_01	173291	1
173291_02	173291	2
173291_15	173291	15
173307_01	173307	1
173307_11	173307	11
173307_15	173307	15
173317_07	173317	7
173351_03	173351	3
173351_04	173351	4
173351_05	173351	5
173351_09	173351	9
173355_03	173355	3
173535_-1	173535	-1
173619_05	173619	5
173619_06	173619	6
173751_16	173751	16
173873_02	173873	2
173873_04	173873	4
173873_09	173873	9
173925_15	173925	15
173925_16	173925	16
173941_16	173941	16
173963_05	173963	5
174045_05	174045	5
174053_08	174053	8
174053_11	174053	11
174053_13	174053	13
174053_15	174053	15
174053_16	174053	16
174055_01	174055	1
174055_08	174055	8
174055_16	174055	16
174055_17	174055	17
174141_03	174141	3
174141_08	174141	8
174141_09	174141	9
174403_-1	174403	-1
174479_11	174479	11
174479_16	174479	16
174551_05	174551	5
174681_05	174681	5
174727_06	174727	6
174727_08	174727	8
174737_05	174737	5
174815_05	174815	5
174909_05	174909	5
175197_09	175197	9
175197_11	175197	11
175197_15	175197	15
175197_18	175197	18
175199_11	175199	11
175293_03	175293	3
175293_04	175293	4
175303_11	175303	11
175387_02	175387	2
175387_03	175387	3
175387_04	175387	4
175397_03	175397	3
175397_04	175397	4
175397_09	175397	9
175401_03	175401	3
175431_03	175431	3
175431_05	175431	5
175435_03	175435	3
175435_09	175435	9
175475_03	175475	3
175475_04	175475	4
175475_05	175475	5
175485_11	175485	11
175485_16	175485	16
175569_01	175569	1
175569_06	175569	6
175569_13	175569	13
175569_16	175569	16
175577_05	175577	5
175585_01	175585	1
175585_06	175585	6
175585_08	175585	8
175585_16	175585	16
175661_01	175661	1
175661_05	175661	5
175693_05	175693	5
175693_06	175693	6
175705_05	175705	5
175705_11	175705	11
175707_07	175707	7
175743_05	175743	5
175781_05	175781	5
176051_03	176051	3
176101_01	176101	1
176101_02	176101	2
176101_05	176101	5
176329_05	176329	5
176371_15	176371	15
176389_02	176389	2
176389_03	176389	3
176389_04	176389	4
176389_05	176389	5
176413_08	176413	8
176415_05	176415	5
176415_08	176415	8
176419_08	176419	8
176419_11	176419	11
176419_13	176419	13
176419_16	176419	16
176423_07	176423	7
176579_08	176579	8
176579_11	176579	11
176579_16	176579	16
176601_-1	176601	-1
176621_03	176621	3
176621_04	176621	4
176621_05	176621	5
176621_14	176621	14
176751_06	176751	6
176751_16	176751	16
176805_05	176805	5
176805_08	176805	8
176935_01	176935	1
177185_05	177185	5
177285_01	177285	1
177285_02	177285	2
177285_03	177285	3
177285_09	177285	9
177285_15	177285	15
177593_06	177593	6
177593_08	177593	8
177615_05	177615	5
177763_06	177763	6
177763_08	177763	8
177763_13	177763	13
177765_02	177765	2
177765_03	177765	3
177765_04	177765	4
177939_03	177939	3
177939_14	177939	14
178061_08	178061	8
178111_03	178111	3
178129_07	178129	7
178323_07	178323	7
178613_05	178613	5
178615_05	178615	5
178615_08	178615	8
178615_14	178615	14
178827_02	178827	2
178827_03	178827	3
178827_04	178827	4
178827_05	178827	5
179053_15	179053	15
179053_16	179053	16
179073_05	179073	5
179119_05	179119	5
179133_03	179133	3
179133_06	179133	6
179133_08	179133	8
179135_07	179135	7
179211_05	179211	5
179401_01	179401	1
179401_02	179401	2
179401_04	179401	4
179427_05	179427	5
179491_01	179491	1
179491_11	179491	11
179511_02	179511	2
179511_08	179511	8
179511_09	179511	9
179511_14	179511	14
179709_08	179709	8
179749_05	179749	5
179749_11	179749	11
179813_08	179813	8
179815_08	179815	8
179815_16	179815	16
179817_08	179817	8
179817_17	179817	17
179819_01	179819	1
179819_02	179819	2
179819_09	179819	9
179819_15	179819	15
179953_05	179953	5
180031_02	180031	2
180031_08	180031	8
180031_09	180031	9
180045_08	180045	8
180095_08	180095	8
180231_05	180231	5
180231_08	180231	8
180263_08	180263	8
180263_11	180263	11
180263_16	180263	16
180265_07	180265	7
180297_05	180297	5
180297_08	180297	8
180497_08	180497	8
180497_16	180497	16
180777_07	180777	7
180985_08	180985	8
180987_03	180987	3
180987_04	180987	4
180987_05	180987	5
181065_05	181065	5
181139_05	181139	5
181315_08	181315	8
181315_14	181315	14
181413_-1	181413	-1
181659_05	181659	5
181719_-1	181719	-1
182293_03	182293	3
182293_04	182293	4
182293_05	182293	5
182297_03	182297	3
182297_05	182297	5
182297_09	182297	9
182299_03	182299	3
182299_04	182299	4
182299_05	182299	5
182639_03	182639	3
182639_15	182639	15
182715_02	182715	2
182715_13	182715	13
182715_15	182715	15
182715_16	182715	16
182727_-1	182727	-1
182731_04	182731	4
182731_05	182731	5
182731_15	182731	15
182749_05	182749	5
182793_08	182793	8
182823_01	182823	1
182823_06	182823	6
182823_09	182823	9
183011_06	183011	6
183011_08	183011	8
183011_13	183011	13
183011_16	183011	16
183197_05	183197	5
183199_07	183199	7
183227_05	183227	5
183295_11	183295	11
183295_13	183295	13
183295_16	183295	16
183301_04	183301	4
183317_05	183317	5
183317_08	183317	8
183611_01	183611	1
183611_05	183611	5
183611_06	183611	6
183611_11	183611	11
183635_01	183635	1
183635_13	183635	13
183635_15	183635	15
183635_16	183635	16
183897_03	183897	3
183897_05	183897	5
183911_05	183911	5
183959_05	183959	5
184015_05	184015	5
184053_01	184053	1
184053_15	184053	15
184245_07	184245	7
184253_11	184253	11
184253_13	184253	13
184253_15	184253	15
184253_16	184253	16
184257_06	184257	6
184257_07	184257	7
184349_05	184349	5
184349_08	184349	8
184349_14	184349	14
184471_01	184471	1
184471_02	184471	2
184471_09	184471	9
184641_01	184641	1
184641_02	184641	2
184641_09	184641	9
184721_08	184721	8
184721_16	184721	16
184791_05	184791	5
184931_01	184931	1
184931_06	184931	6
184931_08	184931	8
184931_16	184931	16
184987_02	184987	2
184987_04	184987	4
184987_09	184987	9
184987_15	184987	15
184997_05	184997	5
184997_08	184997	8
185029_08	185029	8
185029_11	185029	11
185029_16	185029	16
185031_02	185031	2
185031_16	185031	16
185033_08	185033	8
185033_09	185033	9
185033_16	185033	16
185135_06	185135	6
185435_01	185435	1
185435_05	185435	5
185473_05	185473	5
185585_01	185585	1
185585_09	185585	9
185585_15	185585	15
186587_01	186587	1
186587_02	186587	2
186587_15	186587	15
187031_01	187031	1
187031_02	187031	2
187031_08	187031	8
187031_15	187031	15
187031_16	187031	16
187541_01	187541	1
187541_02	187541	2
187541_03	187541	3
187541_04	187541	4
187593_01	187593	1
187593_05	187593	5
187593_15	187593	15
187595_01	187595	1
187595_02	187595	2
187595_04	187595	4
187595_15	187595	15
187717_07	187717	7
188189_05	188189	5
188189_09	188189	9
188189_15	188189	15
188301_01	188301	1
188301_02	188301	2
188301_05	188301	5
188301_09	188301	9
188301_15	188301	15
188675_06	188675	6
188675_08	188675	8
188751_05	188751	5
188751_14	188751	14
188797_05	188797	5
188833_02	188833	2
188833_05	188833	5
188833_09	188833	9
189043_05	189043	5
189043_08	189043	8
189111_07	189111	7
189333_01	189333	1
189333_02	189333	2
189333_16	189333	16
189381_01	189381	1
189381_06	189381	6
189381_16	189381	16
189547_01	189547	1
189547_15	189547	15
189713_05	189713	5
189713_06	189713	6
189713_08	189713	8
190183_15	190183	15
190183_16	190183	16
190207_08	190207	8
190207_14	190207	14
190209_05	190209	5
190213_08	190213	8
190215_08	190215	8
190219_03	190219	3
190221_07	190221	7
191005_01	191005	1
191005_02	191005	2
191005_05	191005	5
191005_15	191005	15
193565_01	193565	1
193565_03	193565	3
193565_05	193565	5
193565_15	193565	15
193567_03	193567	3
193567_08	193567	8
193571_05	193571	5
193571_08	193571	8
193573_03	193573	3
193579_07	193579	7
193581_01	193581	1
193581_03	193581	3
193581_05	193581	5
193581_09	193581	9
193583_03	193583	3
193583_05	193583	5
193583_09	193583	9
193585_08	193585	8
193587_01	193587	1
193587_03	193587	3
193609_05	193609	5
