id	user_id	movie_id	tag	tagged_at
00000000-0000-0000-0000-000000000002_060756	00000000-0000-0000-0000-000000000002	60756	funny	2015-10-25 04:29:54
00000000-0000-0000-0000-000000000002_060756	00000000-0000-0000-0000-000000000002	60756	Highly quotable	2015-10-25 04:29:56
00000000-0000-0000-0000-000000000002_060756	00000000-0000-0000-0000-000000000002	60756	will ferrell	2015-10-25 04:29:52
00000000-0000-0000-0000-000000000002_089774	00000000-0000-0000-0000-000000000002	89774	Boxing story	2015-10-25 04:33:27
00000000-0000-0000-0000-000000000002_089774	00000000-0000-0000-0000-000000000002	89774	MMA	2015-10-25 04:33:20
00000000-0000-0000-0000-000000000002_089774	00000000-0000-0000-0000-000000000002	89774	Tom Hardy	2015-10-25 04:33:25
00000000-0000-0000-0000-000000000002_106782	00000000-0000-0000-0000-000000000002	106782	drugs	2015-10-25 04:30:54
00000000-0000-0000-0000-000000000002_106782	00000000-0000-0000-0000-000000000002	106782	Leonardo DiCaprio	2015-10-25 04:30:51
00000000-0000-0000-0000-000000000002_106782	00000000-0000-0000-0000-000000000002	106782	Martin Scorsese	2015-10-25 04:30:56
00000000-0000-0000-0000-000000000007_048516	00000000-0000-0000-0000-000000000007	48516	way too long	2007-01-25 10:08:45
00000000-0000-0000-0000-000000000018_000431	00000000-0000-0000-0000-000000000018	431	Al Pacino	2016-05-02 06:39:25
00000000-0000-0000-0000-000000000018_000431	00000000-0000-0000-0000-000000000018	431	gangster	2016-05-02 06:39:09
00000000-0000-0000-0000-000000000018_000431	00000000-0000-0000-0000-000000000018	431	mafia	2016-05-02 06:39:15
00000000-0000-0000-0000-000000000018_001221	00000000-0000-0000-0000-000000000018	1221	Al Pacino	2016-04-27 04:35:06
00000000-0000-0000-0000-000000000018_001221	00000000-0000-0000-0000-000000000018	1221	Mafia	2016-04-27 04:35:03
00000000-0000-0000-0000-000000000018_005995	00000000-0000-0000-0000-000000000018	5995	holocaust	2016-02-18 03:57:52
00000000-0000-0000-0000-000000000018_005995	00000000-0000-0000-0000-000000000018	5995	true story	2016-02-18 03:57:59
00000000-0000-0000-0000-000000000018_044665	00000000-0000-0000-0000-000000000018	44665	twist ending	2016-03-03 04:51:23
00000000-0000-0000-0000-000000000018_052604	00000000-0000-0000-0000-000000000018	52604	Anthony Hopkins	2016-03-11 07:58:16
00000000-0000-0000-0000-000000000018_052604	00000000-0000-0000-0000-000000000018	52604	courtroom drama	2016-03-11 07:58:31
00000000-0000-0000-0000-000000000018_052604	00000000-0000-0000-0000-000000000018	52604	twist ending	2016-03-11 07:58:02
00000000-0000-0000-0000-000000000018_088094	00000000-0000-0000-0000-000000000018	88094	britpop	2016-03-08 22:41:40
00000000-0000-0000-0000-000000000018_088094	00000000-0000-0000-0000-000000000018	88094	indie record label	2016-03-08 22:43:12
00000000-0000-0000-0000-000000000018_088094	00000000-0000-0000-0000-000000000018	88094	music	2016-03-08 22:43:29
00000000-0000-0000-0000-000000000018_144210	00000000-0000-0000-0000-000000000018	144210	dumpster diving	2016-02-10 08:26:21
00000000-0000-0000-0000-000000000018_144210	00000000-0000-0000-0000-000000000018	144210	Sustainability	2016-02-10 08:27:32
00000000-0000-0000-0000-000000000021_001569	00000000-0000-0000-0000-000000000021	1569	romantic comedy	2014-12-29 07:23:33
00000000-0000-0000-0000-000000000021_001569	00000000-0000-0000-0000-000000000021	1569	wedding	2014-12-29 07:23:39
00000000-0000-0000-0000-000000000021_118985	00000000-0000-0000-0000-000000000021	118985	painter	2014-12-29 07:24:37
00000000-0000-0000-0000-000000000021_119141	00000000-0000-0000-0000-000000000021	119141	bloody	2014-12-29 04:12:42
00000000-0000-0000-0000-000000000049_109487	00000000-0000-0000-0000-000000000049	109487	black hole	2017-04-25 13:08:26
00000000-0000-0000-0000-000000000049_109487	00000000-0000-0000-0000-000000000049	109487	sci-fi	2017-04-25 13:08:52
00000000-0000-0000-0000-000000000049_109487	00000000-0000-0000-0000-000000000049	109487	time-travel	2017-04-25 13:09:16
00000000-0000-0000-0000-000000000062_000002	00000000-0000-0000-0000-000000000062	2	fantasy	2018-06-13 07:52:09
00000000-0000-0000-0000-000000000062_000002	00000000-0000-0000-0000-000000000062	2	magic board game	2018-06-13 07:52:12
00000000-0000-0000-0000-000000000062_000002	00000000-0000-0000-0000-000000000062	2	Robin Williams	2018-06-13 07:51:47
00000000-0000-0000-0000-000000000062_000110	00000000-0000-0000-0000-000000000062	110	beautiful scenery	2018-06-05 07:49:01
00000000-0000-0000-0000-000000000062_000110	00000000-0000-0000-0000-000000000062	110	epic	2018-06-05 07:48:52
00000000-0000-0000-0000-000000000062_000110	00000000-0000-0000-0000-000000000062	110	historical	2018-06-05 07:48:43
00000000-0000-0000-0000-000000000062_000110	00000000-0000-0000-0000-000000000062	110	inspirational	2018-06-05 07:48:47
00000000-0000-0000-0000-000000000062_000110	00000000-0000-0000-0000-000000000062	110	Medieval	2018-06-05 07:48:48
00000000-0000-0000-0000-000000000062_000110	00000000-0000-0000-0000-000000000062	110	mel gibson	2018-06-05 07:48:41
00000000-0000-0000-0000-000000000062_000110	00000000-0000-0000-0000-000000000062	110	Oscar (Best Cinematography)	2018-06-05 07:48:59
00000000-0000-0000-0000-000000000062_000110	00000000-0000-0000-0000-000000000062	110	revenge	2018-06-05 07:48:51
00000000-0000-0000-0000-000000000062_000110	00000000-0000-0000-0000-000000000062	110	sword fight	2018-06-05 07:48:55
00000000-0000-0000-0000-000000000062_000410	00000000-0000-0000-0000-000000000062	410	black comedy	2018-05-07 04:56:47
00000000-0000-0000-0000-000000000062_000410	00000000-0000-0000-0000-000000000062	410	Christina Ricci	2018-05-07 04:58:05
00000000-0000-0000-0000-000000000062_000410	00000000-0000-0000-0000-000000000062	410	Christopher Lloyd	2018-05-07 04:57:02
00000000-0000-0000-0000-000000000062_000410	00000000-0000-0000-0000-000000000062	410	dark comedy	2018-05-07 04:56:50
00000000-0000-0000-0000-000000000062_000410	00000000-0000-0000-0000-000000000062	410	family	2018-05-07 04:58:28
00000000-0000-0000-0000-000000000062_000410	00000000-0000-0000-0000-000000000062	410	gothic	2018-05-07 04:56:49
00000000-0000-0000-0000-000000000062_002023	00000000-0000-0000-0000-000000000062	2023	Al Pacino	2018-05-07 04:58:48
00000000-0000-0000-0000-000000000062_002023	00000000-0000-0000-0000-000000000062	2023	Andy Garcia	2018-05-07 04:59:28
00000000-0000-0000-0000-000000000062_002023	00000000-0000-0000-0000-000000000062	2023	Classic	2018-05-07 04:59:12
00000000-0000-0000-0000-000000000062_002023	00000000-0000-0000-0000-000000000062	2023	Francis Ford Coppola	2018-05-07 04:59:12
00000000-0000-0000-0000-000000000062_002023	00000000-0000-0000-0000-000000000062	2023	mafia	2018-05-07 04:58:53
00000000-0000-0000-0000-000000000062_002124	00000000-0000-0000-0000-000000000062	2124	black comedy	2018-05-07 05:00:47
00000000-0000-0000-0000-000000000062_002124	00000000-0000-0000-0000-000000000062	2124	Christina Ricci	2018-05-07 05:01:07
00000000-0000-0000-0000-000000000062_002124	00000000-0000-0000-0000-000000000062	2124	Christopher Lloyd	2018-05-07 05:00:59
00000000-0000-0000-0000-000000000062_002124	00000000-0000-0000-0000-000000000062	2124	Family	2018-05-07 05:00:55
00000000-0000-0000-0000-000000000062_002124	00000000-0000-0000-0000-000000000062	2124	gothic	2018-05-07 05:00:49
00000000-0000-0000-0000-000000000062_002124	00000000-0000-0000-0000-000000000062	2124	quirky	2018-05-07 05:00:46
00000000-0000-0000-0000-000000000062_002953	00000000-0000-0000-0000-000000000062	2953	family	2018-05-07 05:01:23
00000000-0000-0000-0000-000000000062_002953	00000000-0000-0000-0000-000000000062	2953	funny	2018-05-07 05:01:25
00000000-0000-0000-0000-000000000062_002953	00000000-0000-0000-0000-000000000062	2953	Macaulay Culkin	2018-05-07 05:01:30
00000000-0000-0000-0000-000000000062_002953	00000000-0000-0000-0000-000000000062	2953	sequel	2018-05-07 05:01:27
00000000-0000-0000-0000-000000000062_003114	00000000-0000-0000-0000-000000000062	3114	animation	2018-05-07 05:01:43
00000000-0000-0000-0000-000000000062_003114	00000000-0000-0000-0000-000000000062	3114	Disney	2018-05-07 05:01:42
00000000-0000-0000-0000-000000000062_003114	00000000-0000-0000-0000-000000000062	3114	funny	2018-05-07 05:01:53
00000000-0000-0000-0000-000000000062_003114	00000000-0000-0000-0000-000000000062	3114	original	2018-05-07 05:01:57
00000000-0000-0000-0000-000000000062_003114	00000000-0000-0000-0000-000000000062	3114	Pixar	2018-05-07 05:01:41
00000000-0000-0000-0000-000000000062_003114	00000000-0000-0000-0000-000000000062	3114	sequel	2018-05-07 05:01:50
00000000-0000-0000-0000-000000000062_003114	00000000-0000-0000-0000-000000000062	3114	Tom Hanks	2018-05-07 05:02:05
00000000-0000-0000-0000-000000000062_003578	00000000-0000-0000-0000-000000000062	3578	ancient Rome	2018-06-05 07:48:24
00000000-0000-0000-0000-000000000062_003578	00000000-0000-0000-0000-000000000062	3578	Epic	2018-06-05 07:47:49
00000000-0000-0000-0000-000000000062_003578	00000000-0000-0000-0000-000000000062	3578	history	2018-06-05 07:47:47
00000000-0000-0000-0000-000000000062_003578	00000000-0000-0000-0000-000000000062	3578	imdb top 250	2018-06-05 07:48:18
00000000-0000-0000-0000-000000000062_003578	00000000-0000-0000-0000-000000000062	3578	revenge	2018-06-05 07:48:16
00000000-0000-0000-0000-000000000062_003578	00000000-0000-0000-0000-000000000062	3578	Rome	2018-06-05 07:47:43
00000000-0000-0000-0000-000000000062_003578	00000000-0000-0000-0000-000000000062	3578	Russell Crowe	2018-06-05 07:47:45
00000000-0000-0000-0000-000000000062_004223	00000000-0000-0000-0000-000000000062	4223	Ed Harris	2018-06-03 20:21:09
00000000-0000-0000-0000-000000000062_004223	00000000-0000-0000-0000-000000000062	4223	Jude Law	2018-06-03 20:20:54
00000000-0000-0000-0000-000000000062_004223	00000000-0000-0000-0000-000000000062	4223	Rachel Weisz	2018-06-03 20:21:13
00000000-0000-0000-0000-000000000062_004223	00000000-0000-0000-0000-000000000062	4223	sniper	2018-06-03 20:20:52
00000000-0000-0000-0000-000000000062_004223	00000000-0000-0000-0000-000000000062	4223	World War II	2018-06-03 20:21:17
00000000-0000-0000-0000-000000000062_005388	00000000-0000-0000-0000-000000000062	5388	Al Pacino	2018-06-30 07:20:09
00000000-0000-0000-0000-000000000062_005388	00000000-0000-0000-0000-000000000062	5388	atmospheric	2018-06-30 07:22:39
00000000-0000-0000-0000-000000000062_005388	00000000-0000-0000-0000-000000000062	5388	Hilary Swank	2018-06-30 07:22:32
00000000-0000-0000-0000-000000000062_005388	00000000-0000-0000-0000-000000000062	5388	Robin Williams	2018-06-30 07:20:11
00000000-0000-0000-0000-000000000062_006058	00000000-0000-0000-0000-000000000062	6058	sequel	2018-05-06 06:17:33
00000000-0000-0000-0000-000000000062_006058	00000000-0000-0000-0000-000000000062	6058	violent	2018-05-06 06:17:31
00000000-0000-0000-0000-000000000062_006534	00000000-0000-0000-0000-000000000062	6534	dogs	2018-05-06 06:01:36
00000000-0000-0000-0000-000000000062_006534	00000000-0000-0000-0000-000000000062	6534	Eric Bana	2018-05-06 06:01:26
00000000-0000-0000-0000-000000000062_006534	00000000-0000-0000-0000-000000000062	6534	mad scientist	2018-05-06 06:01:38
00000000-0000-0000-0000-000000000062_006534	00000000-0000-0000-0000-000000000062	6534	marvel	2018-05-06 06:01:40
00000000-0000-0000-0000-000000000062_006541	00000000-0000-0000-0000-000000000062	6541	captain nemo	2018-05-06 06:00:54
00000000-0000-0000-0000-000000000062_006541	00000000-0000-0000-0000-000000000062	6541	comic book	2018-05-06 06:00:28
00000000-0000-0000-0000-000000000062_006541	00000000-0000-0000-0000-000000000062	6541	gothic	2018-05-06 06:00:56
00000000-0000-0000-0000-000000000062_006541	00000000-0000-0000-0000-000000000062	6541	Peta Wilson	2018-05-06 06:00:40
00000000-0000-0000-0000-000000000062_006541	00000000-0000-0000-0000-000000000062	6541	Sean Connery	2018-05-06 06:00:26
00000000-0000-0000-0000-000000000062_006541	00000000-0000-0000-0000-000000000062	6541	superhero	2018-05-06 06:00:51
00000000-0000-0000-0000-000000000062_006564	00000000-0000-0000-0000-000000000062	6564	adventure	2018-05-06 06:07:19
00000000-0000-0000-0000-000000000062_006564	00000000-0000-0000-0000-000000000062	6564	Angelina Jolie	2018-05-06 06:07:12
00000000-0000-0000-0000-000000000062_006564	00000000-0000-0000-0000-000000000062	6564	heroine in tight suit	2018-05-06 06:07:21
00000000-0000-0000-0000-000000000062_007153	00000000-0000-0000-0000-000000000062	7153	Adventure	2018-06-05 07:49:18
00000000-0000-0000-0000-000000000062_007153	00000000-0000-0000-0000-000000000062	7153	ensemble cast	2018-06-05 07:49:38
00000000-0000-0000-0000-000000000062_007153	00000000-0000-0000-0000-000000000062	7153	fantasy	2018-06-05 07:49:16
00000000-0000-0000-0000-000000000062_007153	00000000-0000-0000-0000-000000000062	7153	fantasy world	2018-06-05 07:49:31
00000000-0000-0000-0000-000000000062_007153	00000000-0000-0000-0000-000000000062	7153	great soundtrack	2018-06-05 07:49:35
00000000-0000-0000-0000-000000000062_007153	00000000-0000-0000-0000-000000000062	7153	lord of the rings	2018-06-05 07:49:41
00000000-0000-0000-0000-000000000062_007153	00000000-0000-0000-0000-000000000062	7153	scenic	2018-06-05 07:49:40
00000000-0000-0000-0000-000000000062_007153	00000000-0000-0000-0000-000000000062	7153	stylized	2018-06-05 07:49:37
00000000-0000-0000-0000-000000000062_007153	00000000-0000-0000-0000-000000000062	7153	Tolkien	2018-06-05 07:49:21
00000000-0000-0000-0000-000000000062_008641	00000000-0000-0000-0000-000000000062	8641	hilarious	2018-05-14 07:05:38
00000000-0000-0000-0000-000000000062_008641	00000000-0000-0000-0000-000000000062	8641	Steve Carell	2018-05-14 07:05:56
00000000-0000-0000-0000-000000000062_008641	00000000-0000-0000-0000-000000000062	8641	Will Ferrell	2018-05-14 07:05:35
00000000-0000-0000-0000-000000000062_027660	00000000-0000-0000-0000-000000000062	27660	animation	2018-05-06 06:08:10
00000000-0000-0000-0000-000000000062_027660	00000000-0000-0000-0000-000000000062	27660	anime	2018-05-06 06:08:08
00000000-0000-0000-0000-000000000062_027660	00000000-0000-0000-0000-000000000062	27660	cyberpunk	2018-05-06 06:08:06
00000000-0000-0000-0000-000000000062_027660	00000000-0000-0000-0000-000000000062	27660	dark	2018-05-06 06:08:20
00000000-0000-0000-0000-000000000062_027660	00000000-0000-0000-0000-000000000062	27660	Matrix	2018-05-06 06:08:13
00000000-0000-0000-0000-000000000062_027660	00000000-0000-0000-0000-000000000062	27660	sci-fi	2018-05-06 06:08:11
00000000-0000-0000-0000-000000000062_027706	00000000-0000-0000-0000-000000000062	27706	dark comedy	2018-05-14 06:56:38
00000000-0000-0000-0000-000000000062_027706	00000000-0000-0000-0000-000000000062	27706	Jim Carrey	2018-05-14 06:56:15
00000000-0000-0000-0000-000000000062_027706	00000000-0000-0000-0000-000000000062	27706	meryl streep	2018-05-14 06:56:20
00000000-0000-0000-0000-000000000062_027706	00000000-0000-0000-0000-000000000062	27706	quirky	2018-05-14 06:55:53
00000000-0000-0000-0000-000000000062_027706	00000000-0000-0000-0000-000000000062	27706	stylized	2018-05-14 06:56:41
00000000-0000-0000-0000-000000000062_027808	00000000-0000-0000-0000-000000000062	27808	Adam Sandler	2018-05-06 06:15:00
00000000-0000-0000-0000-000000000062_027808	00000000-0000-0000-0000-000000000062	27808	family	2018-05-06 06:15:19
00000000-0000-0000-0000-000000000062_027808	00000000-0000-0000-0000-000000000062	27808	sweet	2018-05-06 06:15:22
00000000-0000-0000-0000-000000000062_027831	00000000-0000-0000-0000-000000000062	27831	British gangster	2018-07-28 05:28:24
00000000-0000-0000-0000-000000000062_027831	00000000-0000-0000-0000-000000000062	27831	confusing	2018-07-28 05:29:24
00000000-0000-0000-0000-000000000062_027831	00000000-0000-0000-0000-000000000062	27831	daniel craig	2018-07-28 05:28:25
00000000-0000-0000-0000-000000000062_027831	00000000-0000-0000-0000-000000000062	27831	Exquisite plotting.	2018-07-28 05:29:15
00000000-0000-0000-0000-000000000062_027831	00000000-0000-0000-0000-000000000062	27831	organized crime	2018-07-28 05:29:29
00000000-0000-0000-0000-000000000062_027831	00000000-0000-0000-0000-000000000062	27831	stylish	2018-07-28 05:29:16
00000000-0000-0000-0000-000000000062_027831	00000000-0000-0000-0000-000000000062	27831	Tom Hardy	2018-07-28 05:29:19
00000000-0000-0000-0000-000000000062_031658	00000000-0000-0000-0000-000000000062	31658	anime	2018-05-09 21:30:41
00000000-0000-0000-0000-000000000062_031658	00000000-0000-0000-0000-000000000062	31658	fantasy world	2018-05-09 21:30:51
00000000-0000-0000-0000-000000000062_031658	00000000-0000-0000-0000-000000000062	31658	Hayao Miyazaki	2018-05-09 21:30:46
00000000-0000-0000-0000-000000000062_031658	00000000-0000-0000-0000-000000000062	31658	Studio Ghibli	2018-05-09 21:30:44
00000000-0000-0000-0000-000000000062_033162	00000000-0000-0000-0000-000000000062	33162	David Thewlis	2018-05-06 06:10:05
00000000-0000-0000-0000-000000000062_033162	00000000-0000-0000-0000-000000000062	33162	Eva Green	2018-05-06 06:09:10
00000000-0000-0000-0000-000000000062_033162	00000000-0000-0000-0000-000000000062	33162	Liam Neeson	2018-05-06 06:09:37
00000000-0000-0000-0000-000000000062_033162	00000000-0000-0000-0000-000000000062	33162	Orlando Bloom	2018-05-06 06:08:31
00000000-0000-0000-0000-000000000062_034150	00000000-0000-0000-0000-000000000062	34150	Chris Evans	2018-05-06 06:02:21
00000000-0000-0000-0000-000000000062_034150	00000000-0000-0000-0000-000000000062	34150	comic book	2018-05-06 06:00:03
00000000-0000-0000-0000-000000000062_034150	00000000-0000-0000-0000-000000000062	34150	heroine in tight suit	2018-05-06 06:02:18
00000000-0000-0000-0000-000000000062_034150	00000000-0000-0000-0000-000000000062	34150	Jessica Alba	2018-05-06 06:02:07
00000000-0000-0000-0000-000000000062_034150	00000000-0000-0000-0000-000000000062	34150	sexy female scientist	2018-05-06 06:02:24
00000000-0000-0000-0000-000000000062_034150	00000000-0000-0000-0000-000000000062	34150	superhero	2018-05-06 05:59:37
00000000-0000-0000-0000-000000000062_037729	00000000-0000-0000-0000-000000000062	37729	gothic	2018-06-30 07:15:27
00000000-0000-0000-0000-000000000062_037729	00000000-0000-0000-0000-000000000062	37729	helena bonham carter	2018-06-30 07:15:34
00000000-0000-0000-0000-000000000062_037729	00000000-0000-0000-0000-000000000062	37729	Johnny Depp	2018-06-30 07:15:29
00000000-0000-0000-0000-000000000062_037729	00000000-0000-0000-0000-000000000062	37729	Tim Burton	2018-06-30 07:15:26
00000000-0000-0000-0000-000000000062_037729	00000000-0000-0000-0000-000000000062	37729	visually appealing	2018-06-30 07:15:41
00000000-0000-0000-0000-000000000062_038061	00000000-0000-0000-0000-000000000062	38061	black comedy	2018-07-28 05:29:40
00000000-0000-0000-0000-000000000062_038061	00000000-0000-0000-0000-000000000062	38061	clever	2018-07-28 05:30:03
00000000-0000-0000-0000-000000000062_038061	00000000-0000-0000-0000-000000000062	38061	fast-paced dialogue	2018-07-28 05:30:06
00000000-0000-0000-0000-000000000062_038061	00000000-0000-0000-0000-000000000062	38061	good dialogue	2018-07-28 05:30:28
00000000-0000-0000-0000-000000000062_038061	00000000-0000-0000-0000-000000000062	38061	Robert Downey Jr.	2018-07-28 05:30:08
00000000-0000-0000-0000-000000000062_038061	00000000-0000-0000-0000-000000000062	38061	witty	2018-07-28 05:30:02
00000000-0000-0000-0000-000000000062_045447	00000000-0000-0000-0000-000000000062	45447	adventure	2018-05-07 05:04:24
00000000-0000-0000-0000-000000000062_045447	00000000-0000-0000-0000-000000000062	45447	Audrey Tautou	2018-05-07 05:04:35
00000000-0000-0000-0000-000000000062_045447	00000000-0000-0000-0000-000000000062	45447	conspiracy theory	2018-05-07 05:04:22
00000000-0000-0000-0000-000000000062_045447	00000000-0000-0000-0000-000000000062	45447	Mystery	2018-05-07 05:04:41
00000000-0000-0000-0000-000000000062_045447	00000000-0000-0000-0000-000000000062	45447	Paris	2018-05-07 05:04:39
00000000-0000-0000-0000-000000000062_045447	00000000-0000-0000-0000-000000000062	45447	Tom Hanks	2018-05-07 05:04:27
00000000-0000-0000-0000-000000000062_045447	00000000-0000-0000-0000-000000000062	45447	treasure hunt	2018-05-07 05:04:44
00000000-0000-0000-0000-000000000062_046723	00000000-0000-0000-0000-000000000062	46723	Brad Pitt	2018-05-06 06:03:37
00000000-0000-0000-0000-000000000062_046723	00000000-0000-0000-0000-000000000062	46723	cate blanchett	2018-05-06 06:03:47
00000000-0000-0000-0000-000000000062_046723	00000000-0000-0000-0000-000000000062	46723	multiple storylines	2018-05-06 06:03:35
00000000-0000-0000-0000-000000000062_046723	00000000-0000-0000-0000-000000000062	46723	social commentary	2018-05-06 06:04:06
00000000-0000-0000-0000-000000000062_046972	00000000-0000-0000-0000-000000000062	46972	Ben Stiller	2018-05-06 06:04:14
00000000-0000-0000-0000-000000000062_046972	00000000-0000-0000-0000-000000000062	46972	Robin Williams	2018-05-06 06:04:15
00000000-0000-0000-0000-000000000062_046976	00000000-0000-0000-0000-000000000062	46976	emma thompson	2018-09-14 06:38:12
00000000-0000-0000-0000-000000000062_046976	00000000-0000-0000-0000-000000000062	46976	Maggie Gyllenhaal	2018-09-14 06:37:35
00000000-0000-0000-0000-000000000062_046976	00000000-0000-0000-0000-000000000062	46976	modern fantasy	2018-09-14 06:37:38
00000000-0000-0000-0000-000000000062_046976	00000000-0000-0000-0000-000000000062	46976	romance	2018-09-14 06:37:31
00000000-0000-0000-0000-000000000062_046976	00000000-0000-0000-0000-000000000062	46976	surreal	2018-09-14 06:37:42
00000000-0000-0000-0000-000000000062_046976	00000000-0000-0000-0000-000000000062	46976	Will Ferrell	2018-09-14 06:37:33
00000000-0000-0000-0000-000000000062_049130	00000000-0000-0000-0000-000000000062	49130	Marion Cotillard	2018-05-18 03:39:31
00000000-0000-0000-0000-000000000062_049530	00000000-0000-0000-0000-000000000062	49530	Africa	2018-09-14 06:38:26
00000000-0000-0000-0000-000000000062_049530	00000000-0000-0000-0000-000000000062	49530	corruption	2018-09-14 06:38:24
00000000-0000-0000-0000-000000000062_049530	00000000-0000-0000-0000-000000000062	49530	Jennifer Connelly	2018-09-14 06:38:21
00000000-0000-0000-0000-000000000062_049530	00000000-0000-0000-0000-000000000062	49530	justice	2018-09-14 06:38:29
00000000-0000-0000-0000-000000000062_049530	00000000-0000-0000-0000-000000000062	49530	Leonardo DiCaprio	2018-09-14 06:38:18
00000000-0000-0000-0000-000000000062_053464	00000000-0000-0000-0000-000000000062	53464	bad acting	2018-05-06 06:13:17
00000000-0000-0000-0000-000000000062_053464	00000000-0000-0000-0000-000000000062	53464	bad jokes	2018-05-06 06:13:31
00000000-0000-0000-0000-000000000062_053464	00000000-0000-0000-0000-000000000062	53464	bad plot	2018-05-06 06:13:42
00000000-0000-0000-0000-000000000062_053464	00000000-0000-0000-0000-000000000062	53464	Chris Evans	2018-05-06 06:13:27
00000000-0000-0000-0000-000000000062_053464	00000000-0000-0000-0000-000000000062	53464	Jessica Alba	2018-05-06 06:13:14
00000000-0000-0000-0000-000000000062_053464	00000000-0000-0000-0000-000000000062	53464	Marvel	2018-05-06 06:13:12
00000000-0000-0000-0000-000000000062_053464	00000000-0000-0000-0000-000000000062	53464	sexy female scientist	2018-05-06 06:13:33
00000000-0000-0000-0000-000000000062_058047	00000000-0000-0000-0000-000000000062	58047	Rachel Weisz	2018-06-14 02:02:44
00000000-0000-0000-0000-000000000062_058047	00000000-0000-0000-0000-000000000062	58047	Ryan Reynolds	2018-06-14 02:02:27
00000000-0000-0000-0000-000000000062_059501	00000000-0000-0000-0000-000000000062	59501	fantasy	2018-05-07 05:11:47
00000000-0000-0000-0000-000000000062_059501	00000000-0000-0000-0000-000000000062	59501	lion	2018-05-07 05:11:57
00000000-0000-0000-0000-000000000062_059501	00000000-0000-0000-0000-000000000062	59501	narnia	2018-05-07 05:11:48
00000000-0000-0000-0000-000000000062_059501	00000000-0000-0000-0000-000000000062	59501	Tilda Swinton	2018-05-07 05:13:23
00000000-0000-0000-0000-000000000062_060074	00000000-0000-0000-0000-000000000062	60074	bad script	2018-05-06 06:01:56
00000000-0000-0000-0000-000000000062_060074	00000000-0000-0000-0000-000000000062	60074	Charlize Theron	2018-05-06 06:02:01
00000000-0000-0000-0000-000000000062_060074	00000000-0000-0000-0000-000000000062	60074	Will Smith	2018-05-06 06:01:47
00000000-0000-0000-0000-000000000062_060126	00000000-0000-0000-0000-000000000062	60126	Anne Hathaway	2018-05-23 00:50:40
00000000-0000-0000-0000-000000000062_060126	00000000-0000-0000-0000-000000000062	60126	Steve Carell	2018-05-23 00:50:38
00000000-0000-0000-0000-000000000062_060756	00000000-0000-0000-0000-000000000062	60756	comedy	2018-06-14 08:59:44
00000000-0000-0000-0000-000000000062_060756	00000000-0000-0000-0000-000000000062	60756	funny	2018-06-14 08:59:41
00000000-0000-0000-0000-000000000062_060756	00000000-0000-0000-0000-000000000062	60756	will ferrell	2018-06-14 08:59:39
00000000-0000-0000-0000-000000000062_061024	00000000-0000-0000-0000-000000000062	61024	comedy	2018-06-14 08:56:58
00000000-0000-0000-0000-000000000062_061024	00000000-0000-0000-0000-000000000062	61024	James Franco	2018-06-14 08:56:54
00000000-0000-0000-0000-000000000062_061024	00000000-0000-0000-0000-000000000062	61024	Seth Rogen	2018-06-14 08:56:56
00000000-0000-0000-0000-000000000062_061024	00000000-0000-0000-0000-000000000062	61024	Stoner Movie	2018-06-14 08:56:59
00000000-0000-0000-0000-000000000062_063992	00000000-0000-0000-0000-000000000062	63992	audience intelligence underestimated	2018-06-14 08:57:17
00000000-0000-0000-0000-000000000062_063992	00000000-0000-0000-0000-000000000062	63992	boring	2018-06-14 08:57:21
00000000-0000-0000-0000-000000000062_063992	00000000-0000-0000-0000-000000000062	63992	chick flick	2018-06-14 08:57:27
00000000-0000-0000-0000-000000000062_063992	00000000-0000-0000-0000-000000000062	63992	overrated	2018-06-14 08:57:20
00000000-0000-0000-0000-000000000062_063992	00000000-0000-0000-0000-000000000062	63992	Teen movie	2018-06-14 08:57:13
00000000-0000-0000-0000-000000000062_068848	00000000-0000-0000-0000-000000000062	68848	Adrien Brody	2018-05-26 03:51:45
00000000-0000-0000-0000-000000000062_068848	00000000-0000-0000-0000-000000000062	68848	con artists	2018-05-26 03:52:00
00000000-0000-0000-0000-000000000062_068848	00000000-0000-0000-0000-000000000062	68848	funny	2018-05-26 03:52:02
00000000-0000-0000-0000-000000000062_068848	00000000-0000-0000-0000-000000000062	68848	interesting characters	2018-05-26 03:52:04
00000000-0000-0000-0000-000000000062_068848	00000000-0000-0000-0000-000000000062	68848	Mark Ruffalo	2018-05-26 03:51:56
00000000-0000-0000-0000-000000000062_068848	00000000-0000-0000-0000-000000000062	68848	Rachel Weisz	2018-05-26 03:51:51
00000000-0000-0000-0000-000000000062_071535	00000000-0000-0000-0000-000000000062	71535	Bill Murray	2018-06-24 03:06:38
00000000-0000-0000-0000-000000000062_071535	00000000-0000-0000-0000-000000000062	71535	dark comedy	2018-06-24 03:06:29
00000000-0000-0000-0000-000000000062_071535	00000000-0000-0000-0000-000000000062	71535	Emma Stone	2018-06-24 03:06:32
00000000-0000-0000-0000-000000000062_071535	00000000-0000-0000-0000-000000000062	71535	funny	2018-06-24 03:06:34
00000000-0000-0000-0000-000000000062_071535	00000000-0000-0000-0000-000000000062	71535	Jesse Eisenberg	2018-06-24 03:06:26
00000000-0000-0000-0000-000000000062_071535	00000000-0000-0000-0000-000000000062	71535	Woody Harrelson	2018-06-24 03:05:29
00000000-0000-0000-0000-000000000062_087430	00000000-0000-0000-0000-000000000062	87430	audience intelligence underestimated	2018-05-06 06:19:32
00000000-0000-0000-0000-000000000062_087430	00000000-0000-0000-0000-000000000062	87430	CGI	2018-05-06 06:19:28
00000000-0000-0000-0000-000000000062_087430	00000000-0000-0000-0000-000000000062	87430	cheesy	2018-05-06 06:19:30
00000000-0000-0000-0000-000000000062_087430	00000000-0000-0000-0000-000000000062	87430	comic book	2018-05-06 06:19:24
00000000-0000-0000-0000-000000000062_087430	00000000-0000-0000-0000-000000000062	87430	DC	2018-05-06 06:19:36
00000000-0000-0000-0000-000000000062_087430	00000000-0000-0000-0000-000000000062	87430	DC Comics	2018-05-06 06:19:44
00000000-0000-0000-0000-000000000062_087430	00000000-0000-0000-0000-000000000062	87430	Ryan Reynolds	2018-05-06 06:19:22
00000000-0000-0000-0000-000000000062_087430	00000000-0000-0000-0000-000000000062	87430	space	2018-05-06 06:19:42
00000000-0000-0000-0000-000000000062_087430	00000000-0000-0000-0000-000000000062	87430	superhero	2018-05-06 06:19:41
00000000-0000-0000-0000-000000000062_088405	00000000-0000-0000-0000-000000000062	88405	comedy	2018-05-06 06:14:39
00000000-0000-0000-0000-000000000062_088405	00000000-0000-0000-0000-000000000062	88405	funny	2018-05-06 06:14:28
00000000-0000-0000-0000-000000000062_088405	00000000-0000-0000-0000-000000000062	88405	happy ending	2018-05-06 06:14:32
00000000-0000-0000-0000-000000000062_088405	00000000-0000-0000-0000-000000000062	88405	HOT actress	2018-05-06 06:14:40
00000000-0000-0000-0000-000000000062_088405	00000000-0000-0000-0000-000000000062	88405	Justin Timberlake	2018-05-06 06:14:33
00000000-0000-0000-0000-000000000062_088405	00000000-0000-0000-0000-000000000062	88405	Mila Kunis	2018-05-06 06:14:21
00000000-0000-0000-0000-000000000062_088405	00000000-0000-0000-0000-000000000062	88405	New York City	2018-05-06 06:14:26
00000000-0000-0000-0000-000000000062_088405	00000000-0000-0000-0000-000000000062	88405	romance	2018-05-06 06:14:43
00000000-0000-0000-0000-000000000062_088405	00000000-0000-0000-0000-000000000062	88405	sex	2018-05-06 06:14:24
00000000-0000-0000-0000-000000000062_096861	00000000-0000-0000-0000-000000000062	96861	Istanbul	2018-06-22 05:01:02
00000000-0000-0000-0000-000000000062_096861	00000000-0000-0000-0000-000000000062	96861	Liam Neeson	2018-06-22 05:00:50
00000000-0000-0000-0000-000000000062_096861	00000000-0000-0000-0000-000000000062	96861	predictable	2018-06-22 05:01:06
00000000-0000-0000-0000-000000000062_096861	00000000-0000-0000-0000-000000000062	96861	Turkey	2018-06-22 05:00:56
00000000-0000-0000-0000-000000000062_096861	00000000-0000-0000-0000-000000000062	96861	unnecessary sequel	2018-06-22 05:01:09
00000000-0000-0000-0000-000000000062_099114	00000000-0000-0000-0000-000000000062	99114	action	2018-05-12 07:46:32
00000000-0000-0000-0000-000000000062_099114	00000000-0000-0000-0000-000000000062	99114	Christoph Waltz	2018-05-12 07:46:06
00000000-0000-0000-0000-000000000062_099114	00000000-0000-0000-0000-000000000062	99114	funny	2018-05-12 07:46:18
00000000-0000-0000-0000-000000000062_099114	00000000-0000-0000-0000-000000000062	99114	good soundtrack	2018-05-12 07:46:25
00000000-0000-0000-0000-000000000062_099114	00000000-0000-0000-0000-000000000062	99114	Great performances	2018-05-12 07:46:08
00000000-0000-0000-0000-000000000062_099114	00000000-0000-0000-0000-000000000062	99114	Humour	2018-05-12 07:46:27
00000000-0000-0000-0000-000000000062_099114	00000000-0000-0000-0000-000000000062	99114	Leonardo DiCaprio	2018-05-12 07:46:02
00000000-0000-0000-0000-000000000062_099114	00000000-0000-0000-0000-000000000062	99114	Quentin Tarantino	2018-05-12 07:46:00
00000000-0000-0000-0000-000000000062_099114	00000000-0000-0000-0000-000000000062	99114	Samuel L. Jackson	2018-05-12 07:46:03
00000000-0000-0000-0000-000000000062_099114	00000000-0000-0000-0000-000000000062	99114	Soundtrack	2018-05-12 07:46:21
00000000-0000-0000-0000-000000000062_099114	00000000-0000-0000-0000-000000000062	99114	western	2018-05-12 07:46:13
00000000-0000-0000-0000-000000000062_103042	00000000-0000-0000-0000-000000000062	103042	Amy Adams	2018-05-06 06:22:08
00000000-0000-0000-0000-000000000062_103042	00000000-0000-0000-0000-000000000062	103042	superhero	2018-05-06 06:21:59
00000000-0000-0000-0000-000000000062_104863	00000000-0000-0000-0000-000000000062	104863	daniel radcliffe	2018-06-13 07:52:48
00000000-0000-0000-0000-000000000062_104863	00000000-0000-0000-0000-000000000062	104863	zoe kazan	2018-06-13 07:52:45
00000000-0000-0000-0000-000000000062_107348	00000000-0000-0000-0000-000000000062	107348	comedy	2018-06-14 09:10:11
00000000-0000-0000-0000-000000000062_107348	00000000-0000-0000-0000-000000000062	107348	Steve Carell	2018-06-14 09:10:00
00000000-0000-0000-0000-000000000062_107348	00000000-0000-0000-0000-000000000062	107348	stupid but funny	2018-06-14 09:10:13
00000000-0000-0000-0000-000000000062_107348	00000000-0000-0000-0000-000000000062	107348	will ferrell	2018-06-14 09:10:02
00000000-0000-0000-0000-000000000062_108190	00000000-0000-0000-0000-000000000062	108190	anti-intellectual	2018-05-06 06:14:01
00000000-0000-0000-0000-000000000062_108190	00000000-0000-0000-0000-000000000062	108190	bad writing	2018-05-06 06:13:55
00000000-0000-0000-0000-000000000062_108190	00000000-0000-0000-0000-000000000062	108190	dystopia	2018-05-06 06:13:50
00000000-0000-0000-0000-000000000062_108190	00000000-0000-0000-0000-000000000062	108190	new society	2018-05-06 06:13:52
00000000-0000-0000-0000-000000000062_108190	00000000-0000-0000-0000-000000000062	108190	plot holes	2018-05-06 06:14:05
00000000-0000-0000-0000-000000000062_108190	00000000-0000-0000-0000-000000000062	108190	predictable	2018-05-06 06:14:07
00000000-0000-0000-0000-000000000062_108190	00000000-0000-0000-0000-000000000062	108190	scifi	2018-05-06 06:13:59
00000000-0000-0000-0000-000000000062_108190	00000000-0000-0000-0000-000000000062	108190	unintelligent	2018-05-06 06:14:03
00000000-0000-0000-0000-000000000062_111743	00000000-0000-0000-0000-000000000062	111743	Charlize Theron	2018-07-02 03:57:00
00000000-0000-0000-0000-000000000062_111743	00000000-0000-0000-0000-000000000062	111743	Liam Neeson	2018-07-02 03:57:14
00000000-0000-0000-0000-000000000062_111743	00000000-0000-0000-0000-000000000062	111743	Seth MacFarlane	2018-07-02 03:56:59
00000000-0000-0000-0000-000000000062_111743	00000000-0000-0000-0000-000000000062	111743	witty	2018-07-02 03:56:57
00000000-0000-0000-0000-000000000062_114180	00000000-0000-0000-0000-000000000062	114180	action	2018-05-06 06:07:40
00000000-0000-0000-0000-000000000062_114180	00000000-0000-0000-0000-000000000062	114180	dystopia	2018-05-06 06:07:30
00000000-0000-0000-0000-000000000062_114180	00000000-0000-0000-0000-000000000062	114180	plot holes	2018-05-06 06:07:34
00000000-0000-0000-0000-000000000062_114180	00000000-0000-0000-0000-000000000062	114180	post-apocalyptic	2018-05-06 06:07:38
00000000-0000-0000-0000-000000000062_114180	00000000-0000-0000-0000-000000000062	114180	survival	2018-05-06 06:07:36
00000000-0000-0000-0000-000000000062_114180	00000000-0000-0000-0000-000000000062	114180	thriller	2018-05-06 06:07:51
00000000-0000-0000-0000-000000000062_114180	00000000-0000-0000-0000-000000000062	114180	unexplained	2018-05-06 06:07:53
00000000-0000-0000-0000-000000000062_114180	00000000-0000-0000-0000-000000000062	114180	weak plot	2018-05-06 06:07:43
00000000-0000-0000-0000-000000000062_115149	00000000-0000-0000-0000-000000000062	115149	dark hero	2018-06-05 07:44:11
00000000-0000-0000-0000-000000000062_115149	00000000-0000-0000-0000-000000000062	115149	gun-fu	2018-06-05 07:44:17
00000000-0000-0000-0000-000000000062_115149	00000000-0000-0000-0000-000000000062	115149	Keanu Reeves	2018-06-05 07:44:04
00000000-0000-0000-0000-000000000062_115149	00000000-0000-0000-0000-000000000062	115149	Revenge	2018-06-05 07:44:01
00000000-0000-0000-0000-000000000062_115149	00000000-0000-0000-0000-000000000062	115149	secret society	2018-06-05 07:44:18
00000000-0000-0000-0000-000000000062_115149	00000000-0000-0000-0000-000000000062	115149	stylish	2018-06-05 07:44:07
00000000-0000-0000-0000-000000000062_116897	00000000-0000-0000-0000-000000000062	116897	black comedy	2018-06-05 07:54:09
00000000-0000-0000-0000-000000000062_116897	00000000-0000-0000-0000-000000000062	116897	dark comedy	2018-06-05 07:54:19
00000000-0000-0000-0000-000000000062_116897	00000000-0000-0000-0000-000000000062	116897	dark humor	2018-06-05 07:54:07
00000000-0000-0000-0000-000000000062_116897	00000000-0000-0000-0000-000000000062	116897	ironic	2018-06-05 07:54:14
00000000-0000-0000-0000-000000000062_116897	00000000-0000-0000-0000-000000000062	116897	multiple short stories	2018-06-05 07:54:22
00000000-0000-0000-0000-000000000062_116897	00000000-0000-0000-0000-000000000062	116897	short stories	2018-06-05 07:54:12
00000000-0000-0000-0000-000000000062_119141	00000000-0000-0000-0000-000000000062	119141	bromance	2018-05-06 06:19:06
00000000-0000-0000-0000-000000000062_119141	00000000-0000-0000-0000-000000000062	119141	comedy	2018-05-06 06:18:58
00000000-0000-0000-0000-000000000062_119141	00000000-0000-0000-0000-000000000062	119141	funny	2018-05-06 06:18:49
00000000-0000-0000-0000-000000000062_119141	00000000-0000-0000-0000-000000000062	119141	James Franco	2018-05-06 06:18:52
00000000-0000-0000-0000-000000000062_119141	00000000-0000-0000-0000-000000000062	119141	Seth Rogen	2018-05-06 06:18:47
00000000-0000-0000-0000-000000000062_122912	00000000-0000-0000-0000-000000000062	122912	comic book	2018-05-11 17:57:03
00000000-0000-0000-0000-000000000062_122912	00000000-0000-0000-0000-000000000062	122912	Dr. Strange	2018-05-11 17:56:41
00000000-0000-0000-0000-000000000062_122912	00000000-0000-0000-0000-000000000062	122912	Great villain	2018-05-11 17:57:05
00000000-0000-0000-0000-000000000062_122912	00000000-0000-0000-0000-000000000062	122912	Guardians of the Galaxy	2018-05-11 17:56:55
00000000-0000-0000-0000-000000000062_122912	00000000-0000-0000-0000-000000000062	122912	Marvel	2018-05-11 17:56:37
00000000-0000-0000-0000-000000000062_122912	00000000-0000-0000-0000-000000000062	122912	MCU	2018-05-11 17:56:23
00000000-0000-0000-0000-000000000062_122912	00000000-0000-0000-0000-000000000062	122912	Robert Downey Jr.	2018-05-11 17:56:31
00000000-0000-0000-0000-000000000062_122912	00000000-0000-0000-0000-000000000062	122912	Thanos	2018-05-11 17:56:25
00000000-0000-0000-0000-000000000062_122912	00000000-0000-0000-0000-000000000062	122912	Thor	2018-05-11 17:56:50
00000000-0000-0000-0000-000000000062_122912	00000000-0000-0000-0000-000000000062	122912	Visually stunning	2018-05-11 17:56:34
00000000-0000-0000-0000-000000000062_128360	00000000-0000-0000-0000-000000000062	128360	characters	2018-05-12 07:48:30
00000000-0000-0000-0000-000000000062_128360	00000000-0000-0000-0000-000000000062	128360	Dialogue	2018-05-12 07:48:22
00000000-0000-0000-0000-000000000062_128360	00000000-0000-0000-0000-000000000062	128360	humor	2018-05-12 07:48:21
00000000-0000-0000-0000-000000000062_128360	00000000-0000-0000-0000-000000000062	128360	Kurt Russell	2018-05-12 07:48:06
00000000-0000-0000-0000-000000000062_128360	00000000-0000-0000-0000-000000000062	128360	Quentin Tarantino	2018-05-12 07:47:57
00000000-0000-0000-0000-000000000062_128360	00000000-0000-0000-0000-000000000062	128360	Samuel L. Jackson	2018-05-12 07:48:03
00000000-0000-0000-0000-000000000062_128360	00000000-0000-0000-0000-000000000062	128360	tension building	2018-05-12 07:48:00
00000000-0000-0000-0000-000000000062_128360	00000000-0000-0000-0000-000000000062	128360	violent	2018-05-12 07:48:32
00000000-0000-0000-0000-000000000062_128360	00000000-0000-0000-0000-000000000062	128360	Western	2018-05-12 07:48:19
00000000-0000-0000-0000-000000000062_135133	00000000-0000-0000-0000-000000000062	135133	dystopia	2018-05-07 05:11:20
00000000-0000-0000-0000-000000000062_135133	00000000-0000-0000-0000-000000000062	135133	Jennifer Lawrence	2018-05-07 05:11:24
00000000-0000-0000-0000-000000000062_135133	00000000-0000-0000-0000-000000000062	135133	love story	2018-05-07 05:11:27
00000000-0000-0000-0000-000000000062_135133	00000000-0000-0000-0000-000000000062	135133	nonsense	2018-05-07 05:11:28
00000000-0000-0000-0000-000000000062_135133	00000000-0000-0000-0000-000000000062	135133	politics	2018-05-07 05:11:39
00000000-0000-0000-0000-000000000062_135133	00000000-0000-0000-0000-000000000062	135133	rebellion	2018-05-07 05:11:23
00000000-0000-0000-0000-000000000062_135133	00000000-0000-0000-0000-000000000062	135133	revolution	2018-05-07 05:11:21
00000000-0000-0000-0000-000000000062_135518	00000000-0000-0000-0000-000000000062	135518	Ben Kingsley	2018-07-02 03:56:05
00000000-0000-0000-0000-000000000062_135518	00000000-0000-0000-0000-000000000062	135518	ethics	2018-07-02 03:55:46
00000000-0000-0000-0000-000000000062_135518	00000000-0000-0000-0000-000000000062	135518	immortality	2018-07-02 03:55:43
00000000-0000-0000-0000-000000000062_135518	00000000-0000-0000-0000-000000000062	135518	ryan reynolds	2018-07-02 03:55:52
00000000-0000-0000-0000-000000000062_135536	00000000-0000-0000-0000-000000000062	135536	Bad story	2018-05-06 06:18:10
00000000-0000-0000-0000-000000000062_135536	00000000-0000-0000-0000-000000000062	135536	Bad writing	2018-05-06 06:18:04
00000000-0000-0000-0000-000000000062_135536	00000000-0000-0000-0000-000000000062	135536	Batman	2018-05-06 06:17:57
00000000-0000-0000-0000-000000000062_135536	00000000-0000-0000-0000-000000000062	135536	Ben Affleck	2018-05-06 06:18:26
00000000-0000-0000-0000-000000000062_135536	00000000-0000-0000-0000-000000000062	135536	comic book	2018-05-06 06:18:12
00000000-0000-0000-0000-000000000062_135536	00000000-0000-0000-0000-000000000062	135536	dc comics	2018-05-06 06:18:00
00000000-0000-0000-0000-000000000062_135536	00000000-0000-0000-0000-000000000062	135536	good soundtrack	2018-05-06 06:18:09
00000000-0000-0000-0000-000000000062_135536	00000000-0000-0000-0000-000000000062	135536	Harley Quinn	2018-05-06 06:17:59
00000000-0000-0000-0000-000000000062_135536	00000000-0000-0000-0000-000000000062	135536	Harley Quinn's ass	2018-05-06 06:18:14
00000000-0000-0000-0000-000000000062_135536	00000000-0000-0000-0000-000000000062	135536	Horrible directing	2018-05-06 06:18:19
00000000-0000-0000-0000-000000000062_135536	00000000-0000-0000-0000-000000000062	135536	Jared Leto	2018-05-06 06:17:52
00000000-0000-0000-0000-000000000062_135536	00000000-0000-0000-0000-000000000062	135536	Joker	2018-05-06 06:17:54
00000000-0000-0000-0000-000000000062_135536	00000000-0000-0000-0000-000000000062	135536	lack of plot	2018-05-06 06:17:49
00000000-0000-0000-0000-000000000062_135536	00000000-0000-0000-0000-000000000062	135536	Margot Robbie	2018-05-06 06:17:53
00000000-0000-0000-0000-000000000062_135536	00000000-0000-0000-0000-000000000062	135536	Poor story	2018-05-06 06:18:07
00000000-0000-0000-0000-000000000062_135536	00000000-0000-0000-0000-000000000062	135536	poorly paced	2018-05-06 06:18:03
00000000-0000-0000-0000-000000000062_135536	00000000-0000-0000-0000-000000000062	135536	superhero	2018-05-06 06:18:23
00000000-0000-0000-0000-000000000062_135536	00000000-0000-0000-0000-000000000062	135536	visually appealing	2018-05-06 06:18:29
00000000-0000-0000-0000-000000000062_135536	00000000-0000-0000-0000-000000000062	135536	Will Smith	2018-05-06 06:17:56
00000000-0000-0000-0000-000000000062_136864	00000000-0000-0000-0000-000000000062	136864	action	2018-05-06 06:20:42
00000000-0000-0000-0000-000000000062_136864	00000000-0000-0000-0000-000000000062	136864	batman	2018-05-06 06:20:11
00000000-0000-0000-0000-000000000062_136864	00000000-0000-0000-0000-000000000062	136864	ben affleck	2018-05-06 06:20:23
00000000-0000-0000-0000-000000000062_136864	00000000-0000-0000-0000-000000000062	136864	dark	2018-05-06 06:20:27
00000000-0000-0000-0000-000000000062_136864	00000000-0000-0000-0000-000000000062	136864	dc comics	2018-05-06 06:20:25
00000000-0000-0000-0000-000000000062_136864	00000000-0000-0000-0000-000000000062	136864	Gal Gadot	2018-05-06 06:20:40
00000000-0000-0000-0000-000000000062_136864	00000000-0000-0000-0000-000000000062	136864	superhero	2018-05-06 06:20:43
00000000-0000-0000-0000-000000000062_136864	00000000-0000-0000-0000-000000000062	136864	superman	2018-05-06 06:20:13
00000000-0000-0000-0000-000000000062_136864	00000000-0000-0000-0000-000000000062	136864	wonderwoman	2018-05-06 06:20:33
00000000-0000-0000-0000-000000000062_139385	00000000-0000-0000-0000-000000000062	139385	leonardo DiCarpio	2018-05-12 07:50:25
00000000-0000-0000-0000-000000000062_139385	00000000-0000-0000-0000-000000000062	139385	survival	2018-05-12 07:50:19
00000000-0000-0000-0000-000000000062_139385	00000000-0000-0000-0000-000000000062	139385	tom hardy	2018-05-12 07:50:29
00000000-0000-0000-0000-000000000062_139385	00000000-0000-0000-0000-000000000062	139385	visually appealing	2018-05-12 07:50:38
00000000-0000-0000-0000-000000000062_158966	00000000-0000-0000-0000-000000000062	158966	building a family	2018-05-12 07:05:53
00000000-0000-0000-0000-000000000062_158966	00000000-0000-0000-0000-000000000062	158966	creative	2018-05-12 07:05:41
00000000-0000-0000-0000-000000000062_158966	00000000-0000-0000-0000-000000000062	158966	freedom	2018-05-12 07:05:39
00000000-0000-0000-0000-000000000062_158966	00000000-0000-0000-0000-000000000062	158966	good writing	2018-05-12 07:05:50
00000000-0000-0000-0000-000000000062_158966	00000000-0000-0000-0000-000000000062	158966	individualism	2018-05-12 07:05:44
00000000-0000-0000-0000-000000000062_158966	00000000-0000-0000-0000-000000000062	158966	Viggo Mortensen	2018-05-12 07:05:42
00000000-0000-0000-0000-000000000062_168248	00000000-0000-0000-0000-000000000062	168248	action	2018-06-05 07:44:55
00000000-0000-0000-0000-000000000062_168248	00000000-0000-0000-0000-000000000062	168248	dark hero	2018-06-05 07:44:51
00000000-0000-0000-0000-000000000062_168248	00000000-0000-0000-0000-000000000062	168248	gun tactics	2018-06-05 07:44:47
00000000-0000-0000-0000-000000000062_168248	00000000-0000-0000-0000-000000000062	168248	hitman	2018-06-05 07:44:53
00000000-0000-0000-0000-000000000062_168248	00000000-0000-0000-0000-000000000062	168248	Keanu Reeves	2018-06-05 07:44:44
00000000-0000-0000-0000-000000000062_168248	00000000-0000-0000-0000-000000000062	168248	organized crime	2018-06-05 07:44:49
00000000-0000-0000-0000-000000000062_168248	00000000-0000-0000-0000-000000000062	168248	secret society	2018-06-05 07:44:42
00000000-0000-0000-0000-000000000062_174053	00000000-0000-0000-0000-000000000062	174053	Dystopia	2018-05-07 05:09:01
00000000-0000-0000-0000-000000000062_174053	00000000-0000-0000-0000-000000000062	174053	future	2018-05-07 05:09:03
00000000-0000-0000-0000-000000000062_174053	00000000-0000-0000-0000-000000000062	174053	interesting	2018-05-07 05:09:06
00000000-0000-0000-0000-000000000062_174053	00000000-0000-0000-0000-000000000062	174053	jon hamm	2018-05-07 05:09:44
00000000-0000-0000-0000-000000000062_174053	00000000-0000-0000-0000-000000000062	174053	thought provoking	2018-05-07 05:09:04
00000000-0000-0000-0000-000000000062_179401	00000000-0000-0000-0000-000000000062	179401	Action	2018-06-14 09:02:18
00000000-0000-0000-0000-000000000062_179401	00000000-0000-0000-0000-000000000062	179401	Comedy	2018-06-14 09:02:14
00000000-0000-0000-0000-000000000062_179401	00000000-0000-0000-0000-000000000062	179401	Dwayne Johnson	2018-06-14 09:02:20
00000000-0000-0000-0000-000000000062_179401	00000000-0000-0000-0000-000000000062	179401	funny	2018-06-14 09:02:16
00000000-0000-0000-0000-000000000062_183611	00000000-0000-0000-0000-000000000062	183611	Comedy	2018-05-14 05:51:29
00000000-0000-0000-0000-000000000062_183611	00000000-0000-0000-0000-000000000062	183611	funny	2018-05-14 05:51:28
00000000-0000-0000-0000-000000000062_183611	00000000-0000-0000-0000-000000000062	183611	Rachel McAdams	2018-05-14 05:51:49
00000000-0000-0000-0000-000000000062_184471	00000000-0000-0000-0000-000000000062	184471	adventure	2018-06-03 20:21:40
00000000-0000-0000-0000-000000000062_184471	00000000-0000-0000-0000-000000000062	184471	Alicia Vikander	2018-06-03 20:21:54
00000000-0000-0000-0000-000000000062_184471	00000000-0000-0000-0000-000000000062	184471	video game adaptation	2018-06-03 20:21:38
00000000-0000-0000-0000-000000000062_187593	00000000-0000-0000-0000-000000000062	187593	Josh Brolin	2018-05-26 03:48:16
00000000-0000-0000-0000-000000000062_187593	00000000-0000-0000-0000-000000000062	187593	Ryan Reynolds	2018-05-26 03:48:12
00000000-0000-0000-0000-000000000062_187593	00000000-0000-0000-0000-000000000062	187593	sarcasm	2018-05-26 03:48:10
00000000-0000-0000-0000-000000000062_187595	00000000-0000-0000-0000-000000000062	187595	Emilia Clarke	2018-06-14 09:02:40
00000000-0000-0000-0000-000000000062_187595	00000000-0000-0000-0000-000000000062	187595	star wars	2018-06-14 09:02:32
00000000-0000-0000-0000-000000000063_000260	00000000-0000-0000-0000-000000000063	260	classic	2015-09-26 01:48:18
00000000-0000-0000-0000-000000000063_000260	00000000-0000-0000-0000-000000000063	260	space action	2015-09-26 01:48:30
00000000-0000-0000-0000-000000000076_000260	00000000-0000-0000-0000-000000000076	260	action	2015-08-10 09:13:14
00000000-0000-0000-0000-000000000076_000260	00000000-0000-0000-0000-000000000076	260	sci-fi	2015-08-10 09:13:08
00000000-0000-0000-0000-000000000103_000260	00000000-0000-0000-0000-000000000103	260	EPIC	2015-05-18 22:05:12
00000000-0000-0000-0000-000000000103_000260	00000000-0000-0000-0000-000000000103	260	great soundtrack	2015-05-18 22:05:37
00000000-0000-0000-0000-000000000103_000296	00000000-0000-0000-0000-000000000103	296	good dialogue	2015-05-18 22:09:15
00000000-0000-0000-0000-000000000103_000296	00000000-0000-0000-0000-000000000103	296	great soundtrack	2015-05-18 22:09:15
00000000-0000-0000-0000-000000000103_000296	00000000-0000-0000-0000-000000000103	296	non-linear	2015-05-18 22:09:15
00000000-0000-0000-0000-000000000106_004896	00000000-0000-0000-0000-000000000106	4896	Everything you want is here	2016-07-04 02:29:04
00000000-0000-0000-0000-000000000106_106489	00000000-0000-0000-0000-000000000106	106489	adventure	2016-07-04 02:29:39
00000000-0000-0000-0000-000000000112_000260	00000000-0000-0000-0000-000000000112	260	classic sci-fi	2015-09-18 09:21:22
00000000-0000-0000-0000-000000000112_000260	00000000-0000-0000-0000-000000000112	260	engrossing adventure	2015-09-18 09:21:13
00000000-0000-0000-0000-000000000112_000260	00000000-0000-0000-0000-000000000112	260	EPIC	2015-09-18 09:21:06
00000000-0000-0000-0000-000000000119_000260	00000000-0000-0000-0000-000000000119	260	classic	2015-07-04 01:55:30
00000000-0000-0000-0000-000000000119_000260	00000000-0000-0000-0000-000000000119	260	Nerd	2015-07-04 01:55:20
00000000-0000-0000-0000-000000000119_101142	00000000-0000-0000-0000-000000000119	101142	animation	2015-07-11 06:17:47
00000000-0000-0000-0000-000000000119_101142	00000000-0000-0000-0000-000000000119	101142	funny	2015-07-11 06:17:47
00000000-0000-0000-0000-000000000119_101142	00000000-0000-0000-0000-000000000119	101142	stone age	2015-07-11 06:17:47
00000000-0000-0000-0000-000000000119_115149	00000000-0000-0000-0000-000000000119	115149	action	2015-07-25 03:39:03
00000000-0000-0000-0000-000000000119_115149	00000000-0000-0000-0000-000000000119	115149	killer	2015-07-25 03:39:03
00000000-0000-0000-0000-000000000119_115149	00000000-0000-0000-0000-000000000119	115149	widows/widowers	2015-07-25 03:39:03
00000000-0000-0000-0000-000000000119_115617	00000000-0000-0000-0000-000000000119	115617	animation	2015-07-04 02:34:50
00000000-0000-0000-0000-000000000119_115617	00000000-0000-0000-0000-000000000119	115617	kids	2015-07-04 02:34:50
00000000-0000-0000-0000-000000000119_115617	00000000-0000-0000-0000-000000000119	115617	robots	2015-07-04 02:34:50
00000000-0000-0000-0000-000000000119_120635	00000000-0000-0000-0000-000000000119	120635	action	2015-08-01 23:28:26
00000000-0000-0000-0000-000000000119_120635	00000000-0000-0000-0000-000000000119	120635	murder	2015-08-01 23:28:26
00000000-0000-0000-0000-000000000119_120635	00000000-0000-0000-0000-000000000119	120635	police	2015-08-01 23:28:26
00000000-0000-0000-0000-000000000125_001726	00000000-0000-0000-0000-000000000125	1726	Kevin Costner	2016-09-22 03:41:57
00000000-0000-0000-0000-000000000125_001726	00000000-0000-0000-0000-000000000125	1726	Post apocalyptic	2016-09-22 03:42:00
00000000-0000-0000-0000-000000000125_002387	00000000-0000-0000-0000-000000000125	2387	dark comedy	2016-09-20 23:37:05
00000000-0000-0000-0000-000000000125_002387	00000000-0000-0000-0000-000000000125	2387	dark humor	2016-09-20 23:37:03
00000000-0000-0000-0000-000000000125_003052	00000000-0000-0000-0000-000000000125	3052	irreverent	2016-09-23 09:54:32
00000000-0000-0000-0000-000000000125_003052	00000000-0000-0000-0000-000000000125	3052	jay and silent bob	2016-09-23 09:53:24
00000000-0000-0000-0000-000000000125_003052	00000000-0000-0000-0000-000000000125	3052	Kevin Smith	2016-09-23 09:53:20
00000000-0000-0000-0000-000000000125_003052	00000000-0000-0000-0000-000000000125	3052	satire	2016-09-23 09:53:17
00000000-0000-0000-0000-000000000125_005088	00000000-0000-0000-0000-000000000125	5088	irreverent	2016-09-23 09:56:47
00000000-0000-0000-0000-000000000125_007022	00000000-0000-0000-0000-000000000125	7022	based on a book	2016-09-20 23:29:09
00000000-0000-0000-0000-000000000125_007022	00000000-0000-0000-0000-000000000125	7022	bloody	2016-09-20 23:29:15
00000000-0000-0000-0000-000000000125_007022	00000000-0000-0000-0000-000000000125	7022	brutal	2016-09-20 23:26:52
00000000-0000-0000-0000-000000000125_007022	00000000-0000-0000-0000-000000000125	7022	controversial	2016-09-20 23:30:12
00000000-0000-0000-0000-000000000125_007022	00000000-0000-0000-0000-000000000125	7022	dystopia	2016-09-20 23:29:39
00000000-0000-0000-0000-000000000125_007022	00000000-0000-0000-0000-000000000125	7022	goretastic	2016-09-20 23:29:46
00000000-0000-0000-0000-000000000125_007022	00000000-0000-0000-0000-000000000125	7022	satire	2016-09-20 23:28:59
00000000-0000-0000-0000-000000000125_007022	00000000-0000-0000-0000-000000000125	7022	social commentary	2016-09-20 23:29:48
00000000-0000-0000-0000-000000000125_007022	00000000-0000-0000-0000-000000000125	7022	survival	2016-09-20 23:26:49
00000000-0000-0000-0000-000000000125_007022	00000000-0000-0000-0000-000000000125	7022	violence	2016-09-20 23:29:05
00000000-0000-0000-0000-000000000125_007254	00000000-0000-0000-0000-000000000125	7254	alternate reality	2016-09-20 23:24:01
00000000-0000-0000-0000-000000000125_007254	00000000-0000-0000-0000-000000000125	7254	sci-fi	2016-09-20 23:24:08
00000000-0000-0000-0000-000000000125_007254	00000000-0000-0000-0000-000000000125	7254	science fiction	2016-09-20 23:24:15
00000000-0000-0000-0000-000000000125_007254	00000000-0000-0000-0000-000000000125	7254	time travel	2016-09-20 23:23:59
00000000-0000-0000-0000-000000000125_008957	00000000-0000-0000-0000-000000000125	8957	brutal	2016-09-20 23:33:21
00000000-0000-0000-0000-000000000125_008957	00000000-0000-0000-0000-000000000125	8957	clever	2016-09-20 23:33:39
00000000-0000-0000-0000-000000000125_008957	00000000-0000-0000-0000-000000000125	8957	Disturbing	2016-09-20 23:33:35
00000000-0000-0000-0000-000000000125_008957	00000000-0000-0000-0000-000000000125	8957	great ending	2016-09-20 23:33:07
00000000-0000-0000-0000-000000000125_008957	00000000-0000-0000-0000-000000000125	8957	mindfuck	2016-09-20 23:33:02
00000000-0000-0000-0000-000000000125_008957	00000000-0000-0000-0000-000000000125	8957	surprise ending	2016-09-20 23:32:53
00000000-0000-0000-0000-000000000125_008957	00000000-0000-0000-0000-000000000125	8957	suspense	2016-09-20 23:33:14
00000000-0000-0000-0000-000000000125_009010	00000000-0000-0000-0000-000000000125	9010	cruel characters	2016-09-20 23:25:29
00000000-0000-0000-0000-000000000125_042632	00000000-0000-0000-0000-000000000125	42632	brutality	2016-09-20 23:24:52
00000000-0000-0000-0000-000000000125_058301	00000000-0000-0000-0000-000000000125	58301	dark humor	2016-09-20 23:26:01
00000000-0000-0000-0000-000000000125_060950	00000000-0000-0000-0000-000000000125	60950	threesome	2016-09-23 09:50:17
00000000-0000-0000-0000-000000000125_062434	00000000-0000-0000-0000-000000000125	62434	Seth Rogen	2016-09-23 10:01:16
00000000-0000-0000-0000-000000000125_062434	00000000-0000-0000-0000-000000000125	62434	Sexual Humor	2016-09-23 10:01:13
00000000-0000-0000-0000-000000000125_067695	00000000-0000-0000-0000-000000000125	67695	Seth Rogen	2016-09-20 23:35:23
00000000-0000-0000-0000-000000000125_100083	00000000-0000-0000-0000-000000000125	100083	embarassing scenes	2016-09-20 22:11:15
00000000-0000-0000-0000-000000000125_100083	00000000-0000-0000-0000-000000000125	100083	offensive	2016-09-20 22:11:00
00000000-0000-0000-0000-000000000125_100083	00000000-0000-0000-0000-000000000125	100083	R language	2016-09-20 22:10:35
00000000-0000-0000-0000-000000000125_100083	00000000-0000-0000-0000-000000000125	100083	sarcasm	2016-09-20 22:10:15
00000000-0000-0000-0000-000000000125_100083	00000000-0000-0000-0000-000000000125	100083	satire	2016-09-20 23:31:41
00000000-0000-0000-0000-000000000125_156371	00000000-0000-0000-0000-000000000125	156371	80's	2016-09-21 23:55:00
00000000-0000-0000-0000-000000000125_158872	00000000-0000-0000-0000-000000000125	158872	Crude humor	2016-09-20 23:33:55
00000000-0000-0000-0000-000000000125_158872	00000000-0000-0000-0000-000000000125	158872	mindfuck	2016-09-20 23:34:47
00000000-0000-0000-0000-000000000125_158872	00000000-0000-0000-0000-000000000125	158872	sarcasm	2016-09-20 23:34:13
00000000-0000-0000-0000-000000000125_158872	00000000-0000-0000-0000-000000000125	158872	satire	2016-09-20 23:34:07
00000000-0000-0000-0000-000000000125_158872	00000000-0000-0000-0000-000000000125	158872	Vulgar	2016-09-20 23:35:00
00000000-0000-0000-0000-000000000132_003556	00000000-0000-0000-0000-000000000132	3556	sofia coppola	2006-11-10 17:40:16
00000000-0000-0000-0000-000000000132_006323	00000000-0000-0000-0000-000000000132	6323	John Cusack	2006-10-26 03:14:01
00000000-0000-0000-0000-000000000132_006367	00000000-0000-0000-0000-000000000132	6367	Ewan McGregor	2006-10-26 03:11:25
00000000-0000-0000-0000-000000000132_006367	00000000-0000-0000-0000-000000000132	6367	Renee Zellweger	2006-10-26 03:12:31
00000000-0000-0000-0000-000000000138_059103	00000000-0000-0000-0000-000000000138	59103	jackie chan	2008-09-29 17:19:54
00000000-0000-0000-0000-000000000138_059103	00000000-0000-0000-0000-000000000138	59103	kung fu	2008-09-29 17:20:05
00000000-0000-0000-0000-000000000161_052287	00000000-0000-0000-0000-000000000161	52287	Something for everyone in this one... saw it without and plan on seeing it with kids!	2007-04-14 06:14:21
00000000-0000-0000-0000-000000000166_000293	00000000-0000-0000-0000-000000000166	293	assassin	2007-09-03 08:08:04
00000000-0000-0000-0000-000000000166_000293	00000000-0000-0000-0000-000000000166	293	Jean Reno	2007-09-03 08:08:07
00000000-0000-0000-0000-000000000166_054286	00000000-0000-0000-0000-000000000166	54286	assassin	2007-09-03 08:08:39
00000000-0000-0000-0000-000000000166_054286	00000000-0000-0000-0000-000000000166	54286	assassin-in-training (scene)	2007-09-03 08:08:37
00000000-0000-0000-0000-000000000166_054286	00000000-0000-0000-0000-000000000166	54286	espionage	2007-09-03 08:08:35
00000000-0000-0000-0000-000000000166_054286	00000000-0000-0000-0000-000000000166	54286	Robert Ludlum	2007-09-03 08:08:44
00000000-0000-0000-0000-000000000167_000104	00000000-0000-0000-0000-000000000167	104	test tag	2006-08-05 04:14:32
00000000-0000-0000-0000-000000000177_115617	00000000-0000-0000-0000-000000000177	115617	feel-good	2015-06-29 05:37:56
00000000-0000-0000-0000-000000000177_115617	00000000-0000-0000-0000-000000000177	115617	fun family movie	2015-06-29 05:37:56
00000000-0000-0000-0000-000000000177_115617	00000000-0000-0000-0000-000000000177	115617	very funny	2015-06-29 05:37:56
00000000-0000-0000-0000-000000000184_002579	00000000-0000-0000-0000-000000000184	2579	black and white	2018-09-16 19:38:27
00000000-0000-0000-0000-000000000184_002579	00000000-0000-0000-0000-000000000184	2579	Christopher Nolan	2018-09-16 19:38:46
00000000-0000-0000-0000-000000000184_002579	00000000-0000-0000-0000-000000000184	2579	directorial debut	2018-09-16 19:38:43
00000000-0000-0000-0000-000000000184_002579	00000000-0000-0000-0000-000000000184	2579	mindfuck	2018-09-16 19:39:35
00000000-0000-0000-0000-000000000184_002579	00000000-0000-0000-0000-000000000184	2579	not linear	2018-09-16 19:38:38
00000000-0000-0000-0000-000000000184_002579	00000000-0000-0000-0000-000000000184	2579	Twist Ending	2018-09-16 19:38:29
00000000-0000-0000-0000-000000000184_003793	00000000-0000-0000-0000-000000000184	3793	action	2018-09-16 19:39:41
00000000-0000-0000-0000-000000000184_003793	00000000-0000-0000-0000-000000000184	3793	comic book	2018-09-16 19:39:19
00000000-0000-0000-0000-000000000184_003793	00000000-0000-0000-0000-000000000184	3793	hugh jackman	2018-09-16 19:39:30
00000000-0000-0000-0000-000000000184_003793	00000000-0000-0000-0000-000000000184	3793	marvel	2018-09-16 19:39:26
00000000-0000-0000-0000-000000000184_003793	00000000-0000-0000-0000-000000000184	3793	superhero	2018-09-16 19:39:14
00000000-0000-0000-0000-000000000184_004226	00000000-0000-0000-0000-000000000184	4226	dark	2018-09-16 19:40:53
00000000-0000-0000-0000-000000000184_004226	00000000-0000-0000-0000-000000000184	4226	Mindfuck	2018-09-16 19:41:04
00000000-0000-0000-0000-000000000184_004226	00000000-0000-0000-0000-000000000184	4226	nonlinear	2018-09-16 19:40:45
00000000-0000-0000-0000-000000000184_004226	00000000-0000-0000-0000-000000000184	4226	psychology	2018-09-16 19:40:48
00000000-0000-0000-0000-000000000184_004226	00000000-0000-0000-0000-000000000184	4226	twist ending	2018-09-16 19:40:47
00000000-0000-0000-0000-000000000184_004896	00000000-0000-0000-0000-000000000184	4896	alan rickman	2018-09-16 19:42:56
00000000-0000-0000-0000-000000000184_004896	00000000-0000-0000-0000-000000000184	4896	harry potter	2018-09-16 19:42:24
00000000-0000-0000-0000-000000000184_004896	00000000-0000-0000-0000-000000000184	4896	humorous	2018-09-16 19:42:30
00000000-0000-0000-0000-000000000184_004896	00000000-0000-0000-0000-000000000184	4896	Magic	2018-09-16 19:42:10
00000000-0000-0000-0000-000000000184_005388	00000000-0000-0000-0000-000000000184	5388	atmospheric	2018-09-16 19:44:40
00000000-0000-0000-0000-000000000184_005388	00000000-0000-0000-0000-000000000184	5388	insomnia	2018-09-16 19:44:48
00000000-0000-0000-0000-000000000184_005388	00000000-0000-0000-0000-000000000184	5388	thought-provoking	2018-09-16 19:44:45
00000000-0000-0000-0000-000000000184_006283	00000000-0000-0000-0000-000000000184	6283	amazing artwork	2018-09-16 19:41:46
00000000-0000-0000-0000-000000000184_006283	00000000-0000-0000-0000-000000000184	6283	anime	2018-09-16 19:41:27
00000000-0000-0000-0000-000000000184_006283	00000000-0000-0000-0000-000000000184	6283	sci-fi	2018-09-16 19:41:43
00000000-0000-0000-0000-000000000184_027156	00000000-0000-0000-0000-000000000184	27156	anime	2018-09-16 19:37:41
00000000-0000-0000-0000-000000000184_027156	00000000-0000-0000-0000-000000000184	27156	end of the world	2018-09-16 19:37:49
00000000-0000-0000-0000-000000000184_027156	00000000-0000-0000-0000-000000000184	27156	epic	2018-09-16 19:37:50
00000000-0000-0000-0000-000000000184_027156	00000000-0000-0000-0000-000000000184	27156	mecha	2018-09-16 19:37:58
00000000-0000-0000-0000-000000000184_027156	00000000-0000-0000-0000-000000000184	27156	psychology	2018-09-16 19:37:43
00000000-0000-0000-0000-000000000184_193565	00000000-0000-0000-0000-000000000184	193565	anime	2018-09-16 20:49:42
00000000-0000-0000-0000-000000000184_193565	00000000-0000-0000-0000-000000000184	193565	comedy	2018-09-16 20:49:47
00000000-0000-0000-0000-000000000184_193565	00000000-0000-0000-0000-000000000184	193565	gintama	2018-09-16 20:50:03
00000000-0000-0000-0000-000000000184_193565	00000000-0000-0000-0000-000000000184	193565	remaster	2018-09-16 20:49:52
00000000-0000-0000-0000-000000000193_000260	00000000-0000-0000-0000-000000000193	260	classic sci-fi	2015-07-03 02:09:00
00000000-0000-0000-0000-000000000193_000260	00000000-0000-0000-0000-000000000193	260	space action	2015-07-03 02:09:15
00000000-0000-0000-0000-000000000193_000260	00000000-0000-0000-0000-000000000193	260	space epic	2015-07-03 02:09:10
00000000-0000-0000-0000-000000000193_004878	00000000-0000-0000-0000-000000000193	4878	atmospheric	2015-07-03 02:12:30
00000000-0000-0000-0000-000000000193_004878	00000000-0000-0000-0000-000000000193	4878	cult film	2015-07-03 02:12:11
00000000-0000-0000-0000-000000000193_004878	00000000-0000-0000-0000-000000000193	4878	dreamlike	2015-07-03 02:12:19
00000000-0000-0000-0000-000000000193_004878	00000000-0000-0000-0000-000000000193	4878	hallucinatory	2015-07-03 02:12:24
00000000-0000-0000-0000-000000000193_004878	00000000-0000-0000-0000-000000000193	4878	psychological	2015-07-03 02:12:27
00000000-0000-0000-0000-000000000193_004878	00000000-0000-0000-0000-000000000193	4878	surreal	2015-07-03 02:12:08
00000000-0000-0000-0000-000000000193_004878	00000000-0000-0000-0000-000000000193	4878	time travel	2015-07-03 02:12:15
00000000-0000-0000-0000-000000000193_007147	00000000-0000-0000-0000-000000000193	7147	dreamlike	2015-07-03 02:10:17
00000000-0000-0000-0000-000000000193_007147	00000000-0000-0000-0000-000000000193	7147	sentimental	2015-07-03 02:10:38
00000000-0000-0000-0000-000000000193_007147	00000000-0000-0000-0000-000000000193	7147	surreal	2015-07-03 02:10:20
00000000-0000-0000-0000-000000000193_007147	00000000-0000-0000-0000-000000000193	7147	Tim Burton	2015-07-03 02:10:24
00000000-0000-0000-0000-000000000193_007361	00000000-0000-0000-0000-000000000193	7361	alternate reality	2015-07-03 02:12:48
00000000-0000-0000-0000-000000000193_007361	00000000-0000-0000-0000-000000000193	7361	memory	2015-07-03 02:12:51
00000000-0000-0000-0000-000000000193_007361	00000000-0000-0000-0000-000000000193	7361	thought-provoking	2015-07-03 02:12:43
00000000-0000-0000-0000-000000000193_097938	00000000-0000-0000-0000-000000000193	97938	cinematography	2015-07-03 02:11:41
00000000-0000-0000-0000-000000000193_097938	00000000-0000-0000-0000-000000000193	97938	India	2015-07-03 02:11:32
00000000-0000-0000-0000-000000000193_097938	00000000-0000-0000-0000-000000000193	97938	surreal	2015-07-03 02:11:16
00000000-0000-0000-0000-000000000205_000260	00000000-0000-0000-0000-000000000205	260	oldie but goodie	2018-03-01 19:11:41
00000000-0000-0000-0000-000000000205_000260	00000000-0000-0000-0000-000000000205	260	sci-fi	2018-03-01 19:11:18
00000000-0000-0000-0000-000000000205_000260	00000000-0000-0000-0000-000000000205	260	Star Wars	2018-03-01 19:11:48
00000000-0000-0000-0000-000000000226_006938	00000000-0000-0000-0000-000000000226	6938	big wave	2006-10-13 04:29:22
00000000-0000-0000-0000-000000000226_006938	00000000-0000-0000-0000-000000000226	6938	surfing	2006-10-13 04:29:22
00000000-0000-0000-0000-000000000226_048780	00000000-0000-0000-0000-000000000226	48780	ummarti2006	2006-10-23 23:57:15
00000000-0000-0000-0000-000000000256_126548	00000000-0000-0000-0000-000000000256	126548	funny	2015-11-15 05:23:12
00000000-0000-0000-0000-000000000256_126548	00000000-0000-0000-0000-000000000256	126548	high school	2015-11-15 05:22:55
00000000-0000-0000-0000-000000000274_068319	00000000-0000-0000-0000-000000000274	68319	comic book	2009-05-08 15:02:57
00000000-0000-0000-0000-000000000288_007020	00000000-0000-0000-0000-000000000288	7020	Notable Nudity	2006-06-22 23:54:37
00000000-0000-0000-0000-000000000289_000003	00000000-0000-0000-0000-000000000289	3	moldy	2006-03-27 11:01:00
00000000-0000-0000-0000-000000000289_000003	00000000-0000-0000-0000-000000000289	3	old	2006-03-27 11:01:00
00000000-0000-0000-0000-000000000289_000527	00000000-0000-0000-0000-000000000289	527	moving	2006-03-27 11:01:35
00000000-0000-0000-0000-000000000289_001101	00000000-0000-0000-0000-000000000289	1101	predictable	2006-03-27 11:00:46
00000000-0000-0000-0000-000000000291_050872	00000000-0000-0000-0000-000000000291	50872	a clever chef rat	2016-01-18 02:25:51
00000000-0000-0000-0000-000000000291_050872	00000000-0000-0000-0000-000000000291	50872	inspirational	2016-01-18 02:25:59
00000000-0000-0000-0000-000000000291_102007	00000000-0000-0000-0000-000000000291	102007	animation	2016-01-19 01:37:27
00000000-0000-0000-0000-000000000291_118696	00000000-0000-0000-0000-000000000291	118696	hope	2016-01-19 01:37:59
00000000-0000-0000-0000-000000000300_006711	00000000-0000-0000-0000-000000000300	6711	atmospheric	2015-03-03 12:12:23
00000000-0000-0000-0000-000000000305_004034	00000000-0000-0000-0000-000000000305	4034	drugs	2016-05-11 07:35:21
00000000-0000-0000-0000-000000000305_004995	00000000-0000-0000-0000-000000000305	4995	mathematics	2016-05-28 18:46:23
00000000-0000-0000-0000-000000000305_006502	00000000-0000-0000-0000-000000000305	6502	zombies	2018-05-03 00:19:19
00000000-0000-0000-0000-000000000305_006953	00000000-0000-0000-0000-000000000305	6953	DEPRESSING	2016-05-05 06:40:32
00000000-0000-0000-0000-000000000305_008641	00000000-0000-0000-0000-000000000305	8641	stupid	2018-03-11 03:37:58
00000000-0000-0000-0000-000000000305_034405	00000000-0000-0000-0000-000000000305	34405	predictable	2018-03-06 06:22:01
00000000-0000-0000-0000-000000000305_055721	00000000-0000-0000-0000-000000000305	55721	Favelas	2016-05-11 07:36:17
00000000-0000-0000-0000-000000000305_083134	00000000-0000-0000-0000-000000000305	83134	black comedy	2018-02-17 05:04:37
00000000-0000-0000-0000-000000000318_000778	00000000-0000-0000-0000-000000000318	778	based on a book	2010-02-17 21:11:50
00000000-0000-0000-0000-000000000318_000778	00000000-0000-0000-0000-000000000318	778	dark comedy	2010-02-17 21:11:47
00000000-0000-0000-0000-000000000318_000778	00000000-0000-0000-0000-000000000318	778	narrated	2010-02-17 21:11:43
00000000-0000-0000-0000-000000000318_004612	00000000-0000-0000-0000-000000000318	4612	reciprocal spectator	2014-11-16 06:21:52
00000000-0000-0000-0000-000000000318_004708	00000000-0000-0000-0000-000000000318	4708	reciprocal spectator	2014-11-16 06:21:30
00000000-0000-0000-0000-000000000318_006400	00000000-0000-0000-0000-000000000318	6400	documentary	2011-09-07 03:18:56
00000000-0000-0000-0000-000000000318_030892	00000000-0000-0000-0000-000000000318	30892	Animation	2009-04-20 01:29:50
00000000-0000-0000-0000-000000000318_030892	00000000-0000-0000-0000-000000000318	30892	Documentary	2009-04-20 01:29:11
00000000-0000-0000-0000-000000000318_030892	00000000-0000-0000-0000-000000000318	30892	Henry Darger	2009-04-20 01:29:20
00000000-0000-0000-0000-000000000318_048698	00000000-0000-0000-0000-000000000318	48698	the catholic church is the most corrupt organization in history	2010-06-08 23:09:49
00000000-0000-0000-0000-000000000318_064034	00000000-0000-0000-0000-000000000318	64034	childish naivity	2009-05-13 05:33:24
00000000-0000-0000-0000-000000000318_064034	00000000-0000-0000-0000-000000000318	64034	friendship	2009-05-13 05:33:47
00000000-0000-0000-0000-000000000318_068954	00000000-0000-0000-0000-000000000318	68954	adventure	2010-02-17 21:10:34
00000000-0000-0000-0000-000000000318_068954	00000000-0000-0000-0000-000000000318	68954	Bechdel Test:Fail	2010-02-17 21:10:41
00000000-0000-0000-0000-000000000318_068954	00000000-0000-0000-0000-000000000318	68954	cartoon	2010-02-17 21:10:38
00000000-0000-0000-0000-000000000318_068954	00000000-0000-0000-0000-000000000318	68954	children	2010-02-17 21:10:43
00000000-0000-0000-0000-000000000318_068954	00000000-0000-0000-0000-000000000318	68954	computer animation	2010-02-17 21:10:45
00000000-0000-0000-0000-000000000318_068954	00000000-0000-0000-0000-000000000318	68954	divorce	2010-02-17 21:10:56
00000000-0000-0000-0000-000000000318_068954	00000000-0000-0000-0000-000000000318	68954	dogs	2010-02-17 21:10:58
00000000-0000-0000-0000-000000000318_068954	00000000-0000-0000-0000-000000000318	68954	dreams	2010-02-17 21:11:02
00000000-0000-0000-0000-000000000318_068954	00000000-0000-0000-0000-000000000318	68954	Pixar	2010-02-17 21:11:15
00000000-0000-0000-0000-000000000318_071494	00000000-0000-0000-0000-000000000318	71494	Narrative pisstake	2015-03-20 01:49:01
00000000-0000-0000-0000-000000000318_081158	00000000-0000-0000-0000-000000000318	81158	american idolatry	2011-03-07 08:09:14
00000000-0000-0000-0000-000000000318_082459	00000000-0000-0000-0000-000000000318	82459	atmospheric	2011-03-19 06:57:43
00000000-0000-0000-0000-000000000318_082459	00000000-0000-0000-0000-000000000318	82459	Coen Brothers	2011-03-19 06:57:57
00000000-0000-0000-0000-000000000318_082459	00000000-0000-0000-0000-000000000318	82459	Jeff Bridges	2011-03-19 06:57:59
00000000-0000-0000-0000-000000000318_082459	00000000-0000-0000-0000-000000000318	82459	Matt Damon	2011-03-19 06:58:00
00000000-0000-0000-0000-000000000318_082459	00000000-0000-0000-0000-000000000318	82459	predictable	2011-03-19 06:56:45
00000000-0000-0000-0000-000000000318_090769	00000000-0000-0000-0000-000000000318	90769	celebrity fetishism	2015-01-29 18:38:40
00000000-0000-0000-0000-000000000318_090769	00000000-0000-0000-0000-000000000318	90769	mediacentralism	2015-01-29 18:38:40
00000000-0000-0000-0000-000000000318_090769	00000000-0000-0000-0000-000000000318	90769	system holism	2015-01-29 18:38:40
00000000-0000-0000-0000-000000000318_096084	00000000-0000-0000-0000-000000000318	96084	city politics	2015-01-13 19:42:15
00000000-0000-0000-0000-000000000318_096084	00000000-0000-0000-0000-000000000318	96084	italy	2015-01-13 19:42:15
00000000-0000-0000-0000-000000000318_096084	00000000-0000-0000-0000-000000000318	96084	political right versus left	2015-01-13 19:42:15
00000000-0000-0000-0000-000000000318_111364	00000000-0000-0000-0000-000000000318	111364	Creature Feature	2014-10-31 03:31:58
00000000-0000-0000-0000-000000000318_118784	00000000-0000-0000-0000-000000000318	118784	documentary	2015-01-05 04:49:52
00000000-0000-0000-0000-000000000318_118784	00000000-0000-0000-0000-000000000318	118784	music industry	2015-01-05 04:49:52
00000000-0000-0000-0000-000000000318_118784	00000000-0000-0000-0000-000000000318	118784	remix culture	2015-01-05 04:49:52
00000000-0000-0000-0000-000000000318_127172	00000000-0000-0000-0000-000000000318	127172	film history	2015-02-06 20:36:05
00000000-0000-0000-0000-000000000318_127172	00000000-0000-0000-0000-000000000318	127172	poetic	2015-02-06 20:36:05
00000000-0000-0000-0000-000000000318_127172	00000000-0000-0000-0000-000000000318	127172	representation of children	2015-02-06 20:36:05
00000000-0000-0000-0000-000000000319_000364	00000000-0000-0000-0000-000000000319	364	Disney	2016-04-23 04:04:58
00000000-0000-0000-0000-000000000319_000364	00000000-0000-0000-0000-000000000319	364	Disney animated feature	2016-04-23 04:05:08
00000000-0000-0000-0000-000000000319_000364	00000000-0000-0000-0000-000000000319	364	Oscar (Best Music - Original Score)	2016-04-23 04:05:19
00000000-0000-0000-0000-000000000327_001288	00000000-0000-0000-0000-000000000327	1288	music	2009-02-16 22:14:28
00000000-0000-0000-0000-000000000327_001923	00000000-0000-0000-0000-000000000327	1923	Ben Stiller	2009-02-16 22:09:15
00000000-0000-0000-0000-000000000327_002616	00000000-0000-0000-0000-000000000327	2616	comic book	2009-02-16 21:58:18
00000000-0000-0000-0000-000000000327_003481	00000000-0000-0000-0000-000000000327	3481	music	2009-02-16 21:44:17
00000000-0000-0000-0000-000000000327_003897	00000000-0000-0000-0000-000000000327	3897	music	2009-02-16 21:56:19
00000000-0000-0000-0000-000000000327_008641	00000000-0000-0000-0000-000000000327	8641	awesome	2009-02-16 21:59:37
00000000-0000-0000-0000-000000000327_051255	00000000-0000-0000-0000-000000000327	51255	british comedy	2009-02-16 21:58:35
00000000-0000-0000-0000-000000000336_000001	00000000-0000-0000-0000-000000000336	1	pixar	2006-02-04 18:36:04
00000000-0000-0000-0000-000000000336_000153	00000000-0000-0000-0000-000000000336	153	superhero	2006-02-04 18:37:20
00000000-0000-0000-0000-000000000336_000552	00000000-0000-0000-0000-000000000336	552	knights	2006-02-04 18:37:05
00000000-0000-0000-0000-000000000336_001246	00000000-0000-0000-0000-000000000336	1246	highschool	2006-02-04 18:52:48
00000000-0000-0000-0000-000000000336_032587	00000000-0000-0000-0000-000000000336	32587	cult	2006-02-04 18:52:28
00000000-0000-0000-0000-000000000336_033660	00000000-0000-0000-0000-000000000336	33660	boksdrama	2006-02-04 18:43:23
00000000-0000-0000-0000-000000000336_034162	00000000-0000-0000-0000-000000000336	34162	stiller	2006-02-04 18:53:31
00000000-0000-0000-0000-000000000336_036529	00000000-0000-0000-0000-000000000336	36529	wapendrama	2006-02-04 18:44:49
00000000-0000-0000-0000-000000000336_037729	00000000-0000-0000-0000-000000000336	37729	animation	2006-02-04 19:01:34
00000000-0000-0000-0000-000000000336_038798	00000000-0000-0000-0000-000000000336	38798	sisters	2006-02-04 19:01:02
00000000-0000-0000-0000-000000000341_000260	00000000-0000-0000-0000-000000000341	260	ROBOTS AND ANDROIDS	2015-08-17 03:49:16
00000000-0000-0000-0000-000000000341_000260	00000000-0000-0000-0000-000000000341	260	space	2015-08-17 03:49:21
00000000-0000-0000-0000-000000000356_002146	00000000-0000-0000-0000-000000000356	2146	post-college	2008-12-13 13:36:35
00000000-0000-0000-0000-000000000356_037384	00000000-0000-0000-0000-000000000356	37384	restaurant	2008-12-13 13:27:38
00000000-0000-0000-0000-000000000356_040955	00000000-0000-0000-0000-000000000356	40955	transvestite	2008-12-13 12:58:09
00000000-0000-0000-0000-000000000356_044889	00000000-0000-0000-0000-000000000356	44889	satire	2008-12-13 13:01:03
00000000-0000-0000-0000-000000000356_061323	00000000-0000-0000-0000-000000000356	61323	dark comedy	2008-12-01 04:31:21
00000000-0000-0000-0000-000000000357_000039	00000000-0000-0000-0000-000000000357	39	chick flick	2012-09-26 11:51:07
00000000-0000-0000-0000-000000000357_000039	00000000-0000-0000-0000-000000000357	39	funny	2012-09-26 11:51:09
00000000-0000-0000-0000-000000000357_000039	00000000-0000-0000-0000-000000000357	39	Paul Rudd	2012-09-26 11:51:11
00000000-0000-0000-0000-000000000357_000039	00000000-0000-0000-0000-000000000357	39	quotable	2012-09-26 11:51:13
00000000-0000-0000-0000-000000000357_000039	00000000-0000-0000-0000-000000000357	39	seen more than once	2012-09-26 11:51:18
00000000-0000-0000-0000-000000000357_001059	00000000-0000-0000-0000-000000000357	1059	Amazing Cinematography	2012-09-26 11:40:35
00000000-0000-0000-0000-000000000357_001059	00000000-0000-0000-0000-000000000357	1059	Leonardo DiCaprio	2012-09-26 11:40:33
00000000-0000-0000-0000-000000000357_001059	00000000-0000-0000-0000-000000000357	1059	shakespeare	2012-09-26 11:41:04
00000000-0000-0000-0000-000000000357_001059	00000000-0000-0000-0000-000000000357	1059	updated classics	2012-09-26 11:40:43
00000000-0000-0000-0000-000000000357_002762	00000000-0000-0000-0000-000000000357	2762	Atmospheric	2012-09-26 11:35:02
00000000-0000-0000-0000-000000000357_002762	00000000-0000-0000-0000-000000000357	2762	Bruce Willis	2012-09-26 11:35:19
00000000-0000-0000-0000-000000000357_002762	00000000-0000-0000-0000-000000000357	2762	ghosts	2012-09-26 11:35:04
00000000-0000-0000-0000-000000000357_002762	00000000-0000-0000-0000-000000000357	2762	imdb top 250	2012-09-26 11:35:08
00000000-0000-0000-0000-000000000357_002762	00000000-0000-0000-0000-000000000357	2762	mindfuck	2012-09-26 11:35:10
00000000-0000-0000-0000-000000000357_002762	00000000-0000-0000-0000-000000000357	2762	stylized	2012-09-26 11:35:15
00000000-0000-0000-0000-000000000357_002762	00000000-0000-0000-0000-000000000357	2762	twist ending	2012-09-26 11:35:13
00000000-0000-0000-0000-000000000357_004370	00000000-0000-0000-0000-000000000357	4370	android(s)/cyborg(s)	2012-09-26 12:04:02
00000000-0000-0000-0000-000000000357_004370	00000000-0000-0000-0000-000000000357	4370	artificial intelligence	2012-09-26 12:03:58
00000000-0000-0000-0000-000000000357_004370	00000000-0000-0000-0000-000000000357	4370	Bittersweet	2012-09-26 12:03:48
00000000-0000-0000-0000-000000000357_004370	00000000-0000-0000-0000-000000000357	4370	Steven Spielberg	2012-09-26 12:03:55
00000000-0000-0000-0000-000000000357_005464	00000000-0000-0000-0000-000000000357	5464	cinematography	2012-09-26 11:39:34
00000000-0000-0000-0000-000000000357_005464	00000000-0000-0000-0000-000000000357	5464	Tom Hanks	2012-09-26 11:39:39
00000000-0000-0000-0000-000000000357_007078	00000000-0000-0000-0000-000000000357	7078	Bette Davis	2012-09-26 12:01:45
00000000-0000-0000-0000-000000000357_007078	00000000-0000-0000-0000-000000000357	7078	Oscar (Best Actress)	2012-09-26 12:01:42
00000000-0000-0000-0000-000000000357_007444	00000000-0000-0000-0000-000000000357	7444	Mark Ruffalo	2012-09-26 11:52:40
00000000-0000-0000-0000-000000000357_007451	00000000-0000-0000-0000-000000000357	7451	clever	2012-09-26 11:51:47
00000000-0000-0000-0000-000000000357_007451	00000000-0000-0000-0000-000000000357	7451	High School	2012-09-26 11:51:42
00000000-0000-0000-0000-000000000357_007451	00000000-0000-0000-0000-000000000357	7451	lesbian subtext	2012-09-26 11:51:49
00000000-0000-0000-0000-000000000357_048516	00000000-0000-0000-0000-000000000357	48516	Leonardo DiCaprio	2012-09-26 11:39:09
00000000-0000-0000-0000-000000000357_048516	00000000-0000-0000-0000-000000000357	48516	suspense	2012-09-26 11:39:12
00000000-0000-0000-0000-000000000357_048516	00000000-0000-0000-0000-000000000357	48516	twist ending	2012-09-26 11:39:14
00000000-0000-0000-0000-000000000357_048516	00000000-0000-0000-0000-000000000357	48516	undercover cop	2012-09-26 11:39:16
00000000-0000-0000-0000-000000000357_054997	00000000-0000-0000-0000-000000000357	54997	Christian Bale	2012-09-26 11:39:55
00000000-0000-0000-0000-000000000357_055290	00000000-0000-0000-0000-000000000357	55290	Casey Affleck	2012-09-26 11:38:36
00000000-0000-0000-0000-000000000357_055290	00000000-0000-0000-0000-000000000357	55290	great performances	2012-09-26 11:38:47
00000000-0000-0000-0000-000000000357_055290	00000000-0000-0000-0000-000000000357	55290	twist	2012-09-26 11:38:51
00000000-0000-0000-0000-000000000357_091500	00000000-0000-0000-0000-000000000357	91500	ending	2012-09-26 11:35:41
00000000-0000-0000-0000-000000000357_091529	00000000-0000-0000-0000-000000000357	91529	Anne Hathaway	2012-09-26 11:32:38
00000000-0000-0000-0000-000000000357_091529	00000000-0000-0000-0000-000000000357	91529	Christian Bale	2012-09-26 11:32:35
00000000-0000-0000-0000-000000000357_091529	00000000-0000-0000-0000-000000000357	91529	Christopher Nolan	2012-09-26 11:32:40
00000000-0000-0000-0000-000000000357_091529	00000000-0000-0000-0000-000000000357	91529	comic book	2012-09-26 11:32:55
00000000-0000-0000-0000-000000000357_091529	00000000-0000-0000-0000-000000000357	91529	great ending	2012-09-26 11:32:59
00000000-0000-0000-0000-000000000357_091529	00000000-0000-0000-0000-000000000357	91529	Morgan Freeman	2012-09-26 11:32:46
00000000-0000-0000-0000-000000000357_091529	00000000-0000-0000-0000-000000000357	91529	political commentary	2012-09-26 11:33:06
00000000-0000-0000-0000-000000000357_091529	00000000-0000-0000-0000-000000000357	91529	superhero	2012-09-26 11:33:10
00000000-0000-0000-0000-000000000419_098961	00000000-0000-0000-0000-000000000419	98961	Afghanistan	2013-03-10 07:15:27
00000000-0000-0000-0000-000000000419_098961	00000000-0000-0000-0000-000000000419	98961	American propaganda	2013-03-10 07:14:50
00000000-0000-0000-0000-000000000419_098961	00000000-0000-0000-0000-000000000419	98961	assassination	2013-03-10 07:15:08
00000000-0000-0000-0000-000000000419_098961	00000000-0000-0000-0000-000000000419	98961	military	2013-03-10 07:15:15
00000000-0000-0000-0000-000000000419_098961	00000000-0000-0000-0000-000000000419	98961	terrorism	2013-03-10 07:15:03
00000000-0000-0000-0000-000000000424_000032	00000000-0000-0000-0000-000000000424	32	time travel	2016-03-14 05:44:32
00000000-0000-0000-0000-000000000424_000047	00000000-0000-0000-0000-000000000424	47	mystery	2016-03-13 13:14:30
00000000-0000-0000-0000-000000000424_000047	00000000-0000-0000-0000-000000000424	47	twist ending	2016-03-13 13:14:18
00000000-0000-0000-0000-000000000424_000050	00000000-0000-0000-0000-000000000424	50	mindfuck	2016-03-13 13:12:08
00000000-0000-0000-0000-000000000424_000050	00000000-0000-0000-0000-000000000424	50	suspense	2016-03-13 13:11:55
00000000-0000-0000-0000-000000000424_000050	00000000-0000-0000-0000-000000000424	50	thriller	2016-03-13 13:12:12
00000000-0000-0000-0000-000000000424_000050	00000000-0000-0000-0000-000000000424	50	tricky	2016-03-13 13:12:20
00000000-0000-0000-0000-000000000424_000050	00000000-0000-0000-0000-000000000424	50	twist ending	2016-03-13 13:11:46
00000000-0000-0000-0000-000000000424_000147	00000000-0000-0000-0000-000000000424	147	addiction	2016-03-14 05:40:27
00000000-0000-0000-0000-000000000424_000147	00000000-0000-0000-0000-000000000424	147	heroin	2016-03-14 05:40:31
00000000-0000-0000-0000-000000000424_000147	00000000-0000-0000-0000-000000000424	147	Leonardo DiCaprio	2016-03-14 05:40:25
00000000-0000-0000-0000-000000000424_000147	00000000-0000-0000-0000-000000000424	147	Mark Wahlberg	2016-03-14 05:40:24
00000000-0000-0000-0000-000000000424_000175	00000000-0000-0000-0000-000000000424	175	controversial	2016-03-14 05:41:05
00000000-0000-0000-0000-000000000424_000175	00000000-0000-0000-0000-000000000424	175	New York City	2016-03-14 05:41:11
00000000-0000-0000-0000-000000000424_000175	00000000-0000-0000-0000-000000000424	175	Nudity (Full Frontal)	2016-03-14 05:41:08
00000000-0000-0000-0000-000000000424_000223	00000000-0000-0000-0000-000000000424	223	cynical	2016-03-13 13:41:06
00000000-0000-0000-0000-000000000424_000223	00000000-0000-0000-0000-000000000424	223	hilarious	2016-03-13 13:41:26
00000000-0000-0000-0000-000000000424_000223	00000000-0000-0000-0000-000000000424	223	independent film	2016-03-13 13:41:24
00000000-0000-0000-0000-000000000424_000223	00000000-0000-0000-0000-000000000424	223	quirky	2016-03-13 13:41:13
00000000-0000-0000-0000-000000000424_000223	00000000-0000-0000-0000-000000000424	223	witty	2016-03-13 13:41:20
00000000-0000-0000-0000-000000000424_000260	00000000-0000-0000-0000-000000000424	260	classic sci-fi	2016-03-14 05:26:12
00000000-0000-0000-0000-000000000424_000260	00000000-0000-0000-0000-000000000424	260	sci-fi	2016-03-14 05:26:06
00000000-0000-0000-0000-000000000424_000260	00000000-0000-0000-0000-000000000424	260	space adventure	2016-03-14 05:26:10
00000000-0000-0000-0000-000000000424_000260	00000000-0000-0000-0000-000000000424	260	Star Wars	2016-03-14 05:26:15
00000000-0000-0000-0000-000000000424_000288	00000000-0000-0000-0000-000000000424	288	brutality	2016-03-13 14:16:24
00000000-0000-0000-0000-000000000424_000288	00000000-0000-0000-0000-000000000424	288	controversial	2016-03-13 14:16:35
00000000-0000-0000-0000-000000000424_000288	00000000-0000-0000-0000-000000000424	288	dark comedy	2016-03-13 14:16:20
00000000-0000-0000-0000-000000000424_000288	00000000-0000-0000-0000-000000000424	288	psychedelic	2016-03-13 14:16:31
00000000-0000-0000-0000-000000000424_000288	00000000-0000-0000-0000-000000000424	288	satire	2016-03-13 14:16:38
00000000-0000-0000-0000-000000000424_000288	00000000-0000-0000-0000-000000000424	288	stylized	2016-03-13 14:16:29
00000000-0000-0000-0000-000000000424_000296	00000000-0000-0000-0000-000000000424	296	cult film	2016-03-13 13:49:06
00000000-0000-0000-0000-000000000424_000296	00000000-0000-0000-0000-000000000424	296	drugs	2016-03-13 13:49:10
00000000-0000-0000-0000-000000000424_000296	00000000-0000-0000-0000-000000000424	296	Quentin Tarantino	2016-03-13 13:49:01
00000000-0000-0000-0000-000000000424_000296	00000000-0000-0000-0000-000000000424	296	Tarantino	2016-03-13 13:49:17
00000000-0000-0000-0000-000000000424_000364	00000000-0000-0000-0000-000000000424	364	soundtrack	2016-03-13 14:04:57
00000000-0000-0000-0000-000000000424_000527	00000000-0000-0000-0000-000000000424	527	thought-provoking	2016-03-14 05:30:41
00000000-0000-0000-0000-000000000424_000541	00000000-0000-0000-0000-000000000424	541	sci-fi	2016-03-14 05:28:38
00000000-0000-0000-0000-000000000424_000589	00000000-0000-0000-0000-000000000424	589	apocalypse	2016-03-13 13:54:14
00000000-0000-0000-0000-000000000424_000589	00000000-0000-0000-0000-000000000424	589	Arnold Schwarzenegger	2016-03-13 13:54:01
00000000-0000-0000-0000-000000000424_000589	00000000-0000-0000-0000-000000000424	589	nuclear war	2016-03-13 13:54:21
00000000-0000-0000-0000-000000000424_000589	00000000-0000-0000-0000-000000000424	589	sci-fi	2016-03-13 13:54:07
00000000-0000-0000-0000-000000000424_000589	00000000-0000-0000-0000-000000000424	589	Suspense	2016-03-13 13:54:24
00000000-0000-0000-0000-000000000424_000589	00000000-0000-0000-0000-000000000424	589	time travel	2016-03-13 13:54:03
00000000-0000-0000-0000-000000000424_000608	00000000-0000-0000-0000-000000000424	608	based on a true story	2016-03-14 05:28:02
00000000-0000-0000-0000-000000000424_000608	00000000-0000-0000-0000-000000000424	608	dark comedy	2016-03-14 05:27:50
00000000-0000-0000-0000-000000000424_000608	00000000-0000-0000-0000-000000000424	608	KIDNAPPING	2016-03-14 05:27:57
00000000-0000-0000-0000-000000000424_000608	00000000-0000-0000-0000-000000000424	608	Steve Buscemi	2016-03-14 05:27:45
00000000-0000-0000-0000-000000000424_000628	00000000-0000-0000-0000-000000000424	628	edward norton	2016-03-13 13:36:14
00000000-0000-0000-0000-000000000424_000628	00000000-0000-0000-0000-000000000424	628	psychology	2016-03-13 13:36:16
00000000-0000-0000-0000-000000000424_000628	00000000-0000-0000-0000-000000000424	628	suspense	2016-03-13 13:36:22
00000000-0000-0000-0000-000000000424_000628	00000000-0000-0000-0000-000000000424	628	thought-provoking	2016-03-13 13:36:20
00000000-0000-0000-0000-000000000424_000628	00000000-0000-0000-0000-000000000424	628	twist ending	2016-03-13 13:36:11
00000000-0000-0000-0000-000000000424_001089	00000000-0000-0000-0000-000000000424	1089	ensemble cast	2016-03-13 13:52:19
00000000-0000-0000-0000-000000000424_001089	00000000-0000-0000-0000-000000000424	1089	nonlinear	2016-03-13 13:52:22
00000000-0000-0000-0000-000000000424_001089	00000000-0000-0000-0000-000000000424	1089	Quentin Tarantino	2016-03-13 13:52:09
00000000-0000-0000-0000-000000000424_001089	00000000-0000-0000-0000-000000000424	1089	stylized	2016-03-13 13:52:17
00000000-0000-0000-0000-000000000424_001120	00000000-0000-0000-0000-000000000424	1120	freedom of expression	2016-03-13 14:05:58
00000000-0000-0000-0000-000000000424_001136	00000000-0000-0000-0000-000000000424	1136	british comedy	2016-03-14 05:38:18
00000000-0000-0000-0000-000000000424_001136	00000000-0000-0000-0000-000000000424	1136	Monty Python	2016-03-14 05:38:16
00000000-0000-0000-0000-000000000424_001193	00000000-0000-0000-0000-000000000424	1193	emotional	2016-03-13 13:34:48
00000000-0000-0000-0000-000000000424_001193	00000000-0000-0000-0000-000000000424	1193	jack nicholson	2016-03-13 13:34:44
00000000-0000-0000-0000-000000000424_001198	00000000-0000-0000-0000-000000000424	1198	adventure	2016-03-14 05:32:09
00000000-0000-0000-0000-000000000424_001198	00000000-0000-0000-0000-000000000424	1198	archaeology	2016-03-14 05:37:44
00000000-0000-0000-0000-000000000424_001198	00000000-0000-0000-0000-000000000424	1198	indiana jones	2016-03-14 05:32:12
00000000-0000-0000-0000-000000000424_001198	00000000-0000-0000-0000-000000000424	1198	Steven Spielberg	2016-03-14 05:37:46
00000000-0000-0000-0000-000000000424_001198	00000000-0000-0000-0000-000000000424	1198	treasure hunt	2016-03-14 05:37:51
00000000-0000-0000-0000-000000000424_001200	00000000-0000-0000-0000-000000000424	1200	action	2016-03-14 05:34:18
00000000-0000-0000-0000-000000000424_001200	00000000-0000-0000-0000-000000000424	1200	aliens	2016-03-14 05:34:12
00000000-0000-0000-0000-000000000424_001200	00000000-0000-0000-0000-000000000424	1200	horror	2016-03-14 05:34:25
00000000-0000-0000-0000-000000000424_001200	00000000-0000-0000-0000-000000000424	1200	sci-fi	2016-03-14 05:34:05
00000000-0000-0000-0000-000000000424_001200	00000000-0000-0000-0000-000000000424	1200	space	2016-03-14 05:34:21
00000000-0000-0000-0000-000000000424_001200	00000000-0000-0000-0000-000000000424	1200	space craft	2016-03-14 05:34:34
00000000-0000-0000-0000-000000000424_001200	00000000-0000-0000-0000-000000000424	1200	SPACE TRAVEL	2016-03-14 05:34:29
00000000-0000-0000-0000-000000000424_001200	00000000-0000-0000-0000-000000000424	1200	suspense	2016-03-14 05:34:16
00000000-0000-0000-0000-000000000424_001219	00000000-0000-0000-0000-000000000424	1219	Alfred Hitchcock	2016-03-14 05:54:15
00000000-0000-0000-0000-000000000424_001219	00000000-0000-0000-0000-000000000424	1219	psychology	2016-03-14 05:54:19
00000000-0000-0000-0000-000000000424_001219	00000000-0000-0000-0000-000000000424	1219	suspenseful	2016-03-14 05:54:12
00000000-0000-0000-0000-000000000424_001219	00000000-0000-0000-0000-000000000424	1219	tense	2016-03-14 05:54:21
00000000-0000-0000-0000-000000000424_001240	00000000-0000-0000-0000-000000000424	1240	Action	2016-03-14 05:35:08
00000000-0000-0000-0000-000000000424_001240	00000000-0000-0000-0000-000000000424	1240	artificial intelligence	2016-03-14 05:35:13
00000000-0000-0000-0000-000000000424_001240	00000000-0000-0000-0000-000000000424	1240	robots	2016-03-14 05:35:05
00000000-0000-0000-0000-000000000424_001240	00000000-0000-0000-0000-000000000424	1240	Sci-Fi	2016-03-14 05:35:02
00000000-0000-0000-0000-000000000424_001240	00000000-0000-0000-0000-000000000424	1240	special effects	2016-03-14 05:35:22
00000000-0000-0000-0000-000000000424_001240	00000000-0000-0000-0000-000000000424	1240	tense	2016-03-14 05:35:19
00000000-0000-0000-0000-000000000424_001240	00000000-0000-0000-0000-000000000424	1240	time travel	2016-03-14 05:35:00
00000000-0000-0000-0000-000000000424_001258	00000000-0000-0000-0000-000000000424	1258	atmospheric	2016-03-13 13:29:04
00000000-0000-0000-0000-000000000424_001258	00000000-0000-0000-0000-000000000424	1258	disturbing	2016-03-13 13:29:07
00000000-0000-0000-0000-000000000424_001258	00000000-0000-0000-0000-000000000424	1258	Horror	2016-03-13 13:29:12
00000000-0000-0000-0000-000000000424_001258	00000000-0000-0000-0000-000000000424	1258	jack nicholson	2016-03-13 13:29:00
00000000-0000-0000-0000-000000000424_001258	00000000-0000-0000-0000-000000000424	1258	masterpiece	2016-03-13 13:29:14
00000000-0000-0000-0000-000000000424_001258	00000000-0000-0000-0000-000000000424	1258	psychological	2016-03-13 13:29:02
00000000-0000-0000-0000-000000000424_001258	00000000-0000-0000-0000-000000000424	1258	Stanley Kubrick	2016-03-13 13:28:58
00000000-0000-0000-0000-000000000424_001258	00000000-0000-0000-0000-000000000424	1258	suspense	2016-03-13 13:29:21
00000000-0000-0000-0000-000000000424_001343	00000000-0000-0000-0000-000000000424	1343	horror	2016-03-13 14:17:37
00000000-0000-0000-0000-000000000424_001343	00000000-0000-0000-0000-000000000424	1343	Juliette Lewis	2016-03-13 14:17:24
00000000-0000-0000-0000-000000000424_001343	00000000-0000-0000-0000-000000000424	1343	Martin Scorsese	2016-03-13 14:17:32
00000000-0000-0000-0000-000000000424_001343	00000000-0000-0000-0000-000000000424	1343	Robert De Niro	2016-03-13 14:17:34
00000000-0000-0000-0000-000000000424_001625	00000000-0000-0000-0000-000000000424	1625	mindfuck	2016-03-13 14:00:52
00000000-0000-0000-0000-000000000424_001625	00000000-0000-0000-0000-000000000424	1625	Mystery	2016-03-13 14:00:49
00000000-0000-0000-0000-000000000424_001625	00000000-0000-0000-0000-000000000424	1625	plot twist	2016-03-13 14:00:55
00000000-0000-0000-0000-000000000424_001625	00000000-0000-0000-0000-000000000424	1625	psychological	2016-03-13 14:00:47
00000000-0000-0000-0000-000000000424_001625	00000000-0000-0000-0000-000000000424	1625	suspense	2016-03-13 14:00:58
00000000-0000-0000-0000-000000000424_001625	00000000-0000-0000-0000-000000000424	1625	twist ending	2016-03-13 14:00:44
00000000-0000-0000-0000-000000000424_001704	00000000-0000-0000-0000-000000000424	1704	inspirational	2016-03-13 13:56:11
00000000-0000-0000-0000-000000000424_001921	00000000-0000-0000-0000-000000000424	1921	hallucinatory	2016-03-14 05:55:16
00000000-0000-0000-0000-000000000424_001921	00000000-0000-0000-0000-000000000424	1921	mental illness	2016-03-14 05:54:37
00000000-0000-0000-0000-000000000424_001921	00000000-0000-0000-0000-000000000424	1921	mindfuck	2016-03-14 05:55:18
00000000-0000-0000-0000-000000000424_001921	00000000-0000-0000-0000-000000000424	1921	paranoid	2016-03-14 05:55:21
00000000-0000-0000-0000-000000000424_001923	00000000-0000-0000-0000-000000000424	1923	Ben Stiller	2016-03-13 14:21:43
00000000-0000-0000-0000-000000000424_001923	00000000-0000-0000-0000-000000000424	1923	crude humor	2016-03-13 14:21:46
00000000-0000-0000-0000-000000000424_001923	00000000-0000-0000-0000-000000000424	1923	goofy	2016-03-13 14:21:51
00000000-0000-0000-0000-000000000424_002160	00000000-0000-0000-0000-000000000424	2160	Atmospheric	2016-03-13 13:28:20
00000000-0000-0000-0000-000000000424_002160	00000000-0000-0000-0000-000000000424	2160	creepy	2016-03-13 13:28:37
00000000-0000-0000-0000-000000000424_002160	00000000-0000-0000-0000-000000000424	2160	paranoia	2016-03-13 13:28:18
00000000-0000-0000-0000-000000000424_002160	00000000-0000-0000-0000-000000000424	2160	scary	2016-03-13 13:28:15
00000000-0000-0000-0000-000000000424_002160	00000000-0000-0000-0000-000000000424	2160	suspense	2016-03-13 13:28:28
00000000-0000-0000-0000-000000000424_002296	00000000-0000-0000-0000-000000000424	2296	SNL	2016-03-13 14:25:04
00000000-0000-0000-0000-000000000424_002329	00000000-0000-0000-0000-000000000424	2329	thought-provoking	2016-03-13 13:35:29
00000000-0000-0000-0000-000000000424_002505	00000000-0000-0000-0000-000000000424	2505	Nicolas Cage	2016-03-14 05:49:40
00000000-0000-0000-0000-000000000424_002571	00000000-0000-0000-0000-000000000424	2571	martial arts	2016-03-13 13:21:52
00000000-0000-0000-0000-000000000424_002571	00000000-0000-0000-0000-000000000424	2571	sci-fi	2016-03-13 13:21:39
00000000-0000-0000-0000-000000000424_002700	00000000-0000-0000-0000-000000000424	2700	adult humor	2016-03-13 13:46:30
00000000-0000-0000-0000-000000000424_002700	00000000-0000-0000-0000-000000000424	2700	controversial	2016-03-13 13:46:39
00000000-0000-0000-0000-000000000424_002700	00000000-0000-0000-0000-000000000424	2700	crude humor	2016-03-13 13:46:37
00000000-0000-0000-0000-000000000424_002700	00000000-0000-0000-0000-000000000424	2700	free speech	2016-03-13 13:46:42
00000000-0000-0000-0000-000000000424_002700	00000000-0000-0000-0000-000000000424	2700	parody	2016-03-13 13:46:33
00000000-0000-0000-0000-000000000424_002700	00000000-0000-0000-0000-000000000424	2700	satire	2016-03-13 13:46:32
00000000-0000-0000-0000-000000000424_002700	00000000-0000-0000-0000-000000000424	2700	south park	2016-03-13 13:46:47
00000000-0000-0000-0000-000000000424_002700	00000000-0000-0000-0000-000000000424	2700	Trey Parker	2016-03-13 13:46:52
00000000-0000-0000-0000-000000000424_002959	00000000-0000-0000-0000-000000000424	2959	dark comedy	2016-03-13 13:19:57
00000000-0000-0000-0000-000000000424_002959	00000000-0000-0000-0000-000000000424	2959	psychology	2016-03-13 13:20:02
00000000-0000-0000-0000-000000000424_002959	00000000-0000-0000-0000-000000000424	2959	thought-provoking	2016-03-13 13:19:46
00000000-0000-0000-0000-000000000424_002959	00000000-0000-0000-0000-000000000424	2959	twist ending	2016-03-13 13:19:37
00000000-0000-0000-0000-000000000424_003176	00000000-0000-0000-0000-000000000424	3176	based on a book	2016-03-13 13:57:22
00000000-0000-0000-0000-000000000424_003176	00000000-0000-0000-0000-000000000424	3176	creepy	2016-03-13 13:57:13
00000000-0000-0000-0000-000000000424_003176	00000000-0000-0000-0000-000000000424	3176	disturbing	2016-03-13 13:57:09
00000000-0000-0000-0000-000000000424_003176	00000000-0000-0000-0000-000000000424	3176	Jude Law	2016-03-13 13:57:06
00000000-0000-0000-0000-000000000424_003176	00000000-0000-0000-0000-000000000424	3176	murder	2016-03-13 13:57:18
00000000-0000-0000-0000-000000000424_003176	00000000-0000-0000-0000-000000000424	3176	obsession	2016-03-13 13:57:16
00000000-0000-0000-0000-000000000424_003176	00000000-0000-0000-0000-000000000424	3176	psychology	2016-03-13 13:57:03
00000000-0000-0000-0000-000000000424_003176	00000000-0000-0000-0000-000000000424	3176	secrets	2016-03-13 13:57:25
00000000-0000-0000-0000-000000000424_003176	00000000-0000-0000-0000-000000000424	3176	serial killer	2016-03-13 13:57:11
00000000-0000-0000-0000-000000000424_003176	00000000-0000-0000-0000-000000000424	3176	suspense	2016-03-13 13:57:21
00000000-0000-0000-0000-000000000424_003186	00000000-0000-0000-0000-000000000424	3186	asylum	2016-03-13 14:13:25
00000000-0000-0000-0000-000000000424_003186	00000000-0000-0000-0000-000000000424	3186	based on a true story	2016-03-13 14:13:22
00000000-0000-0000-0000-000000000424_003186	00000000-0000-0000-0000-000000000424	3186	Brittany Murphy	2016-03-13 14:13:29
00000000-0000-0000-0000-000000000424_003186	00000000-0000-0000-0000-000000000424	3186	Mental Hospital	2016-03-13 14:13:32
00000000-0000-0000-0000-000000000424_003186	00000000-0000-0000-0000-000000000424	3186	psychology	2016-03-13 14:13:14
00000000-0000-0000-0000-000000000424_003186	00000000-0000-0000-0000-000000000424	3186	winona ryder	2016-03-13 14:13:18
00000000-0000-0000-0000-000000000424_003499	00000000-0000-0000-0000-000000000424	3499	claustrophobic	2016-03-13 14:18:01
00000000-0000-0000-0000-000000000424_003499	00000000-0000-0000-0000-000000000424	3499	horror	2016-03-13 14:18:07
00000000-0000-0000-0000-000000000424_003499	00000000-0000-0000-0000-000000000424	3499	scary	2016-03-13 14:18:15
00000000-0000-0000-0000-000000000424_003499	00000000-0000-0000-0000-000000000424	3499	stephen king	2016-03-13 14:18:11
00000000-0000-0000-0000-000000000424_003499	00000000-0000-0000-0000-000000000424	3499	suspenseful	2016-03-13 14:17:59
00000000-0000-0000-0000-000000000424_003499	00000000-0000-0000-0000-000000000424	3499	tense	2016-03-13 14:18:03
00000000-0000-0000-0000-000000000424_003499	00000000-0000-0000-0000-000000000424	3499	thriller	2016-03-13 14:18:05
00000000-0000-0000-0000-000000000424_003527	00000000-0000-0000-0000-000000000424	3527	aliens	2016-03-14 05:34:43
00000000-0000-0000-0000-000000000424_003527	00000000-0000-0000-0000-000000000424	3527	sci-fi	2016-03-14 05:34:45
00000000-0000-0000-0000-000000000424_003527	00000000-0000-0000-0000-000000000424	3527	scifi cult	2016-03-14 05:34:48
00000000-0000-0000-0000-000000000424_003911	00000000-0000-0000-0000-000000000424	3911	satire	2016-03-13 13:42:56
00000000-0000-0000-0000-000000000424_003948	00000000-0000-0000-0000-000000000424	3948	comedy	2016-03-13 14:21:28
00000000-0000-0000-0000-000000000424_003948	00000000-0000-0000-0000-000000000424	3948	Robert De Niro	2016-03-13 14:21:24
00000000-0000-0000-0000-000000000424_004226	00000000-0000-0000-0000-000000000424	4226	mystery	2016-03-13 13:23:03
00000000-0000-0000-0000-000000000424_004226	00000000-0000-0000-0000-000000000424	4226	psychological	2016-03-13 13:22:59
00000000-0000-0000-0000-000000000424_004226	00000000-0000-0000-0000-000000000424	4226	twist ending	2016-03-13 13:22:57
00000000-0000-0000-0000-000000000424_004262	00000000-0000-0000-0000-000000000424	4262	Al Pacino	2016-03-14 05:29:25
00000000-0000-0000-0000-000000000424_004816	00000000-0000-0000-0000-000000000424	4816	ben stiller	2016-03-13 14:29:20
00000000-0000-0000-0000-000000000424_004816	00000000-0000-0000-0000-000000000424	4816	comedy	2016-03-13 14:29:30
00000000-0000-0000-0000-000000000424_004816	00000000-0000-0000-0000-000000000424	4816	David Bowie	2016-03-13 14:29:12
00000000-0000-0000-0000-000000000424_004816	00000000-0000-0000-0000-000000000424	4816	goofy	2016-03-13 14:29:09
00000000-0000-0000-0000-000000000424_004816	00000000-0000-0000-0000-000000000424	4816	mindless one liners	2016-03-13 14:29:16
00000000-0000-0000-0000-000000000424_004816	00000000-0000-0000-0000-000000000424	4816	Will Ferrell	2016-03-13 14:29:19
00000000-0000-0000-0000-000000000424_004878	00000000-0000-0000-0000-000000000424	4878	jake gyllenhaal	2016-03-14 05:45:10
00000000-0000-0000-0000-000000000424_004993	00000000-0000-0000-0000-000000000424	4993	fantasy	2016-03-14 05:32:36
00000000-0000-0000-0000-000000000424_004993	00000000-0000-0000-0000-000000000424	4993	high fantasy	2016-03-14 05:32:42
00000000-0000-0000-0000-000000000424_004993	00000000-0000-0000-0000-000000000424	4993	Magic	2016-03-14 05:32:38
00000000-0000-0000-0000-000000000424_004993	00000000-0000-0000-0000-000000000424	4993	mythology	2016-03-14 05:32:54
00000000-0000-0000-0000-000000000424_004993	00000000-0000-0000-0000-000000000424	4993	tolkien	2016-03-14 05:32:45
00000000-0000-0000-0000-000000000424_004993	00000000-0000-0000-0000-000000000424	4993	wizards	2016-03-14 05:32:48
00000000-0000-0000-0000-000000000424_005291	00000000-0000-0000-0000-000000000424	5291	black and white	2016-03-13 14:02:11
00000000-0000-0000-0000-000000000424_005291	00000000-0000-0000-0000-000000000424	5291	samurai	2016-03-13 14:02:18
00000000-0000-0000-0000-000000000424_006016	00000000-0000-0000-0000-000000000424	6016	multiple storylines	2016-03-14 05:29:59
00000000-0000-0000-0000-000000000424_006016	00000000-0000-0000-0000-000000000424	6016	true story	2016-03-14 05:30:05
00000000-0000-0000-0000-000000000424_006188	00000000-0000-0000-0000-000000000424	6188	comedy	2016-03-13 14:14:58
00000000-0000-0000-0000-000000000424_006188	00000000-0000-0000-0000-000000000424	6188	Will Ferrell	2016-03-13 14:15:00
00000000-0000-0000-0000-000000000424_006290	00000000-0000-0000-0000-000000000424	6290	Rob Zombie	2016-03-14 05:52:47
00000000-0000-0000-0000-000000000424_007361	00000000-0000-0000-0000-000000000424	7361	jim carrey	2016-03-14 05:42:20
00000000-0000-0000-0000-000000000424_008641	00000000-0000-0000-0000-000000000424	8641	comedy	2016-03-13 14:22:17
00000000-0000-0000-0000-000000000424_008641	00000000-0000-0000-0000-000000000424	8641	Will Ferrell	2016-03-13 14:22:13
00000000-0000-0000-0000-000000000424_008950	00000000-0000-0000-0000-000000000424	8950	Christian Bale	2016-03-13 13:20:41
00000000-0000-0000-0000-000000000424_008950	00000000-0000-0000-0000-000000000424	8950	creepy	2016-03-13 13:20:47
00000000-0000-0000-0000-000000000424_008950	00000000-0000-0000-0000-000000000424	8950	powerful ending	2016-03-13 13:20:57
00000000-0000-0000-0000-000000000424_008950	00000000-0000-0000-0000-000000000424	8950	psychology	2016-03-13 13:20:44
00000000-0000-0000-0000-000000000424_008950	00000000-0000-0000-0000-000000000424	8950	schizophrenia	2016-03-13 13:20:54
00000000-0000-0000-0000-000000000424_008950	00000000-0000-0000-0000-000000000424	8950	twist ending	2016-03-13 13:20:37
00000000-0000-0000-0000-000000000424_027020	00000000-0000-0000-0000-000000000424	27020	drugs	2016-03-14 05:39:35
00000000-0000-0000-0000-000000000424_027020	00000000-0000-0000-0000-000000000424	27020	lesbian	2016-03-14 05:39:30
00000000-0000-0000-0000-000000000424_030825	00000000-0000-0000-0000-000000000424	30825	Ben Stiller	2016-03-13 14:22:53
00000000-0000-0000-0000-000000000424_030825	00000000-0000-0000-0000-000000000424	30825	Robert De Niro	2016-03-13 14:22:49
00000000-0000-0000-0000-000000000424_034323	00000000-0000-0000-0000-000000000424	34323	Rob Zombie	2016-03-14 05:52:35
00000000-0000-0000-0000-000000000424_040278	00000000-0000-0000-0000-000000000424	40278	Jake Gyllenhaal	2016-03-13 14:20:43
00000000-0000-0000-0000-000000000424_040278	00000000-0000-0000-0000-000000000424	40278	Modern war	2016-03-13 14:20:49
00000000-0000-0000-0000-000000000424_048516	00000000-0000-0000-0000-000000000424	48516	atmospheric	2016-03-13 13:26:28
00000000-0000-0000-0000-000000000424_048516	00000000-0000-0000-0000-000000000424	48516	Jack Nicholson	2016-03-13 13:26:13
00000000-0000-0000-0000-000000000424_048516	00000000-0000-0000-0000-000000000424	48516	Leonardo DiCaprio	2016-03-13 13:26:18
00000000-0000-0000-0000-000000000424_048516	00000000-0000-0000-0000-000000000424	48516	Martin Scorsese	2016-03-13 13:26:16
00000000-0000-0000-0000-000000000424_048516	00000000-0000-0000-0000-000000000424	48516	suspense	2016-03-13 13:26:24
00000000-0000-0000-0000-000000000424_053127	00000000-0000-0000-0000-000000000424	53127	based on a play	2016-03-14 11:42:14
00000000-0000-0000-0000-000000000424_053127	00000000-0000-0000-0000-000000000424	53127	conspiracy theory	2016-03-14 11:41:53
00000000-0000-0000-0000-000000000424_053127	00000000-0000-0000-0000-000000000424	53127	creepy	2016-03-14 11:42:17
00000000-0000-0000-0000-000000000424_053127	00000000-0000-0000-0000-000000000424	53127	Insanity	2016-03-14 11:41:24
00000000-0000-0000-0000-000000000424_053127	00000000-0000-0000-0000-000000000424	53127	paranoia	2016-03-14 11:41:58
00000000-0000-0000-0000-000000000424_053127	00000000-0000-0000-0000-000000000424	53127	PTSD	2016-03-14 11:40:56
00000000-0000-0000-0000-000000000424_060756	00000000-0000-0000-0000-000000000424	60756	funny	2016-03-13 14:15:27
00000000-0000-0000-0000-000000000424_060756	00000000-0000-0000-0000-000000000424	60756	will ferrell	2016-03-13 14:15:29
00000000-0000-0000-0000-000000000424_066097	00000000-0000-0000-0000-000000000424	66097	claymation	2016-03-13 13:47:48
00000000-0000-0000-0000-000000000424_066097	00000000-0000-0000-0000-000000000424	66097	creepy	2016-03-13 13:48:04
00000000-0000-0000-0000-000000000424_066097	00000000-0000-0000-0000-000000000424	66097	dark	2016-03-13 13:47:55
00000000-0000-0000-0000-000000000424_066097	00000000-0000-0000-0000-000000000424	66097	dark fairy tale	2016-03-13 13:48:18
00000000-0000-0000-0000-000000000424_066097	00000000-0000-0000-0000-000000000424	66097	Surreal	2016-03-13 13:48:01
00000000-0000-0000-0000-000000000424_066097	00000000-0000-0000-0000-000000000424	66097	Tim Burton	2016-03-13 13:48:14
00000000-0000-0000-0000-000000000424_068157	00000000-0000-0000-0000-000000000424	68157	black comedy	2016-03-13 13:51:07
00000000-0000-0000-0000-000000000424_068157	00000000-0000-0000-0000-000000000424	68157	Brad Pitt	2016-03-13 13:51:03
00000000-0000-0000-0000-000000000424_068157	00000000-0000-0000-0000-000000000424	68157	Christoph Waltz	2016-03-13 13:51:00
00000000-0000-0000-0000-000000000424_068157	00000000-0000-0000-0000-000000000424	68157	Quentin Tarantino	2016-03-13 13:50:52
00000000-0000-0000-0000-000000000424_068157	00000000-0000-0000-0000-000000000424	68157	satire	2016-03-13 13:51:10
00000000-0000-0000-0000-000000000424_074458	00000000-0000-0000-0000-000000000424	74458	insanity	2016-03-13 13:25:02
00000000-0000-0000-0000-000000000424_074458	00000000-0000-0000-0000-000000000424	74458	Leonardo DiCaprio	2016-03-13 13:25:10
00000000-0000-0000-0000-000000000424_074458	00000000-0000-0000-0000-000000000424	74458	Martin Scorsese	2016-03-13 13:25:07
00000000-0000-0000-0000-000000000424_074458	00000000-0000-0000-0000-000000000424	74458	plot twist	2016-03-13 13:25:04
00000000-0000-0000-0000-000000000424_074458	00000000-0000-0000-0000-000000000424	74458	psychological	2016-03-13 13:24:58
00000000-0000-0000-0000-000000000424_074458	00000000-0000-0000-0000-000000000424	74458	Psychological Thriller	2016-03-13 13:25:13
00000000-0000-0000-0000-000000000424_074458	00000000-0000-0000-0000-000000000424	74458	thought-provoking	2016-03-13 13:25:22
00000000-0000-0000-0000-000000000424_079132	00000000-0000-0000-0000-000000000424	79132	action	2016-03-13 13:55:27
00000000-0000-0000-0000-000000000424_079132	00000000-0000-0000-0000-000000000424	79132	alternate reality	2016-03-13 13:55:11
00000000-0000-0000-0000-000000000424_079132	00000000-0000-0000-0000-000000000424	79132	Leonardo DiCaprio	2016-03-13 13:55:16
00000000-0000-0000-0000-000000000424_079132	00000000-0000-0000-0000-000000000424	79132	sci-fi	2016-03-13 13:55:03
00000000-0000-0000-0000-000000000424_079132	00000000-0000-0000-0000-000000000424	79132	thought-provoking	2016-03-13 13:55:20
00000000-0000-0000-0000-000000000424_079132	00000000-0000-0000-0000-000000000424	79132	visually appealing	2016-03-13 13:55:14
00000000-0000-0000-0000-000000000424_081562	00000000-0000-0000-0000-000000000424	81562	stranded	2016-03-14 05:36:44
00000000-0000-0000-0000-000000000424_081591	00000000-0000-0000-0000-000000000424	81591	alter ego	2016-03-13 14:08:04
00000000-0000-0000-0000-000000000424_081591	00000000-0000-0000-0000-000000000424	81591	atmospheric	2016-03-13 14:07:38
00000000-0000-0000-0000-000000000424_081591	00000000-0000-0000-0000-000000000424	81591	creepy	2016-03-13 14:07:48
00000000-0000-0000-0000-000000000424_081591	00000000-0000-0000-0000-000000000424	81591	horror	2016-03-13 14:07:50
00000000-0000-0000-0000-000000000424_081591	00000000-0000-0000-0000-000000000424	81591	obsession	2016-03-13 14:07:57
00000000-0000-0000-0000-000000000424_081591	00000000-0000-0000-0000-000000000424	81591	surreal	2016-03-13 14:07:41
00000000-0000-0000-0000-000000000424_102903	00000000-0000-0000-0000-000000000424	102903	illusions	2016-03-13 14:07:03
00000000-0000-0000-0000-000000000424_102903	00000000-0000-0000-0000-000000000424	102903	overcomplicated	2016-03-13 14:06:33
00000000-0000-0000-0000-000000000424_102903	00000000-0000-0000-0000-000000000424	102903	predictable	2016-03-13 14:06:36
00000000-0000-0000-0000-000000000424_102903	00000000-0000-0000-0000-000000000424	102903	stupid ending	2016-03-13 14:06:27
00000000-0000-0000-0000-000000000424_104879	00000000-0000-0000-0000-000000000424	104879	absorbing	2016-03-13 14:19:20
00000000-0000-0000-0000-000000000424_104879	00000000-0000-0000-0000-000000000424	104879	acting	2016-03-13 14:19:18
00000000-0000-0000-0000-000000000424_104879	00000000-0000-0000-0000-000000000424	104879	atmospheric	2016-03-13 14:19:26
00000000-0000-0000-0000-000000000424_104879	00000000-0000-0000-0000-000000000424	104879	Hugh Jackman	2016-03-13 14:19:24
00000000-0000-0000-0000-000000000424_104879	00000000-0000-0000-0000-000000000424	104879	Jake Gyllenhaal	2016-03-13 14:19:15
00000000-0000-0000-0000-000000000424_104879	00000000-0000-0000-0000-000000000424	104879	morality	2016-03-13 14:19:28
00000000-0000-0000-0000-000000000424_104879	00000000-0000-0000-0000-000000000424	104879	mystery	2016-03-13 14:19:38
00000000-0000-0000-0000-000000000424_104879	00000000-0000-0000-0000-000000000424	104879	thriller	2016-03-13 14:19:22
00000000-0000-0000-0000-000000000424_106100	00000000-0000-0000-0000-000000000424	106100	Jared Leto	2016-03-13 14:12:04
00000000-0000-0000-0000-000000000424_106100	00000000-0000-0000-0000-000000000424	106100	social commentary	2016-03-13 14:12:01
00000000-0000-0000-0000-000000000424_106100	00000000-0000-0000-0000-000000000424	106100	uplifting	2016-03-13 14:12:13
00000000-0000-0000-0000-000000000424_106489	00000000-0000-0000-0000-000000000424	106489	fantasy	2016-03-14 05:33:30
00000000-0000-0000-0000-000000000424_106489	00000000-0000-0000-0000-000000000424	106489	Tolkien	2016-03-14 05:33:34
00000000-0000-0000-0000-000000000424_106489	00000000-0000-0000-0000-000000000424	106489	too long	2016-03-14 05:33:21
00000000-0000-0000-0000-000000000424_109487	00000000-0000-0000-0000-000000000424	109487	Christopher Nolan	2016-03-14 05:43:25
00000000-0000-0000-0000-000000000424_109487	00000000-0000-0000-0000-000000000424	109487	sci-fi	2016-03-14 05:43:28
00000000-0000-0000-0000-000000000424_109487	00000000-0000-0000-0000-000000000424	109487	time-travel	2016-03-14 05:43:31
00000000-0000-0000-0000-000000000424_112515	00000000-0000-0000-0000-000000000424	112515	atmospheric	2016-03-13 13:27:38
00000000-0000-0000-0000-000000000424_112515	00000000-0000-0000-0000-000000000424	112515	dark	2016-03-13 13:27:36
00000000-0000-0000-0000-000000000424_112515	00000000-0000-0000-0000-000000000424	112515	Metaphorical	2016-03-13 13:27:08
00000000-0000-0000-0000-000000000424_112515	00000000-0000-0000-0000-000000000424	112515	psychological	2016-03-13 13:27:41
00000000-0000-0000-0000-000000000424_112556	00000000-0000-0000-0000-000000000424	112556	annoying	2016-03-13 13:58:08
00000000-0000-0000-0000-000000000424_112556	00000000-0000-0000-0000-000000000424	112556	Stupid ending	2016-03-13 13:59:15
00000000-0000-0000-0000-000000000435_000750	00000000-0000-0000-0000-000000000435	750	dark comedy	2013-04-23 09:14:04
00000000-0000-0000-0000-000000000435_002959	00000000-0000-0000-0000-000000000435	2959	dark comedy	2013-04-23 09:14:48
00000000-0000-0000-0000-000000000435_058559	00000000-0000-0000-0000-000000000435	58559	psychology	2013-04-23 09:14:00
00000000-0000-0000-0000-000000000435_058559	00000000-0000-0000-0000-000000000435	58559	superhero	2013-04-23 09:14:14
00000000-0000-0000-0000-000000000439_005952	00000000-0000-0000-0000-000000000439	5952	Myth	2015-07-15 16:07:18
00000000-0000-0000-0000-000000000439_098809	00000000-0000-0000-0000-000000000439	98809	Action	2015-07-15 16:08:48
00000000-0000-0000-0000-000000000439_098809	00000000-0000-0000-0000-000000000439	98809	Myth	2015-07-15 16:09:01
00000000-0000-0000-0000-000000000462_152711	00000000-0000-0000-0000-000000000462	152711	Cambodia	2016-11-07 12:34:48
00000000-0000-0000-0000-000000000462_152711	00000000-0000-0000-0000-000000000462	152711	crime	2016-11-07 12:35:09
00000000-0000-0000-0000-000000000462_152711	00000000-0000-0000-0000-000000000462	152711	human rights	2016-11-07 12:34:56
00000000-0000-0000-0000-000000000462_152711	00000000-0000-0000-0000-000000000462	152711	murder	2016-11-07 12:35:01
00000000-0000-0000-0000-000000000462_152711	00000000-0000-0000-0000-000000000462	152711	procedural	2016-11-07 12:35:13
00000000-0000-0000-0000-000000000474_000001	00000000-0000-0000-0000-000000000474	1	pixar	2006-01-14 11:47:05
00000000-0000-0000-0000-000000000474_000002	00000000-0000-0000-0000-000000000474	2	game	2006-01-16 10:39:12
00000000-0000-0000-0000-000000000474_000005	00000000-0000-0000-0000-000000000474	5	pregnancy	2006-01-16 10:11:43
00000000-0000-0000-0000-000000000474_000005	00000000-0000-0000-0000-000000000474	5	remake	2006-01-16 10:11:43
00000000-0000-0000-0000-000000000474_000007	00000000-0000-0000-0000-000000000474	7	remake	2006-01-16 10:40:42
00000000-0000-0000-0000-000000000474_000011	00000000-0000-0000-0000-000000000474	11	politics	2006-01-16 10:28:24
00000000-0000-0000-0000-000000000474_000011	00000000-0000-0000-0000-000000000474	11	president	2006-01-16 10:28:24
00000000-0000-0000-0000-000000000474_000014	00000000-0000-0000-0000-000000000474	14	politics	2006-01-16 10:40:23
00000000-0000-0000-0000-000000000474_000014	00000000-0000-0000-0000-000000000474	14	president	2006-01-16 10:40:23
00000000-0000-0000-0000-000000000474_000016	00000000-0000-0000-0000-000000000474	16	Mafia	2006-01-14 04:47:20
00000000-0000-0000-0000-000000000474_000017	00000000-0000-0000-0000-000000000474	17	Jane Austen	2006-01-14 04:39:13
00000000-0000-0000-0000-000000000474_000021	00000000-0000-0000-0000-000000000474	21	Hollywood	2006-01-14 11:36:18
00000000-0000-0000-0000-000000000474_000022	00000000-0000-0000-0000-000000000474	22	serial killer	2006-01-16 10:38:16
00000000-0000-0000-0000-000000000474_000025	00000000-0000-0000-0000-000000000474	25	alcoholism	2006-01-25 06:19:15
00000000-0000-0000-0000-000000000474_000026	00000000-0000-0000-0000-000000000474	26	Shakespeare	2006-01-25 06:20:03
00000000-0000-0000-0000-000000000474_000028	00000000-0000-0000-0000-000000000474	28	In Netflix queue	2006-01-14 10:25:42
00000000-0000-0000-0000-000000000474_000028	00000000-0000-0000-0000-000000000474	28	Jane Austen	2006-01-14 04:20:37
00000000-0000-0000-0000-000000000474_000029	00000000-0000-0000-0000-000000000474	29	kidnapping	2006-01-25 06:17:53
00000000-0000-0000-0000-000000000474_000031	00000000-0000-0000-0000-000000000474	31	high school	2006-01-16 10:38:22
00000000-0000-0000-0000-000000000474_000031	00000000-0000-0000-0000-000000000474	31	teacher	2006-01-16 10:38:22
00000000-0000-0000-0000-000000000474_000032	00000000-0000-0000-0000-000000000474	32	time travel	2006-01-14 11:47:06
00000000-0000-0000-0000-000000000474_000034	00000000-0000-0000-0000-000000000474	34	Animal movie	2006-01-14 04:35:56
00000000-0000-0000-0000-000000000474_000034	00000000-0000-0000-0000-000000000474	34	pigs	2006-01-14 11:20:37
00000000-0000-0000-0000-000000000474_000036	00000000-0000-0000-0000-000000000474	36	death penalty	2006-01-14 10:32:43
00000000-0000-0000-0000-000000000474_000036	00000000-0000-0000-0000-000000000474	36	Nun	2006-01-14 07:27:07
00000000-0000-0000-0000-000000000474_000038	00000000-0000-0000-0000-000000000474	38	twins	2006-01-16 10:09:20
00000000-0000-0000-0000-000000000474_000039	00000000-0000-0000-0000-000000000474	39	Emma	2006-01-25 06:18:12
00000000-0000-0000-0000-000000000474_000039	00000000-0000-0000-0000-000000000474	39	Jane Austen	2006-01-25 06:18:12
00000000-0000-0000-0000-000000000474_000040	00000000-0000-0000-0000-000000000474	40	In Netflix queue	2006-01-14 10:28:27
00000000-0000-0000-0000-000000000474_000040	00000000-0000-0000-0000-000000000474	40	South Africa	2006-01-14 10:28:27
00000000-0000-0000-0000-000000000474_000041	00000000-0000-0000-0000-000000000474	41	Shakespeare	2006-01-25 06:20:46
00000000-0000-0000-0000-000000000474_000043	00000000-0000-0000-0000-000000000474	43	England	2006-01-25 06:20:40
00000000-0000-0000-0000-000000000474_000045	00000000-0000-0000-0000-000000000474	45	Journalism	2006-01-14 11:47:06
00000000-0000-0000-0000-000000000474_000046	00000000-0000-0000-0000-000000000474	46	wedding	2006-01-16 10:38:59
00000000-0000-0000-0000-000000000474_000047	00000000-0000-0000-0000-000000000474	47	serial killer	2006-01-14 11:40:52
00000000-0000-0000-0000-000000000474_000050	00000000-0000-0000-0000-000000000474	50	heist	2006-01-14 11:47:06
00000000-0000-0000-0000-000000000474_000052	00000000-0000-0000-0000-000000000474	52	adoption	2006-01-14 11:38:35
00000000-0000-0000-0000-000000000474_000052	00000000-0000-0000-0000-000000000474	52	prostitution	2006-01-14 11:39:31
00000000-0000-0000-0000-000000000474_000058	00000000-0000-0000-0000-000000000474	58	writing	2006-01-25 06:20:13
00000000-0000-0000-0000-000000000474_000062	00000000-0000-0000-0000-000000000474	62	music	2006-01-16 10:29:17
00000000-0000-0000-0000-000000000474_000092	00000000-0000-0000-0000-000000000474	92	Jekyll and Hyde	2006-01-25 06:19:34
00000000-0000-0000-0000-000000000474_000096	00000000-0000-0000-0000-000000000474	96	theater	2006-01-25 06:18:57
00000000-0000-0000-0000-000000000474_000101	00000000-0000-0000-0000-000000000474	101	crime	2006-01-25 06:17:40
00000000-0000-0000-0000-000000000474_000104	00000000-0000-0000-0000-000000000474	104	golf	2006-01-16 10:13:34
00000000-0000-0000-0000-000000000474_000107	00000000-0000-0000-0000-000000000474	107	muppets	2006-01-16 10:39:33
00000000-0000-0000-0000-000000000474_000110	00000000-0000-0000-0000-000000000474	110	Scotland	2006-01-14 04:36:14
00000000-0000-0000-0000-000000000474_000111	00000000-0000-0000-0000-000000000474	111	assassination	2006-01-14 11:41:53
00000000-0000-0000-0000-000000000474_000116	00000000-0000-0000-0000-000000000474	116	Holocaust	2006-01-24 03:19:58
00000000-0000-0000-0000-000000000474_000122	00000000-0000-0000-0000-000000000474	122	dating	2006-01-16 10:07:59
00000000-0000-0000-0000-000000000474_000140	00000000-0000-0000-0000-000000000474	140	journalism	2006-01-16 10:30:31
00000000-0000-0000-0000-000000000474_000150	00000000-0000-0000-0000-000000000474	150	moon	2006-01-14 11:20:34
00000000-0000-0000-0000-000000000474_000150	00000000-0000-0000-0000-000000000474	150	NASA	2006-01-14 04:36:17
00000000-0000-0000-0000-000000000474_000150	00000000-0000-0000-0000-000000000474	150	space	2006-01-14 11:20:33
00000000-0000-0000-0000-000000000474_000153	00000000-0000-0000-0000-000000000474	153	superhero	2006-01-16 10:37:33
00000000-0000-0000-0000-000000000474_000160	00000000-0000-0000-0000-000000000474	160	Michael Crichton	2006-01-16 10:08:46
00000000-0000-0000-0000-000000000474_000161	00000000-0000-0000-0000-000000000474	161	submarine	2006-01-25 06:18:17
00000000-0000-0000-0000-000000000474_000162	00000000-0000-0000-0000-000000000474	162	In Netflix queue	2006-01-14 10:27:18
00000000-0000-0000-0000-000000000474_000185	00000000-0000-0000-0000-000000000474	185	computers	2006-01-16 10:40:04
00000000-0000-0000-0000-000000000474_000199	00000000-0000-0000-0000-000000000474	199	Made me cry	2006-01-14 10:45:24
00000000-0000-0000-0000-000000000474_000215	00000000-0000-0000-0000-000000000474	215	generation X	2006-01-24 03:20:10
00000000-0000-0000-0000-000000000474_000216	00000000-0000-0000-0000-000000000474	216	school	2006-01-16 10:07:55
00000000-0000-0000-0000-000000000474_000222	00000000-0000-0000-0000-000000000474	222	Ireland	2006-01-14 04:47:24
00000000-0000-0000-0000-000000000474_000223	00000000-0000-0000-0000-000000000474	223	generation X	2006-01-25 06:18:00
00000000-0000-0000-0000-000000000474_000224	00000000-0000-0000-0000-000000000474	224	mental illness	2006-01-25 06:18:36
00000000-0000-0000-0000-000000000474_000224	00000000-0000-0000-0000-000000000474	224	psychology	2006-01-25 06:18:36
00000000-0000-0000-0000-000000000474_000230	00000000-0000-0000-0000-000000000474	230	Stephen King	2006-01-25 06:18:26
00000000-0000-0000-0000-000000000474_000232	00000000-0000-0000-0000-000000000474	232	In Netflix queue	2006-01-14 10:10:27
00000000-0000-0000-0000-000000000474_000235	00000000-0000-0000-0000-000000000474	235	movie business	2006-01-14 04:47:31
00000000-0000-0000-0000-000000000474_000237	00000000-0000-0000-0000-000000000474	237	basketball	2006-01-25 06:18:48
00000000-0000-0000-0000-000000000474_000237	00000000-0000-0000-0000-000000000474	237	France	2006-01-25 06:18:48
00000000-0000-0000-0000-000000000474_000237	00000000-0000-0000-0000-000000000474	237	infertility	2006-01-25 06:18:48
00000000-0000-0000-0000-000000000474_000246	00000000-0000-0000-0000-000000000474	246	basketball	2006-01-21 04:19:40
00000000-0000-0000-0000-000000000474_000247	00000000-0000-0000-0000-000000000474	247	Australia	2006-01-14 04:47:46
00000000-0000-0000-0000-000000000474_000249	00000000-0000-0000-0000-000000000474	249	Beethoven	2006-01-14 04:47:52
00000000-0000-0000-0000-000000000474_000252	00000000-0000-0000-0000-000000000474	252	Einstein	2006-01-16 10:13:41
00000000-0000-0000-0000-000000000474_000257	00000000-0000-0000-0000-000000000474	257	court	2006-01-16 10:39:15
00000000-0000-0000-0000-000000000474_000260	00000000-0000-0000-0000-000000000474	260	darth vader	2006-01-14 11:41:34
00000000-0000-0000-0000-000000000474_000260	00000000-0000-0000-0000-000000000474	260	luke skywalker	2006-01-14 11:41:36
00000000-0000-0000-0000-000000000474_000260	00000000-0000-0000-0000-000000000474	260	space opera	2006-01-14 11:41:44
00000000-0000-0000-0000-000000000474_000261	00000000-0000-0000-0000-000000000474	261	Louisa May Alcott	2006-01-14 04:48:08
00000000-0000-0000-0000-000000000474_000262	00000000-0000-0000-0000-000000000474	262	England	2006-01-14 11:36:43
00000000-0000-0000-0000-000000000474_000262	00000000-0000-0000-0000-000000000474	262	Girl Power	2006-01-14 11:36:43
00000000-0000-0000-0000-000000000474_000262	00000000-0000-0000-0000-000000000474	262	India	2006-01-14 11:36:43
00000000-0000-0000-0000-000000000474_000272	00000000-0000-0000-0000-000000000474	272	England	2006-01-25 06:19:26
00000000-0000-0000-0000-000000000474_000272	00000000-0000-0000-0000-000000000474	272	mental illness	2006-01-25 06:19:26
00000000-0000-0000-0000-000000000474_000277	00000000-0000-0000-0000-000000000474	277	Christmas	2006-01-16 10:13:47
00000000-0000-0000-0000-000000000474_000279	00000000-0000-0000-0000-000000000474	279	In Netflix queue	2006-01-14 10:29:19
00000000-0000-0000-0000-000000000474_000280	00000000-0000-0000-0000-000000000474	280	prison	2006-01-16 10:39:45
00000000-0000-0000-0000-000000000474_000282	00000000-0000-0000-0000-000000000474	282	disability	2006-01-16 10:39:54
00000000-0000-0000-0000-000000000474_000282	00000000-0000-0000-0000-000000000474	282	twins	2006-01-16 10:39:54
00000000-0000-0000-0000-000000000474_000290	00000000-0000-0000-0000-000000000474	290	In Netflix queue	2006-01-14 10:25:07
00000000-0000-0000-0000-000000000474_000293	00000000-0000-0000-0000-000000000474	293	hit men	2006-01-25 06:20:19
00000000-0000-0000-0000-000000000474_000296	00000000-0000-0000-0000-000000000474	296	hit men	2006-01-14 11:16:41
00000000-0000-0000-0000-000000000474_000300	00000000-0000-0000-0000-000000000474	300	TV	2006-01-14 11:39:36
00000000-0000-0000-0000-000000000474_000307	00000000-0000-0000-0000-000000000474	307	Death	2006-01-14 10:44:47
00000000-0000-0000-0000-000000000474_000308	00000000-0000-0000-0000-000000000474	308	marriage	2006-01-14 11:47:07
00000000-0000-0000-0000-000000000474_000316	00000000-0000-0000-0000-000000000474	316	time travel	2006-01-25 06:21:13
00000000-0000-0000-0000-000000000474_000317	00000000-0000-0000-0000-000000000474	317	Christmas	2006-01-16 10:14:07
00000000-0000-0000-0000-000000000474_000318	00000000-0000-0000-0000-000000000474	318	prison	2006-01-14 11:17:40
00000000-0000-0000-0000-000000000474_000318	00000000-0000-0000-0000-000000000474	318	Stephen King	2006-01-14 04:39:31
00000000-0000-0000-0000-000000000474_000318	00000000-0000-0000-0000-000000000474	318	wrongful imprisonment	2006-01-14 11:17:44
00000000-0000-0000-0000-000000000474_000326	00000000-0000-0000-0000-000000000474	326	In Netflix queue	2006-01-14 10:23:17
00000000-0000-0000-0000-000000000474_000329	00000000-0000-0000-0000-000000000474	329	Enterprise	2006-01-14 11:41:31
00000000-0000-0000-0000-000000000474_000337	00000000-0000-0000-0000-000000000474	337	mental illness	2006-01-14 11:47:08
00000000-0000-0000-0000-000000000474_000338	00000000-0000-0000-0000-000000000474	338	serial killer	2006-01-16 10:41:02
00000000-0000-0000-0000-000000000474_000339	00000000-0000-0000-0000-000000000474	339	coma	2006-01-25 06:23:01
00000000-0000-0000-0000-000000000474_000342	00000000-0000-0000-0000-000000000474	342	Australia	2006-01-25 06:19:53
00000000-0000-0000-0000-000000000474_000342	00000000-0000-0000-0000-000000000474	342	weddings	2006-01-25 06:19:53
00000000-0000-0000-0000-000000000474_000345	00000000-0000-0000-0000-000000000474	345	cross dressing	2006-01-24 03:19:41
00000000-0000-0000-0000-000000000474_000345	00000000-0000-0000-0000-000000000474	345	men in drag	2006-01-24 03:19:41
00000000-0000-0000-0000-000000000474_000345	00000000-0000-0000-0000-000000000474	345	remade	2006-01-24 03:19:41
00000000-0000-0000-0000-000000000474_000349	00000000-0000-0000-0000-000000000474	349	Tom Clancy	2006-01-14 04:36:01
00000000-0000-0000-0000-000000000474_000350	00000000-0000-0000-0000-000000000474	350	John Grisham	2006-01-16 10:38:02
00000000-0000-0000-0000-000000000474_000351	00000000-0000-0000-0000-000000000474	351	interracial romance	2006-01-16 10:13:28
00000000-0000-0000-0000-000000000474_000356	00000000-0000-0000-0000-000000000474	356	shrimp	2006-01-16 10:38:39
00000000-0000-0000-0000-000000000474_000356	00000000-0000-0000-0000-000000000474	356	Vietnam	2006-01-16 10:38:39
00000000-0000-0000-0000-000000000474_000357	00000000-0000-0000-0000-000000000474	357	wedding	2006-01-16 10:38:47
00000000-0000-0000-0000-000000000474_000361	00000000-0000-0000-0000-000000000474	361	gambling	2006-01-25 06:19:11
00000000-0000-0000-0000-000000000474_000363	00000000-0000-0000-0000-000000000474	363	Holocaust	2006-01-14 10:28:43
00000000-0000-0000-0000-000000000474_000363	00000000-0000-0000-0000-000000000474	363	In Netflix queue	2006-01-14 10:28:43
00000000-0000-0000-0000-000000000474_000364	00000000-0000-0000-0000-000000000474	364	Disney	2006-01-14 04:35:59
00000000-0000-0000-0000-000000000474_000371	00000000-0000-0000-0000-000000000474	371	journalism	2006-01-16 10:40:29
00000000-0000-0000-0000-000000000474_000377	00000000-0000-0000-0000-000000000474	377	bus	2006-01-14 11:41:16
00000000-0000-0000-0000-000000000474_000380	00000000-0000-0000-0000-000000000474	380	spies	2006-01-14 11:47:06
00000000-0000-0000-0000-000000000474_000381	00000000-0000-0000-0000-000000000474	381	alcoholism	2006-01-16 10:30:43
00000000-0000-0000-0000-000000000474_000412	00000000-0000-0000-0000-000000000474	412	Edith Wharton	2006-01-14 04:47:13
00000000-0000-0000-0000-000000000474_000421	00000000-0000-0000-0000-000000000474	421	horses	2006-01-24 03:20:15
00000000-0000-0000-0000-000000000474_000425	00000000-0000-0000-0000-000000000474	425	mental illness	2006-01-24 03:20:34
00000000-0000-0000-0000-000000000474_000425	00000000-0000-0000-0000-000000000474	425	Oscar (Best Actress)	2006-01-24 03:20:34
00000000-0000-0000-0000-000000000474_000440	00000000-0000-0000-0000-000000000474	440	President	2006-01-14 07:28:49
00000000-0000-0000-0000-000000000474_000454	00000000-0000-0000-0000-000000000474	454	John Grisham	2006-01-14 04:47:38
00000000-0000-0000-0000-000000000474_000457	00000000-0000-0000-0000-000000000474	457	based on a TV show	2006-01-21 04:18:37
00000000-0000-0000-0000-000000000474_000471	00000000-0000-0000-0000-000000000474	471	hula hoop	2006-01-16 10:39:07
00000000-0000-0000-0000-000000000474_000474	00000000-0000-0000-0000-000000000474	474	assassination	2006-01-25 06:19:03
00000000-0000-0000-0000-000000000474_000475	00000000-0000-0000-0000-000000000474	475	Ireland	2006-01-14 04:47:57
00000000-0000-0000-0000-000000000474_000477	00000000-0000-0000-0000-000000000474	477	biopic	2006-01-25 06:22:56
00000000-0000-0000-0000-000000000474_000480	00000000-0000-0000-0000-000000000474	480	Dinosaur	2006-01-14 10:42:01
00000000-0000-0000-0000-000000000474_000488	00000000-0000-0000-0000-000000000474	488	Japan	2006-01-16 10:39:30
00000000-0000-0000-0000-000000000474_000488	00000000-0000-0000-0000-000000000474	488	sexuality	2006-01-16 10:39:30
00000000-0000-0000-0000-000000000474_000497	00000000-0000-0000-0000-000000000474	497	Shakespeare	2006-01-14 04:39:03
00000000-0000-0000-0000-000000000474_000500	00000000-0000-0000-0000-000000000474	500	cross dressing	2006-01-16 10:29:19
00000000-0000-0000-0000-000000000474_000500	00000000-0000-0000-0000-000000000474	500	divorce	2006-01-16 10:29:21
00000000-0000-0000-0000-000000000474_000500	00000000-0000-0000-0000-000000000474	500	men in drag	2006-01-16 10:29:27
00000000-0000-0000-0000-000000000474_000508	00000000-0000-0000-0000-000000000474	508	AIDs	2006-01-16 10:40:34
00000000-0000-0000-0000-000000000474_000513	00000000-0000-0000-0000-000000000474	513	radio	2006-01-25 06:20:37
00000000-0000-0000-0000-000000000474_000513	00000000-0000-0000-0000-000000000474	513	show business	2006-01-25 06:20:37
00000000-0000-0000-0000-000000000474_000515	00000000-0000-0000-0000-000000000474	515	Butler	2006-01-14 10:36:39
00000000-0000-0000-0000-000000000474_000515	00000000-0000-0000-0000-000000000474	515	Housekeeper	2006-01-14 10:36:39
00000000-0000-0000-0000-000000000474_000516	00000000-0000-0000-0000-000000000474	516	military	2006-01-16 10:17:30
00000000-0000-0000-0000-000000000474_000522	00000000-0000-0000-0000-000000000474	522	Australia	2006-01-25 06:21:00
00000000-0000-0000-0000-000000000474_000522	00000000-0000-0000-0000-000000000474	522	racism	2006-01-25 06:21:00
00000000-0000-0000-0000-000000000474_000522	00000000-0000-0000-0000-000000000474	522	violence	2006-01-25 06:21:00
00000000-0000-0000-0000-000000000474_000524	00000000-0000-0000-0000-000000000474	524	football	2006-01-16 10:30:02
00000000-0000-0000-0000-000000000474_000527	00000000-0000-0000-0000-000000000474	527	Holocaust	2006-01-14 04:36:10
00000000-0000-0000-0000-000000000474_000529	00000000-0000-0000-0000-000000000474	529	chess	2006-01-14 04:48:25
00000000-0000-0000-0000-000000000474_000531	00000000-0000-0000-0000-000000000474	531	In Netflix queue	2006-01-14 10:24:56
00000000-0000-0000-0000-000000000474_000534	00000000-0000-0000-0000-000000000474	534	C.S. Lewis	2006-01-14 04:39:23
00000000-0000-0000-0000-000000000474_000535	00000000-0000-0000-0000-000000000474	535	large cast	2006-01-14 11:41:11
00000000-0000-0000-0000-000000000474_000538	00000000-0000-0000-0000-000000000474	538	race	2006-01-25 06:21:05
00000000-0000-0000-0000-000000000474_000539	00000000-0000-0000-0000-000000000474	539	Empire State Building	2006-01-14 10:44:01
00000000-0000-0000-0000-000000000474_000541	00000000-0000-0000-0000-000000000474	541	robots	2006-01-16 10:37:44
00000000-0000-0000-0000-000000000474_000543	00000000-0000-0000-0000-000000000474	543	beat poetry	2006-01-14 10:44:17
00000000-0000-0000-0000-000000000474_000551	00000000-0000-0000-0000-000000000474	551	Christmas	2006-01-16 10:40:15
00000000-0000-0000-0000-000000000474_000551	00000000-0000-0000-0000-000000000474	551	Halloween	2006-01-16 10:40:15
00000000-0000-0000-0000-000000000474_000556	00000000-0000-0000-0000-000000000474	556	politics	2006-01-16 10:41:06
00000000-0000-0000-0000-000000000474_000562	00000000-0000-0000-0000-000000000474	562	adolescence	2006-01-14 11:47:07
00000000-0000-0000-0000-000000000474_000586	00000000-0000-0000-0000-000000000474	586	christmas	2006-01-16 10:16:22
00000000-0000-0000-0000-000000000474_000587	00000000-0000-0000-0000-000000000474	587	overrated	2006-01-14 04:35:51
00000000-0000-0000-0000-000000000474_000588	00000000-0000-0000-0000-000000000474	588	Disney	2006-01-14 04:36:11
00000000-0000-0000-0000-000000000474_000589	00000000-0000-0000-0000-000000000474	589	robots	2006-01-14 11:41:57
00000000-0000-0000-0000-000000000474_000590	00000000-0000-0000-0000-000000000474	590	American Indians	2006-01-14 04:36:16
00000000-0000-0000-0000-000000000474_000590	00000000-0000-0000-0000-000000000474	590	Native Americans	2006-01-14 04:36:16
00000000-0000-0000-0000-000000000474_000592	00000000-0000-0000-0000-000000000474	592	superhero	2006-01-14 11:36:04
00000000-0000-0000-0000-000000000474_000593	00000000-0000-0000-0000-000000000474	593	Hannibal Lector	2006-01-14 04:36:22
00000000-0000-0000-0000-000000000474_000594	00000000-0000-0000-0000-000000000474	594	Disney	2006-01-16 10:40:48
00000000-0000-0000-0000-000000000474_000595	00000000-0000-0000-0000-000000000474	595	Disney	2006-01-14 04:36:03
00000000-0000-0000-0000-000000000474_000596	00000000-0000-0000-0000-000000000474	596	Disney	2006-01-16 10:17:04
00000000-0000-0000-0000-000000000474_000597	00000000-0000-0000-0000-000000000474	597	prostitution	2006-01-14 11:38:44
00000000-0000-0000-0000-000000000474_000608	00000000-0000-0000-0000-000000000474	608	Coen Brothers	2006-01-14 04:36:08
00000000-0000-0000-0000-000000000474_000616	00000000-0000-0000-0000-000000000474	616	Disney	2006-01-24 03:20:01
00000000-0000-0000-0000-000000000474_000628	00000000-0000-0000-0000-000000000474	628	priest	2006-01-16 10:44:44
00000000-0000-0000-0000-000000000474_000638	00000000-0000-0000-0000-000000000474	638	babies	2006-01-16 10:43:18
00000000-0000-0000-0000-000000000474_000647	00000000-0000-0000-0000-000000000474	647	Gulf War	2006-01-16 10:41:58
00000000-0000-0000-0000-000000000474_000648	00000000-0000-0000-0000-000000000474	648	based on a TV show	2006-01-25 06:19:44
00000000-0000-0000-0000-000000000474_000668	00000000-0000-0000-0000-000000000474	668	India	2006-01-25 06:20:07
00000000-0000-0000-0000-000000000474_000670	00000000-0000-0000-0000-000000000474	670	India	2006-01-14 04:42:00
00000000-0000-0000-0000-000000000474_000671	00000000-0000-0000-0000-000000000474	671	spoof	2006-01-25 06:19:57
00000000-0000-0000-0000-000000000474_000673	00000000-0000-0000-0000-000000000474	673	Bugs Bunny	2006-01-16 10:12:58
00000000-0000-0000-0000-000000000474_000708	00000000-0000-0000-0000-000000000474	708	Veterinarian	2006-01-14 10:45:07
00000000-0000-0000-0000-000000000474_000720	00000000-0000-0000-0000-000000000474	720	Aardman	2006-01-14 11:47:08
00000000-0000-0000-0000-000000000474_000728	00000000-0000-0000-0000-000000000474	728	In Netflix queue	2006-01-14 10:28:16
00000000-0000-0000-0000-000000000474_000733	00000000-0000-0000-0000-000000000474	733	Alcatraz	2006-01-14 11:40:18
00000000-0000-0000-0000-000000000474_000736	00000000-0000-0000-0000-000000000474	736	Disaster	2006-01-14 04:36:00
00000000-0000-0000-0000-000000000474_000745	00000000-0000-0000-0000-000000000474	745	Aardman	2006-01-14 11:47:07
00000000-0000-0000-0000-000000000474_000748	00000000-0000-0000-0000-000000000474	748	aliens	2006-01-25 06:23:40
00000000-0000-0000-0000-000000000474_000750	00000000-0000-0000-0000-000000000474	750	Atomic bomb	2006-01-14 10:41:28
00000000-0000-0000-0000-000000000474_000778	00000000-0000-0000-0000-000000000474	778	drug abuse	2006-01-14 07:31:30
00000000-0000-0000-0000-000000000474_000780	00000000-0000-0000-0000-000000000474	780	aliens	2006-01-14 11:36:21
00000000-0000-0000-0000-000000000474_000800	00000000-0000-0000-0000-000000000474	800	In Netflix queue	2006-01-14 10:26:14
00000000-0000-0000-0000-000000000474_000805	00000000-0000-0000-0000-000000000474	805	John Grisham	2006-01-16 10:46:09
00000000-0000-0000-0000-000000000474_000818	00000000-0000-0000-0000-000000000474	818	based on a TV show	2006-01-16 10:46:36
00000000-0000-0000-0000-000000000474_000830	00000000-0000-0000-0000-000000000474	830	adultery	2006-01-16 10:15:23
00000000-0000-0000-0000-000000000474_000832	00000000-0000-0000-0000-000000000474	832	kidnapping	2006-01-16 10:17:22
00000000-0000-0000-0000-000000000474_000838	00000000-0000-0000-0000-000000000474	838	Jane Austen	2006-01-16 10:42:28
00000000-0000-0000-0000-000000000474_000852	00000000-0000-0000-0000-000000000474	852	golf	2006-01-16 10:17:42
00000000-0000-0000-0000-000000000474_000858	00000000-0000-0000-0000-000000000474	858	Mafia	2006-01-14 04:35:55
00000000-0000-0000-0000-000000000474_000892	00000000-0000-0000-0000-000000000474	892	Shakespeare	2006-01-16 10:46:28
00000000-0000-0000-0000-000000000474_000898	00000000-0000-0000-0000-000000000474	898	divorce	2006-01-14 11:38:42
00000000-0000-0000-0000-000000000474_000899	00000000-0000-0000-0000-000000000474	899	movie business	2006-01-14 04:48:33
00000000-0000-0000-0000-000000000474_000900	00000000-0000-0000-0000-000000000474	900	France	2006-01-25 06:23:29
00000000-0000-0000-0000-000000000474_000902	00000000-0000-0000-0000-000000000474	902	Capote	2006-01-25 06:24:09
00000000-0000-0000-0000-000000000474_000903	00000000-0000-0000-0000-000000000474	903	falling	2006-01-14 11:20:55
00000000-0000-0000-0000-000000000474_000904	00000000-0000-0000-0000-000000000474	904	voyeurism	2006-01-14 11:39:40
00000000-0000-0000-0000-000000000474_000905	00000000-0000-0000-0000-000000000474	905	Screwball	2006-01-14 10:34:59
00000000-0000-0000-0000-000000000474_000906	00000000-0000-0000-0000-000000000474	906	Brooch	2006-01-14 07:27:11
00000000-0000-0000-0000-000000000474_000907	00000000-0000-0000-0000-000000000474	907	divorce	2006-01-16 10:43:00
00000000-0000-0000-0000-000000000474_000908	00000000-0000-0000-0000-000000000474	908	Mount Rushmore	2006-01-25 06:26:08
00000000-0000-0000-0000-000000000474_000909	00000000-0000-0000-0000-000000000474	909	adultery	2006-01-14 11:36:02
00000000-0000-0000-0000-000000000474_000910	00000000-0000-0000-0000-000000000474	910	men in drag	2006-01-14 07:31:21
00000000-0000-0000-0000-000000000474_000911	00000000-0000-0000-0000-000000000474	911	heist	2006-01-27 05:19:40
00000000-0000-0000-0000-000000000474_000912	00000000-0000-0000-0000-000000000474	912	start of a beautiful friendship	2006-01-14 10:31:59
00000000-0000-0000-0000-000000000474_000913	00000000-0000-0000-0000-000000000474	913	statue	2006-01-14 11:37:09
00000000-0000-0000-0000-000000000474_000914	00000000-0000-0000-0000-000000000474	914	George Bernard Shaw	2006-01-14 10:42:53
00000000-0000-0000-0000-000000000474_000915	00000000-0000-0000-0000-000000000474	915	rich guy - poor girl	2006-01-14 11:40:49
00000000-0000-0000-0000-000000000474_000916	00000000-0000-0000-0000-000000000474	916	Italy	2006-01-14 11:40:29
00000000-0000-0000-0000-000000000474_000916	00000000-0000-0000-0000-000000000474	916	royalty	2006-01-14 11:40:29
00000000-0000-0000-0000-000000000474_000918	00000000-0000-0000-0000-000000000474	918	1900s	2006-01-25 06:25:49
00000000-0000-0000-0000-000000000474_000919	00000000-0000-0000-0000-000000000474	919	Dorothy	2006-01-14 11:21:10
00000000-0000-0000-0000-000000000474_000919	00000000-0000-0000-0000-000000000474	919	Toto	2006-01-14 11:21:10
00000000-0000-0000-0000-000000000474_000920	00000000-0000-0000-0000-000000000474	920	Civil War	2006-01-16 10:15:45
00000000-0000-0000-0000-000000000474_000921	00000000-0000-0000-0000-000000000474	921	television	2006-01-16 10:44:17
00000000-0000-0000-0000-000000000474_000922	00000000-0000-0000-0000-000000000474	922	movies	2006-01-14 11:56:46
00000000-0000-0000-0000-000000000474_000923	00000000-0000-0000-0000-000000000474	923	Rosebud	2006-01-14 10:41:08
00000000-0000-0000-0000-000000000474_000924	00000000-0000-0000-0000-000000000474	924	Hal	2006-01-16 08:33:55
00000000-0000-0000-0000-000000000474_000924	00000000-0000-0000-0000-000000000474	924	space	2006-01-16 08:33:55
00000000-0000-0000-0000-000000000474_000926	00000000-0000-0000-0000-000000000474	926	Hollywood	2006-01-14 10:40:21
00000000-0000-0000-0000-000000000474_000927	00000000-0000-0000-0000-000000000474	927	divorce	2006-01-16 08:35:40
00000000-0000-0000-0000-000000000474_000928	00000000-0000-0000-0000-000000000474	928	Mrs. DeWinter	2006-01-14 10:36:30
00000000-0000-0000-0000-000000000474_000929	00000000-0000-0000-0000-000000000474	929	Europe	2006-02-20 22:24:47
00000000-0000-0000-0000-000000000474_000929	00000000-0000-0000-0000-000000000474	929	journalism	2006-02-20 22:24:47
00000000-0000-0000-0000-000000000474_000929	00000000-0000-0000-0000-000000000474	929	war	2006-02-20 22:24:47
00000000-0000-0000-0000-000000000474_000930	00000000-0000-0000-0000-000000000474	930	assassination	2006-01-14 11:50:35
00000000-0000-0000-0000-000000000474_000931	00000000-0000-0000-0000-000000000474	931	amnesia	2006-01-25 06:26:39
00000000-0000-0000-0000-000000000474_000934	00000000-0000-0000-0000-000000000474	934	wedding	2006-01-16 10:42:47
00000000-0000-0000-0000-000000000474_000936	00000000-0000-0000-0000-000000000474	936	Cold War	2006-01-18 03:07:08
00000000-0000-0000-0000-000000000474_000936	00000000-0000-0000-0000-000000000474	936	Russia	2006-01-18 03:07:08
00000000-0000-0000-0000-000000000474_000938	00000000-0000-0000-0000-000000000474	938	prostitution	2006-01-16 10:28:57
00000000-0000-0000-0000-000000000474_000940	00000000-0000-0000-0000-000000000474	940	swashbuckler	2006-01-25 06:23:18
00000000-0000-0000-0000-000000000474_000941	00000000-0000-0000-0000-000000000474	941	swashbuckler	2006-01-25 06:25:43
00000000-0000-0000-0000-000000000474_000943	00000000-0000-0000-0000-000000000474	943	ghosts	2006-01-27 05:21:18
00000000-0000-0000-0000-000000000474_000944	00000000-0000-0000-0000-000000000474	944	Shangri-La	2006-01-14 11:50:08
00000000-0000-0000-0000-000000000474_000945	00000000-0000-0000-0000-000000000474	945	Astaire and Rogers	2006-01-14 04:41:41
00000000-0000-0000-0000-000000000474_000947	00000000-0000-0000-0000-000000000474	947	butler	2006-01-18 03:04:56
00000000-0000-0000-0000-000000000474_000947	00000000-0000-0000-0000-000000000474	947	homeless	2006-01-18 03:04:56
00000000-0000-0000-0000-000000000474_000947	00000000-0000-0000-0000-000000000474	947	screwball	2006-01-18 03:05:03
00000000-0000-0000-0000-000000000474_000948	00000000-0000-0000-0000-000000000474	948	oil	2006-01-14 11:48:58
00000000-0000-0000-0000-000000000474_000950	00000000-0000-0000-0000-000000000474	950	Nick and Nora Charles	2006-01-14 10:09:54
00000000-0000-0000-0000-000000000474_000951	00000000-0000-0000-0000-000000000474	951	Screwball	2006-01-14 10:41:46
00000000-0000-0000-0000-000000000474_000952	00000000-0000-0000-0000-000000000474	952	race	2006-01-16 10:41:25
00000000-0000-0000-0000-000000000474_000953	00000000-0000-0000-0000-000000000474	953	Christmas	2006-01-25 06:25:27
00000000-0000-0000-0000-000000000474_000954	00000000-0000-0000-0000-000000000474	954	Politics	2006-01-14 10:42:36
00000000-0000-0000-0000-000000000474_000955	00000000-0000-0000-0000-000000000474	955	leopard	2006-01-16 08:34:12
00000000-0000-0000-0000-000000000474_000955	00000000-0000-0000-0000-000000000474	955	screwball	2006-01-16 08:34:12
00000000-0000-0000-0000-000000000474_000956	00000000-0000-0000-0000-000000000474	956	adoption	2006-01-14 11:50:58
00000000-0000-0000-0000-000000000474_000965	00000000-0000-0000-0000-000000000474	965	fugitive	2006-01-14 11:47:41
00000000-0000-0000-0000-000000000474_000968	00000000-0000-0000-0000-000000000474	968	zombies	2006-01-14 04:49:47
00000000-0000-0000-0000-000000000474_000969	00000000-0000-0000-0000-000000000474	969	missionary	2006-01-14 10:30:49
00000000-0000-0000-0000-000000000474_000970	00000000-0000-0000-0000-000000000474	970	crime	2006-01-27 05:19:30
00000000-0000-0000-0000-000000000474_000971	00000000-0000-0000-0000-000000000474	971	Tennessee Williams	2006-01-25 06:24:30
00000000-0000-0000-0000-000000000474_000973	00000000-0000-0000-0000-000000000474	973	journalism	2006-01-27 05:22:36
00000000-0000-0000-0000-000000000474_000976	00000000-0000-0000-0000-000000000474	976	Hemingway	2006-01-16 10:42:42
00000000-0000-0000-0000-000000000474_000986	00000000-0000-0000-0000-000000000474	986	Animal movie	2006-01-14 04:49:15
00000000-0000-0000-0000-000000000474_000991	00000000-0000-0000-0000-000000000474	991	Ireland	2006-01-16 10:43:41
00000000-0000-0000-0000-000000000474_000994	00000000-0000-0000-0000-000000000474	994	food	2006-01-25 06:23:52
00000000-0000-0000-0000-000000000474_001006	00000000-0000-0000-0000-000000000474	1006	death penalty	2006-01-25 06:24:40
00000000-0000-0000-0000-000000000474_001006	00000000-0000-0000-0000-000000000474	1006	John Grisham	2006-01-25 06:24:40
00000000-0000-0000-0000-000000000474_001010	00000000-0000-0000-0000-000000000474	1010	Disney	2006-01-16 10:43:29
00000000-0000-0000-0000-000000000474_001010	00000000-0000-0000-0000-000000000474	1010	race	2006-01-16 10:43:29
00000000-0000-0000-0000-000000000474_001013	00000000-0000-0000-0000-000000000474	1013	twins	2006-01-16 10:44:24
00000000-0000-0000-0000-000000000474_001022	00000000-0000-0000-0000-000000000474	1022	Disney	2006-01-14 04:49:09
00000000-0000-0000-0000-000000000474_001025	00000000-0000-0000-0000-000000000474	1025	Disney	2006-01-16 10:45:59
00000000-0000-0000-0000-000000000474_001025	00000000-0000-0000-0000-000000000474	1025	King Arthur	2006-01-16 10:45:59
00000000-0000-0000-0000-000000000474_001028	00000000-0000-0000-0000-000000000474	1028	Disney	2006-01-16 10:43:35
00000000-0000-0000-0000-000000000474_001028	00000000-0000-0000-0000-000000000474	1028	nanny	2006-01-16 10:43:35
00000000-0000-0000-0000-000000000474_001029	00000000-0000-0000-0000-000000000474	1029	Disney	2006-01-16 10:42:21
00000000-0000-0000-0000-000000000474_001030	00000000-0000-0000-0000-000000000474	1030	Disney	2006-01-16 10:16:59
00000000-0000-0000-0000-000000000474_001032	00000000-0000-0000-0000-000000000474	1032	Disney	2006-01-16 10:14:33
00000000-0000-0000-0000-000000000474_001033	00000000-0000-0000-0000-000000000474	1033	Disney	2006-01-14 10:41:40
00000000-0000-0000-0000-000000000474_001035	00000000-0000-0000-0000-000000000474	1035	Rogers and Hammerstein	2006-01-14 04:39:39
00000000-0000-0000-0000-000000000474_001041	00000000-0000-0000-0000-000000000474	1041	In Netflix queue	2006-01-14 10:17:43
00000000-0000-0000-0000-000000000474_001042	00000000-0000-0000-0000-000000000474	1042	Music	2006-01-14 10:44:30
00000000-0000-0000-0000-000000000474_001059	00000000-0000-0000-0000-000000000474	1059	Shakespeare	2006-01-14 04:41:53
00000000-0000-0000-0000-000000000474_001066	00000000-0000-0000-0000-000000000474	1066	Astaire and Rogers	2006-01-14 04:50:30
00000000-0000-0000-0000-000000000474_001068	00000000-0000-0000-0000-000000000474	1068	anti-Semitism	2006-01-27 05:20:51
00000000-0000-0000-0000-000000000474_001076	00000000-0000-0000-0000-000000000474	1076	governess	2006-01-18 03:09:54
00000000-0000-0000-0000-000000000474_001079	00000000-0000-0000-0000-000000000474	1079	fish	2006-01-14 10:41:35
00000000-0000-0000-0000-000000000474_001080	00000000-0000-0000-0000-000000000474	1080	Bible	2006-01-16 10:44:01
00000000-0000-0000-0000-000000000474_001080	00000000-0000-0000-0000-000000000474	1080	parody	2006-01-16 10:44:01
00000000-0000-0000-0000-000000000474_001080	00000000-0000-0000-0000-000000000474	1080	religion	2006-01-16 10:44:01
00000000-0000-0000-0000-000000000474_001081	00000000-0000-0000-0000-000000000474	1081	cross dressing	2006-01-25 06:26:53
00000000-0000-0000-0000-000000000474_001082	00000000-0000-0000-0000-000000000474	1082	politics	2006-01-25 06:24:21
00000000-0000-0000-0000-000000000474_001084	00000000-0000-0000-0000-000000000474	1084	1920s	2006-01-25 06:24:04
00000000-0000-0000-0000-000000000474_001084	00000000-0000-0000-0000-000000000474	1084	gangsters	2006-01-25 06:24:04
00000000-0000-0000-0000-000000000474_001088	00000000-0000-0000-0000-000000000474	1088	dance	2006-01-27 05:20:56
00000000-0000-0000-0000-000000000474_001088	00000000-0000-0000-0000-000000000474	1088	music	2006-01-27 05:20:56
00000000-0000-0000-0000-000000000474_001089	00000000-0000-0000-0000-000000000474	1089	heist	2006-01-14 11:51:40
00000000-0000-0000-0000-000000000474_001089	00000000-0000-0000-0000-000000000474	1089	violence	2006-01-14 11:51:40
00000000-0000-0000-0000-000000000474_001090	00000000-0000-0000-0000-000000000474	1090	Vietnam	2006-01-25 06:26:30
00000000-0000-0000-0000-000000000474_001093	00000000-0000-0000-0000-000000000474	1093	1960s	2006-01-16 10:42:16
00000000-0000-0000-0000-000000000474_001093	00000000-0000-0000-0000-000000000474	1093	Jim Morrison	2006-01-16 10:42:16
00000000-0000-0000-0000-000000000474_001093	00000000-0000-0000-0000-000000000474	1093	music	2006-01-16 10:42:16
00000000-0000-0000-0000-000000000474_001096	00000000-0000-0000-0000-000000000474	1096	Holocaust	2006-01-16 10:30:15
00000000-0000-0000-0000-000000000474_001097	00000000-0000-0000-0000-000000000474	1097	aliens	2006-01-18 03:06:44
00000000-0000-0000-0000-000000000474_001101	00000000-0000-0000-0000-000000000474	1101	Navy	2006-01-25 06:26:44
00000000-0000-0000-0000-000000000474_001103	00000000-0000-0000-0000-000000000474	1103	1950s	2006-01-14 11:51:28
00000000-0000-0000-0000-000000000474_001103	00000000-0000-0000-0000-000000000474	1103	adolescence	2006-01-14 11:51:28
00000000-0000-0000-0000-000000000474_001104	00000000-0000-0000-0000-000000000474	1104	Tennessee Williams	2006-01-14 11:52:26
00000000-0000-0000-0000-000000000474_001124	00000000-0000-0000-0000-000000000474	1124	aging	2006-01-14 11:50:41
00000000-0000-0000-0000-000000000474_001125	00000000-0000-0000-0000-000000000474	1125	Clousseau	2006-01-16 10:44:58
00000000-0000-0000-0000-000000000474_001135	00000000-0000-0000-0000-000000000474	1135	military	2006-01-16 10:17:13
00000000-0000-0000-0000-000000000474_001136	00000000-0000-0000-0000-000000000474	1136	England	2006-01-14 10:42:29
00000000-0000-0000-0000-000000000474_001136	00000000-0000-0000-0000-000000000474	1136	King Arthur	2006-01-14 10:42:29
00000000-0000-0000-0000-000000000474_001147	00000000-0000-0000-0000-000000000474	1147	boxing	2006-01-14 10:11:33
00000000-0000-0000-0000-000000000474_001147	00000000-0000-0000-0000-000000000474	1147	In Netflix queue	2006-01-14 10:11:33
00000000-0000-0000-0000-000000000474_001148	00000000-0000-0000-0000-000000000474	1148	Aardman	2006-01-16 08:35:33
00000000-0000-0000-0000-000000000474_001171	00000000-0000-0000-0000-000000000474	1171	politics	2006-01-14 04:48:58
00000000-0000-0000-0000-000000000474_001177	00000000-0000-0000-0000-000000000474	1177	Italy	2006-01-14 07:27:08
00000000-0000-0000-0000-000000000474_001178	00000000-0000-0000-0000-000000000474	1178	court	2006-01-18 03:06:09
00000000-0000-0000-0000-000000000474_001178	00000000-0000-0000-0000-000000000474	1178	military	2006-01-18 03:06:09
00000000-0000-0000-0000-000000000474_001179	00000000-0000-0000-0000-000000000474	1179	crime	2006-01-27 05:21:23
00000000-0000-0000-0000-000000000474_001183	00000000-0000-0000-0000-000000000474	1183	adultery	2006-01-16 10:15:03
00000000-0000-0000-0000-000000000474_001185	00000000-0000-0000-0000-000000000474	1185	In Netflix queue	2006-01-14 10:10:55
00000000-0000-0000-0000-000000000474_001187	00000000-0000-0000-0000-000000000474	1187	disability	2006-01-14 11:50:53
00000000-0000-0000-0000-000000000474_001188	00000000-0000-0000-0000-000000000474	1188	Australia	2006-01-14 10:37:29
00000000-0000-0000-0000-000000000474_001188	00000000-0000-0000-0000-000000000474	1188	dance	2006-01-14 10:37:29
00000000-0000-0000-0000-000000000474_001189	00000000-0000-0000-0000-000000000474	1189	In Netflix queue	2006-01-14 10:12:13
00000000-0000-0000-0000-000000000474_001189	00000000-0000-0000-0000-000000000474	1189	police	2006-01-14 10:12:13
00000000-0000-0000-0000-000000000474_001193	00000000-0000-0000-0000-000000000474	1193	mental illness	2006-01-25 06:26:25
00000000-0000-0000-0000-000000000474_001196	00000000-0000-0000-0000-000000000474	1196	I am your father	2006-01-14 10:37:19
00000000-0000-0000-0000-000000000474_001196	00000000-0000-0000-0000-000000000474	1196	space	2006-01-14 11:17:57
00000000-0000-0000-0000-000000000474_001196	00000000-0000-0000-0000-000000000474	1196	space opera	2006-01-14 11:17:55
00000000-0000-0000-0000-000000000474_001197	00000000-0000-0000-0000-000000000474	1197	Inigo Montoya	2006-01-14 10:43:19
00000000-0000-0000-0000-000000000474_001197	00000000-0000-0000-0000-000000000474	1197	six-fingered man	2006-01-14 10:43:19
00000000-0000-0000-0000-000000000474_001198	00000000-0000-0000-0000-000000000474	1198	archaeology	2006-01-21 04:14:56
00000000-0000-0000-0000-000000000474_001198	00000000-0000-0000-0000-000000000474	1198	ark of the covenant	2006-01-14 11:51:06
00000000-0000-0000-0000-000000000474_001198	00000000-0000-0000-0000-000000000474	1198	indiana jones	2006-01-14 11:51:04
00000000-0000-0000-0000-000000000474_001200	00000000-0000-0000-0000-000000000474	1200	space	2006-01-25 06:23:21
00000000-0000-0000-0000-000000000474_001201	00000000-0000-0000-0000-000000000474	1201	spaghetti western	2006-01-25 06:25:12
00000000-0000-0000-0000-000000000474_001203	00000000-0000-0000-0000-000000000474	1203	court	2006-01-14 11:47:25
00000000-0000-0000-0000-000000000474_001204	00000000-0000-0000-0000-000000000474	1204	Middle East	2006-01-14 11:49:57
00000000-0000-0000-0000-000000000474_001206	00000000-0000-0000-0000-000000000474	1206	brainwashing	2006-01-25 06:24:49
00000000-0000-0000-0000-000000000474_001207	00000000-0000-0000-0000-000000000474	1207	Harper Lee	2006-01-14 07:32:22
00000000-0000-0000-0000-000000000474_001207	00000000-0000-0000-0000-000000000474	1207	racism	2006-01-14 07:32:22
00000000-0000-0000-0000-000000000474_001208	00000000-0000-0000-0000-000000000474	1208	Vietnam	2006-01-25 06:23:36
00000000-0000-0000-0000-000000000474_001209	00000000-0000-0000-0000-000000000474	1209	spaghetti western	2006-01-25 06:26:16
00000000-0000-0000-0000-000000000474_001210	00000000-0000-0000-0000-000000000474	1210	darth vader	2006-01-14 11:52:07
00000000-0000-0000-0000-000000000474_001210	00000000-0000-0000-0000-000000000474	1210	luke skywalker	2006-01-14 11:52:07
00000000-0000-0000-0000-000000000474_001210	00000000-0000-0000-0000-000000000474	1210	space opera	2006-01-14 11:52:07
00000000-0000-0000-0000-000000000474_001212	00000000-0000-0000-0000-000000000474	1212	ferris wheel	2006-01-14 10:11:07
00000000-0000-0000-0000-000000000474_001212	00000000-0000-0000-0000-000000000474	1212	Venice	2006-03-30 10:51:40
00000000-0000-0000-0000-000000000474_001212	00000000-0000-0000-0000-000000000474	1212	zither	2006-03-30 10:51:40
00000000-0000-0000-0000-000000000474_001213	00000000-0000-0000-0000-000000000474	1213	Mafia	2006-01-25 06:25:20
00000000-0000-0000-0000-000000000474_001214	00000000-0000-0000-0000-000000000474	1214	aliens	2006-01-20 23:10:34
00000000-0000-0000-0000-000000000474_001217	00000000-0000-0000-0000-000000000474	1217	samurai	2006-01-14 11:51:17
00000000-0000-0000-0000-000000000474_001219	00000000-0000-0000-0000-000000000474	1219	Norman Bates	2006-01-14 10:43:48
00000000-0000-0000-0000-000000000474_001220	00000000-0000-0000-0000-000000000474	1220	Saturday Night Live	2006-01-16 10:41:45
00000000-0000-0000-0000-000000000474_001221	00000000-0000-0000-0000-000000000474	1221	Mafia	2006-01-14 04:37:46
00000000-0000-0000-0000-000000000474_001222	00000000-0000-0000-0000-000000000474	1222	Vietnam	2006-01-14 04:49:21
00000000-0000-0000-0000-000000000474_001223	00000000-0000-0000-0000-000000000474	1223	moon	2006-01-14 11:21:01
00000000-0000-0000-0000-000000000474_001224	00000000-0000-0000-0000-000000000474	1224	Shakespeare	2006-01-14 04:49:38
00000000-0000-0000-0000-000000000474_001225	00000000-0000-0000-0000-000000000474	1225	Mozart	2006-01-14 04:40:47
00000000-0000-0000-0000-000000000474_001225	00000000-0000-0000-0000-000000000474	1225	Salieri	2006-01-14 04:40:47
00000000-0000-0000-0000-000000000474_001228	00000000-0000-0000-0000-000000000474	1228	boxing	2006-01-16 10:44:51
00000000-0000-0000-0000-000000000474_001230	00000000-0000-0000-0000-000000000474	1230	New York	2006-01-14 11:47:52
00000000-0000-0000-0000-000000000474_001231	00000000-0000-0000-0000-000000000474	1231	NASA	2006-01-14 04:50:02
00000000-0000-0000-0000-000000000474_001231	00000000-0000-0000-0000-000000000474	1231	space	2006-01-14 11:51:44
00000000-0000-0000-0000-000000000474_001233	00000000-0000-0000-0000-000000000474	1233	submarine	2006-01-25 06:23:55
00000000-0000-0000-0000-000000000474_001234	00000000-0000-0000-0000-000000000474	1234	The Entertainer	2006-01-18 03:03:18
00000000-0000-0000-0000-000000000474_001235	00000000-0000-0000-0000-000000000474	1235	May-December romance	2006-01-14 11:49:21
00000000-0000-0000-0000-000000000474_001237	00000000-0000-0000-0000-000000000474	1237	chess	2006-01-16 10:30:08
00000000-0000-0000-0000-000000000474_001237	00000000-0000-0000-0000-000000000474	1237	death	2006-01-16 10:30:08
00000000-0000-0000-0000-000000000474_001240	00000000-0000-0000-0000-000000000474	1240	robots	2006-01-16 08:34:48
00000000-0000-0000-0000-000000000474_001242	00000000-0000-0000-0000-000000000474	1242	Civil War	2006-01-14 04:41:12
00000000-0000-0000-0000-000000000474_001243	00000000-0000-0000-0000-000000000474	1243	Shakespeare sort of	2006-01-14 04:50:15
00000000-0000-0000-0000-000000000474_001244	00000000-0000-0000-0000-000000000474	1244	black and white	2006-01-27 05:21:44
00000000-0000-0000-0000-000000000474_001245	00000000-0000-0000-0000-000000000474	1245	Mafia	2006-01-16 10:43:52
00000000-0000-0000-0000-000000000474_001246	00000000-0000-0000-0000-000000000474	1246	High School	2006-01-14 07:28:54
00000000-0000-0000-0000-000000000474_001247	00000000-0000-0000-0000-000000000474	1247	Simon and Garfunkel	2006-01-14 04:38:04
00000000-0000-0000-0000-000000000474_001249	00000000-0000-0000-0000-000000000474	1249	hit men	2006-01-25 06:24:59
00000000-0000-0000-0000-000000000474_001250	00000000-0000-0000-0000-000000000474	1250	POW	2006-01-14 11:48:11
00000000-0000-0000-0000-000000000474_001252	00000000-0000-0000-0000-000000000474	1252	incest	2006-01-18 03:04:40
00000000-0000-0000-0000-000000000474_001253	00000000-0000-0000-0000-000000000474	1253	aliens	2006-01-14 11:48:30
00000000-0000-0000-0000-000000000474_001254	00000000-0000-0000-0000-000000000474	1254	Cold	2006-01-14 10:44:54
00000000-0000-0000-0000-000000000474_001257	00000000-0000-0000-0000-000000000474	1257	skiing	2006-01-16 10:41:38
00000000-0000-0000-0000-000000000474_001258	00000000-0000-0000-0000-000000000474	1258	Stephen King	2006-01-14 04:50:24
00000000-0000-0000-0000-000000000474_001259	00000000-0000-0000-0000-000000000474	1259	Stephen King	2006-01-14 04:50:38
00000000-0000-0000-0000-000000000474_001260	00000000-0000-0000-0000-000000000474	1260	serial killer	2006-01-14 11:50:17
00000000-0000-0000-0000-000000000474_001262	00000000-0000-0000-0000-000000000474	1262	POW	2006-01-14 11:49:11
00000000-0000-0000-0000-000000000474_001263	00000000-0000-0000-0000-000000000474	1263	Vietnam	2006-01-16 10:42:04
00000000-0000-0000-0000-000000000474_001266	00000000-0000-0000-0000-000000000474	1266	revenge	2006-01-24 00:54:26
00000000-0000-0000-0000-000000000474_001267	00000000-0000-0000-0000-000000000474	1267	assassination	2006-01-14 11:50:27
00000000-0000-0000-0000-000000000474_001267	00000000-0000-0000-0000-000000000474	1267	brainwashing	2006-01-14 11:50:27
00000000-0000-0000-0000-000000000474_001269	00000000-0000-0000-0000-000000000474	1269	murder	2006-01-25 06:23:48
00000000-0000-0000-0000-000000000474_001270	00000000-0000-0000-0000-000000000474	1270	time travel	2006-01-14 10:40:32
00000000-0000-0000-0000-000000000474_001272	00000000-0000-0000-0000-000000000474	1272	World War II	2006-01-14 04:49:55
00000000-0000-0000-0000-000000000474_001276	00000000-0000-0000-0000-000000000474	1276	prison	2006-01-18 03:02:10
00000000-0000-0000-0000-000000000474_001277	00000000-0000-0000-0000-000000000474	1277	In Netflix queue	2006-01-14 10:24:19
00000000-0000-0000-0000-000000000474_001278	00000000-0000-0000-0000-000000000474	1278	spoof	2006-01-24 00:54:35
00000000-0000-0000-0000-000000000474_001280	00000000-0000-0000-0000-000000000474	1280	In Netflix queue	2006-01-14 10:11:27
00000000-0000-0000-0000-000000000474_001281	00000000-0000-0000-0000-000000000474	1281	Nazis	2006-01-14 11:49:04
00000000-0000-0000-0000-000000000474_001282	00000000-0000-0000-0000-000000000474	1282	Disney	2006-01-16 10:42:32
00000000-0000-0000-0000-000000000474_001283	00000000-0000-0000-0000-000000000474	1283	gunfight	2006-01-27 05:21:35
00000000-0000-0000-0000-000000000474_001284	00000000-0000-0000-0000-000000000474	1284	Hammett	2006-01-27 05:19:34
00000000-0000-0000-0000-000000000474_001285	00000000-0000-0000-0000-000000000474	1285	high school	2006-01-16 08:34:22
00000000-0000-0000-0000-000000000474_001288	00000000-0000-0000-0000-000000000474	1288	heavy metal	2006-01-16 08:35:05
00000000-0000-0000-0000-000000000474_001288	00000000-0000-0000-0000-000000000474	1288	mockumentary	2006-01-16 08:35:05
00000000-0000-0000-0000-000000000474_001288	00000000-0000-0000-0000-000000000474	1288	music	2006-01-16 08:35:05
00000000-0000-0000-0000-000000000474_001291	00000000-0000-0000-0000-000000000474	1291	archaeology	2006-01-14 11:49:42
00000000-0000-0000-0000-000000000474_001291	00000000-0000-0000-0000-000000000474	1291	Holy Grail	2006-01-14 11:49:42
00000000-0000-0000-0000-000000000474_001292	00000000-0000-0000-0000-000000000474	1292	television	2006-01-14 11:47:58
00000000-0000-0000-0000-000000000474_001293	00000000-0000-0000-0000-000000000474	1293	India	2006-01-14 07:33:07
00000000-0000-0000-0000-000000000474_001296	00000000-0000-0000-0000-000000000474	1296	E. M. Forster	2006-01-14 07:34:39
00000000-0000-0000-0000-000000000474_001299	00000000-0000-0000-0000-000000000474	1299	Cambodia	2006-01-25 06:25:33
00000000-0000-0000-0000-000000000474_001299	00000000-0000-0000-0000-000000000474	1299	Vietnam	2006-01-25 06:25:33
00000000-0000-0000-0000-000000000474_001301	00000000-0000-0000-0000-000000000474	1301	Shakespeare sort of	2006-01-27 05:21:10
00000000-0000-0000-0000-000000000474_001301	00000000-0000-0000-0000-000000000474	1301	space	2006-01-27 05:21:10
00000000-0000-0000-0000-000000000474_001302	00000000-0000-0000-0000-000000000474	1302	baseball	2006-01-25 06:25:03
00000000-0000-0000-0000-000000000474_001303	00000000-0000-0000-0000-000000000474	1303	India	2006-01-24 00:55:36
00000000-0000-0000-0000-000000000474_001304	00000000-0000-0000-0000-000000000474	1304	crime	2006-01-25 06:24:14
00000000-0000-0000-0000-000000000474_001307	00000000-0000-0000-0000-000000000474	1307	New York	2006-01-14 10:38:06
00000000-0000-0000-0000-000000000474_001333	00000000-0000-0000-0000-000000000474	1333	birds	2006-01-14 10:40:41
00000000-0000-0000-0000-000000000474_001343	00000000-0000-0000-0000-000000000474	1343	remake	2006-01-14 04:41:01
00000000-0000-0000-0000-000000000474_001344	00000000-0000-0000-0000-000000000474	1344	lawyer	2006-01-14 10:40:56
00000000-0000-0000-0000-000000000474_001345	00000000-0000-0000-0000-000000000474	1345	high school	2006-01-21 04:17:29
00000000-0000-0000-0000-000000000474_001345	00000000-0000-0000-0000-000000000474	1345	prom	2006-01-21 04:17:29
00000000-0000-0000-0000-000000000474_001345	00000000-0000-0000-0000-000000000474	1345	Stephen King	2006-01-21 04:17:29
00000000-0000-0000-0000-000000000474_001348	00000000-0000-0000-0000-000000000474	1348	vampires	2006-01-16 10:29:32
00000000-0000-0000-0000-000000000474_001350	00000000-0000-0000-0000-000000000474	1350	demons	2006-01-16 08:38:09
00000000-0000-0000-0000-000000000474_001353	00000000-0000-0000-0000-000000000474	1353	personals ads	2006-01-14 10:42:18
00000000-0000-0000-0000-000000000474_001354	00000000-0000-0000-0000-000000000474	1354	religion	2006-01-14 10:40:50
00000000-0000-0000-0000-000000000474_001356	00000000-0000-0000-0000-000000000474	1356	Borg	2006-01-14 10:37:13
00000000-0000-0000-0000-000000000474_001358	00000000-0000-0000-0000-000000000474	1358	ex-con	2006-01-14 10:44:10
00000000-0000-0000-0000-000000000474_001361	00000000-0000-0000-0000-000000000474	1361	In Netflix queue	2006-01-14 10:10:59
00000000-0000-0000-0000-000000000474_001363	00000000-0000-0000-0000-000000000474	1363	religion	2006-01-16 10:29:46
00000000-0000-0000-0000-000000000474_001366	00000000-0000-0000-0000-000000000474	1366	Arthur Miller	2006-01-14 07:32:52
00000000-0000-0000-0000-000000000474_001367	00000000-0000-0000-0000-000000000474	1367	dogs	2006-01-16 10:14:23
00000000-0000-0000-0000-000000000474_001367	00000000-0000-0000-0000-000000000474	1367	remake	2006-01-16 10:14:23
00000000-0000-0000-0000-000000000474_001372	00000000-0000-0000-0000-000000000474	1372	Klingons	2006-01-14 10:44:24
00000000-0000-0000-0000-000000000474_001374	00000000-0000-0000-0000-000000000474	1374	Captain Kirk	2006-01-24 00:57:50
00000000-0000-0000-0000-000000000474_001376	00000000-0000-0000-0000-000000000474	1376	whales	2006-01-16 08:38:40
00000000-0000-0000-0000-000000000474_001377	00000000-0000-0000-0000-000000000474	1377	superhero	2006-01-16 10:14:49
00000000-0000-0000-0000-000000000474_001380	00000000-0000-0000-0000-000000000474	1380	high school	2006-01-16 08:37:05
00000000-0000-0000-0000-000000000474_001381	00000000-0000-0000-0000-000000000474	1381	high school	2006-01-16 10:15:54
00000000-0000-0000-0000-000000000474_001387	00000000-0000-0000-0000-000000000474	1387	Shark	2006-01-14 10:41:53
00000000-0000-0000-0000-000000000474_001389	00000000-0000-0000-0000-000000000474	1389	shark	2006-01-16 10:12:06
00000000-0000-0000-0000-000000000474_001393	00000000-0000-0000-0000-000000000474	1393	sports	2006-01-14 11:24:49
00000000-0000-0000-0000-000000000474_001394	00000000-0000-0000-0000-000000000474	1394	Coen Brothers	2006-01-14 04:43:35
00000000-0000-0000-0000-000000000474_001396	00000000-0000-0000-0000-000000000474	1396	spying	2006-01-24 00:57:33
00000000-0000-0000-0000-000000000474_001398	00000000-0000-0000-0000-000000000474	1398	Hemingway	2006-01-16 10:29:09
00000000-0000-0000-0000-000000000474_001407	00000000-0000-0000-0000-000000000474	1407	slasher	2006-01-24 00:56:54
00000000-0000-0000-0000-000000000474_001407	00000000-0000-0000-0000-000000000474	1407	spoof	2006-01-24 00:56:54
00000000-0000-0000-0000-000000000474_001408	00000000-0000-0000-0000-000000000474	1408	Hawkeye	2006-01-16 08:37:44
00000000-0000-0000-0000-000000000474_001408	00000000-0000-0000-0000-000000000474	1408	James Fennimore Cooper	2006-01-16 08:37:44
00000000-0000-0000-0000-000000000474_001411	00000000-0000-0000-0000-000000000474	1411	Shakespeare	2006-01-14 07:33:17
00000000-0000-0000-0000-000000000474_001413	00000000-0000-0000-0000-000000000474	1413	Conan	2006-01-14 11:27:23
00000000-0000-0000-0000-000000000474_001416	00000000-0000-0000-0000-000000000474	1416	Andrew Lloyd Weber	2006-01-16 10:15:17
00000000-0000-0000-0000-000000000474_001423	00000000-0000-0000-0000-000000000474	1423	In Netflix queue	2006-01-14 10:28:05
00000000-0000-0000-0000-000000000474_001423	00000000-0000-0000-0000-000000000474	1423	Vietnam	2006-01-14 10:28:05
00000000-0000-0000-0000-000000000474_001441	00000000-0000-0000-0000-000000000474	1441	mental illness	2006-01-16 10:41:34
00000000-0000-0000-0000-000000000474_001446	00000000-0000-0000-0000-000000000474	1446	In Netflix queue	2006-01-14 10:24:14
00000000-0000-0000-0000-000000000474_001449	00000000-0000-0000-0000-000000000474	1449	mockumentary	2006-01-16 08:38:49
00000000-0000-0000-0000-000000000474_001466	00000000-0000-0000-0000-000000000474	1466	Mafia	2006-01-14 07:32:57
00000000-0000-0000-0000-000000000474_001474	00000000-0000-0000-0000-000000000474	1474	jungle	2006-01-16 10:16:31
00000000-0000-0000-0000-000000000474_001485	00000000-0000-0000-0000-000000000474	1485	lawyer	2006-01-16 10:43:22
00000000-0000-0000-0000-000000000474_001496	00000000-0000-0000-0000-000000000474	1496	Tolstoy	2006-01-14 07:32:40
00000000-0000-0000-0000-000000000474_001500	00000000-0000-0000-0000-000000000474	1500	hit men	2006-01-16 08:37:21
00000000-0000-0000-0000-000000000474_001500	00000000-0000-0000-0000-000000000474	1500	reunion	2006-01-16 08:37:21
00000000-0000-0000-0000-000000000474_001513	00000000-0000-0000-0000-000000000474	1513	reunion	2006-01-16 10:45:29
00000000-0000-0000-0000-000000000474_001537	00000000-0000-0000-0000-000000000474	1537	ballroom dance	2006-01-16 08:38:28
00000000-0000-0000-0000-000000000474_001542	00000000-0000-0000-0000-000000000474	1542	In Netflix queue	2006-01-14 10:27:28
00000000-0000-0000-0000-000000000474_001544	00000000-0000-0000-0000-000000000474	1544	dinosaurs	2006-01-16 10:09:41
00000000-0000-0000-0000-000000000474_001545	00000000-0000-0000-0000-000000000474	1545	death	2006-01-24 00:56:47
00000000-0000-0000-0000-000000000474_001569	00000000-0000-0000-0000-000000000474	1569	weddings	2006-01-24 00:56:15
00000000-0000-0000-0000-000000000474_001573	00000000-0000-0000-0000-000000000474	1573	transplants	2006-01-14 11:24:12
00000000-0000-0000-0000-000000000474_001580	00000000-0000-0000-0000-000000000474	1580	aliens	2006-01-14 11:25:19
00000000-0000-0000-0000-000000000474_001586	00000000-0000-0000-0000-000000000474	1586	military	2006-01-16 10:15:38
00000000-0000-0000-0000-000000000474_001608	00000000-0000-0000-0000-000000000474	1608	president	2006-01-16 10:41:21
00000000-0000-0000-0000-000000000474_001610	00000000-0000-0000-0000-000000000474	1610	Tom Clancy	2006-01-14 07:33:27
00000000-0000-0000-0000-000000000474_001617	00000000-0000-0000-0000-000000000474	1617	Police	2006-01-14 07:27:22
00000000-0000-0000-0000-000000000474_001625	00000000-0000-0000-0000-000000000474	1625	twist ending	2006-01-24 00:55:17
00000000-0000-0000-0000-000000000474_001635	00000000-0000-0000-0000-000000000474	1635	1970s	2006-01-14 07:33:32
00000000-0000-0000-0000-000000000474_001643	00000000-0000-0000-0000-000000000474	1643	England	2006-01-16 10:44:09
00000000-0000-0000-0000-000000000474_001643	00000000-0000-0000-0000-000000000474	1643	Queen Victoria	2006-01-16 10:44:09
00000000-0000-0000-0000-000000000474_001645	00000000-0000-0000-0000-000000000474	1645	lawyers	2006-01-16 10:14:55
00000000-0000-0000-0000-000000000474_001650	00000000-0000-0000-0000-000000000474	1650	Henry James	2006-01-24 00:58:03
00000000-0000-0000-0000-000000000474_001653	00000000-0000-0000-0000-000000000474	1653	future	2006-01-14 11:24:20
00000000-0000-0000-0000-000000000474_001663	00000000-0000-0000-0000-000000000474	1663	military	2006-01-16 10:45:49
00000000-0000-0000-0000-000000000474_001672	00000000-0000-0000-0000-000000000474	1672	In Netflix queue	2006-01-14 10:29:14
00000000-0000-0000-0000-000000000474_001674	00000000-0000-0000-0000-000000000474	1674	Amish	2006-01-18 03:04:01
00000000-0000-0000-0000-000000000474_001680	00000000-0000-0000-0000-000000000474	1680	alternate universe	2006-01-24 00:57:26
00000000-0000-0000-0000-000000000474_001682	00000000-0000-0000-0000-000000000474	1682	TV	2006-01-14 11:26:57
00000000-0000-0000-0000-000000000474_001683	00000000-0000-0000-0000-000000000474	1683	Henry James	2006-01-14 04:44:05
00000000-0000-0000-0000-000000000474_001711	00000000-0000-0000-0000-000000000474	1711	Savannah	2006-01-16 10:16:47
00000000-0000-0000-0000-000000000474_001717	00000000-0000-0000-0000-000000000474	1717	sequel	2006-01-24 00:57:13
00000000-0000-0000-0000-000000000474_001717	00000000-0000-0000-0000-000000000474	1717	slasher	2006-01-24 00:57:04
00000000-0000-0000-0000-000000000474_001717	00000000-0000-0000-0000-000000000474	1717	spoof	2006-01-24 00:57:04
00000000-0000-0000-0000-000000000474_001719	00000000-0000-0000-0000-000000000474	1719	Canada	2006-02-13 22:49:33
00000000-0000-0000-0000-000000000474_001719	00000000-0000-0000-0000-000000000474	1719	death	2006-02-13 22:49:33
00000000-0000-0000-0000-000000000474_001721	00000000-0000-0000-0000-000000000474	1721	shipwreck	2006-01-24 00:57:59
00000000-0000-0000-0000-000000000474_001732	00000000-0000-0000-0000-000000000474	1732	Coen Brothers	2006-01-27 05:17:41
00000000-0000-0000-0000-000000000474_001735	00000000-0000-0000-0000-000000000474	1735	Charles Dickens	2006-01-16 10:16:03
00000000-0000-0000-0000-000000000474_001748	00000000-0000-0000-0000-000000000474	1748	amnesia	2006-01-24 00:54:59
00000000-0000-0000-0000-000000000474_001777	00000000-0000-0000-0000-000000000474	1777	1980s	2006-01-14 11:27:10
00000000-0000-0000-0000-000000000474_001797	00000000-0000-0000-0000-000000000474	1797	In Netflix queue	2006-01-14 10:26:11
00000000-0000-0000-0000-000000000474_001810	00000000-0000-0000-0000-000000000474	1810	politics	2006-01-16 10:29:54
00000000-0000-0000-0000-000000000474_001834	00000000-0000-0000-0000-000000000474	1834	twist ending	2006-01-24 00:57:41
00000000-0000-0000-0000-000000000474_001836	00000000-0000-0000-0000-000000000474	1836	No DVD at Netflix	2006-01-14 04:10:44
00000000-0000-0000-0000-000000000474_001893	00000000-0000-0000-0000-000000000474	1893	In Netflix queue	2006-01-14 10:11:45
00000000-0000-0000-0000-000000000474_001900	00000000-0000-0000-0000-000000000474	1900	In Netflix queue	2006-01-14 10:24:49
00000000-0000-0000-0000-000000000474_001902	00000000-0000-0000-0000-000000000474	1902	generation X	2006-01-24 00:55:06
00000000-0000-0000-0000-000000000474_001909	00000000-0000-0000-0000-000000000474	1909	conspiracy	2006-01-14 11:27:47
00000000-0000-0000-0000-000000000474_001912	00000000-0000-0000-0000-000000000474	1912	heist	2006-01-24 00:56:35
00000000-0000-0000-0000-000000000474_001913	00000000-0000-0000-0000-000000000474	1913	Australia	2006-01-14 07:34:14
00000000-0000-0000-0000-000000000474_001917	00000000-0000-0000-0000-000000000474	1917	space	2006-01-16 10:11:02
00000000-0000-0000-0000-000000000474_001921	00000000-0000-0000-0000-000000000474	1921	mathematics	2006-01-24 00:56:37
00000000-0000-0000-0000-000000000474_001931	00000000-0000-0000-0000-000000000474	1931	ships	2006-01-24 00:56:11
00000000-0000-0000-0000-000000000474_001938	00000000-0000-0000-0000-000000000474	1938	alcoholism	2006-01-20 23:10:11
00000000-0000-0000-0000-000000000474_001940	00000000-0000-0000-0000-000000000474	1940	anti-Semitism	2006-01-16 08:36:59
00000000-0000-0000-0000-000000000474_001940	00000000-0000-0000-0000-000000000474	1940	Judaism	2006-01-16 08:36:59
00000000-0000-0000-0000-000000000474_001942	00000000-0000-0000-0000-000000000474	1942	Huey Long	2006-01-14 10:10:47
00000000-0000-0000-0000-000000000474_001942	00000000-0000-0000-0000-000000000474	1942	In Netflix queue	2006-01-14 10:10:47
00000000-0000-0000-0000-000000000474_001942	00000000-0000-0000-0000-000000000474	1942	Robert Penn Warren	2006-01-14 10:10:47
00000000-0000-0000-0000-000000000474_001945	00000000-0000-0000-0000-000000000474	1945	boxing	2006-01-14 07:34:04
00000000-0000-0000-0000-000000000474_001945	00000000-0000-0000-0000-000000000474	1945	coulda been a contender	2006-01-14 07:34:04
00000000-0000-0000-0000-000000000474_001947	00000000-0000-0000-0000-000000000474	1947	Gangs	2006-01-14 10:37:54
00000000-0000-0000-0000-000000000474_001950	00000000-0000-0000-0000-000000000474	1950	racism	2006-01-18 03:02:22
00000000-0000-0000-0000-000000000474_001951	00000000-0000-0000-0000-000000000474	1951	Dickens	2006-01-14 07:33:54
00000000-0000-0000-0000-000000000474_001952	00000000-0000-0000-0000-000000000474	1952	prostitution	2006-01-24 00:55:55
00000000-0000-0000-0000-000000000474_001953	00000000-0000-0000-0000-000000000474	1953	drugs	2006-01-16 08:36:39
00000000-0000-0000-0000-000000000474_001953	00000000-0000-0000-0000-000000000474	1953	police	2006-01-16 08:36:39
00000000-0000-0000-0000-000000000474_001954	00000000-0000-0000-0000-000000000474	1954	boxing	2006-01-14 07:34:31
00000000-0000-0000-0000-000000000474_001954	00000000-0000-0000-0000-000000000474	1954	sports	2006-01-14 07:34:31
00000000-0000-0000-0000-000000000474_001955	00000000-0000-0000-0000-000000000474	1955	divorce	2006-01-14 04:43:17
00000000-0000-0000-0000-000000000474_001957	00000000-0000-0000-0000-000000000474	1957	Olympics	2006-01-14 04:37:49
00000000-0000-0000-0000-000000000474_001957	00000000-0000-0000-0000-000000000474	1957	sports	2006-01-14 04:37:49
00000000-0000-0000-0000-000000000474_001959	00000000-0000-0000-0000-000000000474	1959	adultery	2006-01-24 00:58:43
00000000-0000-0000-0000-000000000474_001959	00000000-0000-0000-0000-000000000474	1959	Africa	2006-01-24 00:58:43
00000000-0000-0000-0000-000000000474_001960	00000000-0000-0000-0000-000000000474	1960	China	2006-01-16 08:37:26
00000000-0000-0000-0000-000000000474_001961	00000000-0000-0000-0000-000000000474	1961	autism	2006-01-14 07:34:23
00000000-0000-0000-0000-000000000474_001962	00000000-0000-0000-0000-000000000474	1962	rasicm	2006-01-16 08:36:26
00000000-0000-0000-0000-000000000474_001975	00000000-0000-0000-0000-000000000474	1975	Jason	2006-01-16 10:15:29
00000000-0000-0000-0000-000000000474_001976	00000000-0000-0000-0000-000000000474	1976	Jason	2006-01-16 10:06:51
00000000-0000-0000-0000-000000000474_001977	00000000-0000-0000-0000-000000000474	1977	Jason	2006-01-16 10:11:48
00000000-0000-0000-0000-000000000474_001978	00000000-0000-0000-0000-000000000474	1978	Jason	2006-01-16 10:06:45
00000000-0000-0000-0000-000000000474_001979	00000000-0000-0000-0000-000000000474	1979	Jason	2006-01-16 10:07:05
00000000-0000-0000-0000-000000000474_001983	00000000-0000-0000-0000-000000000474	1983	halloween	2006-01-16 10:16:15
00000000-0000-0000-0000-000000000474_001984	00000000-0000-0000-0000-000000000474	1984	halloween	2006-01-16 10:16:20
00000000-0000-0000-0000-000000000474_001994	00000000-0000-0000-0000-000000000474	1994	ghosts	2006-01-24 00:56:44
00000000-0000-0000-0000-000000000474_001995	00000000-0000-0000-0000-000000000474	1995	ghosts	2006-01-16 10:17:08
00000000-0000-0000-0000-000000000474_001996	00000000-0000-0000-0000-000000000474	1996	ghosts	2006-01-16 10:10:25
00000000-0000-0000-0000-000000000474_001997	00000000-0000-0000-0000-000000000474	1997	demons	2006-01-16 08:36:31
00000000-0000-0000-0000-000000000474_002006	00000000-0000-0000-0000-000000000474	2006	California	2006-01-24 00:55:45
00000000-0000-0000-0000-000000000474_002006	00000000-0000-0000-0000-000000000474	2006	Mexico	2006-01-24 00:55:45
00000000-0000-0000-0000-000000000474_002011	00000000-0000-0000-0000-000000000474	2011	time travel	2006-01-16 10:14:44
00000000-0000-0000-0000-000000000474_002019	00000000-0000-0000-0000-000000000474	2019	samurai	2006-01-16 08:38:32
00000000-0000-0000-0000-000000000474_002020	00000000-0000-0000-0000-000000000474	2020	adultery	2006-01-16 08:36:16
00000000-0000-0000-0000-000000000474_002022	00000000-0000-0000-0000-000000000474	2022	Bible	2006-01-14 10:27:55
00000000-0000-0000-0000-000000000474_002022	00000000-0000-0000-0000-000000000474	2022	Katzanzakis	2006-03-30 10:51:09
00000000-0000-0000-0000-000000000474_002028	00000000-0000-0000-0000-000000000474	2028	World War II	2006-01-14 04:35:52
00000000-0000-0000-0000-000000000474_002054	00000000-0000-0000-0000-000000000474	2054	Disney	2006-01-24 01:00:13
00000000-0000-0000-0000-000000000474_002058	00000000-0000-0000-0000-000000000474	2058	police	2006-01-24 01:01:56
00000000-0000-0000-0000-000000000474_002059	00000000-0000-0000-0000-000000000474	2059	twins	2006-01-16 10:16:54
00000000-0000-0000-0000-000000000474_002064	00000000-0000-0000-0000-000000000474	2064	General Motors	2006-01-24 01:02:36
00000000-0000-0000-0000-000000000474_002064	00000000-0000-0000-0000-000000000474	2064	Michigan	2006-01-24 01:02:36
00000000-0000-0000-0000-000000000474_002065	00000000-0000-0000-0000-000000000474	2065	In Netflix queue	2006-01-14 10:27:37
00000000-0000-0000-0000-000000000474_002066	00000000-0000-0000-0000-000000000474	2066	memory	2006-01-24 01:02:13
00000000-0000-0000-0000-000000000474_002070	00000000-0000-0000-0000-000000000474	2070	music	2006-01-14 07:37:01
00000000-0000-0000-0000-000000000474_002071	00000000-0000-0000-0000-000000000474	2071	AIDs	2006-01-14 10:00:42
00000000-0000-0000-0000-000000000474_002071	00000000-0000-0000-0000-000000000474	2071	In Netflix queue	2006-01-14 10:00:42
00000000-0000-0000-0000-000000000474_002076	00000000-0000-0000-0000-000000000474	2076	sexuality	2006-01-16 22:40:51
00000000-0000-0000-0000-000000000474_002076	00000000-0000-0000-0000-000000000474	2076	suburbia	2006-01-16 22:40:51
00000000-0000-0000-0000-000000000474_002078	00000000-0000-0000-0000-000000000474	2078	Disney	2006-01-24 01:00:23
00000000-0000-0000-0000-000000000474_002080	00000000-0000-0000-0000-000000000474	2080	Disney	2006-01-24 01:01:26
00000000-0000-0000-0000-000000000474_002085	00000000-0000-0000-0000-000000000474	2085	Disney	2006-01-14 07:36:21
00000000-0000-0000-0000-000000000474_002097	00000000-0000-0000-0000-000000000474	2097	carnival	2006-01-30 03:30:51
00000000-0000-0000-0000-000000000474_002097	00000000-0000-0000-0000-000000000474	2097	Ray Bradbury	2006-01-30 03:30:51
00000000-0000-0000-0000-000000000474_002100	00000000-0000-0000-0000-000000000474	2100	mermaid	2006-01-14 07:36:48
00000000-0000-0000-0000-000000000474_002108	00000000-0000-0000-0000-000000000474	2108	weather forecaster	2006-01-24 01:01:21
00000000-0000-0000-0000-000000000474_002114	00000000-0000-0000-0000-000000000474	2114	S.E. Hinton	2006-01-14 07:36:29
00000000-0000-0000-0000-000000000474_002115	00000000-0000-0000-0000-000000000474	2115	archaeology	2006-01-21 04:15:19
00000000-0000-0000-0000-000000000474_002116	00000000-0000-0000-0000-000000000474	2116	Tolkein	2006-01-16 10:20:27
00000000-0000-0000-0000-000000000474_002118	00000000-0000-0000-0000-000000000474	2118	Stephen King	2006-01-14 07:35:28
00000000-0000-0000-0000-000000000474_002121	00000000-0000-0000-0000-000000000474	2121	Stephen King	2006-01-16 10:19:15
00000000-0000-0000-0000-000000000474_002122	00000000-0000-0000-0000-000000000474	2122	Stephen King	2006-01-16 10:08:16
00000000-0000-0000-0000-000000000474_002139	00000000-0000-0000-0000-000000000474	2139	mice	2006-01-18 03:06:24
00000000-0000-0000-0000-000000000474_002145	00000000-0000-0000-0000-000000000474	2145	1980s	2006-01-24 01:02:28
00000000-0000-0000-0000-000000000474_002145	00000000-0000-0000-0000-000000000474	2145	high school	2006-01-24 01:02:28
00000000-0000-0000-0000-000000000474_002160	00000000-0000-0000-0000-000000000474	2160	demons	2006-01-24 01:02:39
00000000-0000-0000-0000-000000000474_002167	00000000-0000-0000-0000-000000000474	2167	vampires	2006-01-16 10:18:40
00000000-0000-0000-0000-000000000474_002171	00000000-0000-0000-0000-000000000474	2171	aquarium	2006-01-14 10:36:13
00000000-0000-0000-0000-000000000474_002171	00000000-0000-0000-0000-000000000474	2171	Boston	2006-01-14 10:36:13
00000000-0000-0000-0000-000000000474_002171	00000000-0000-0000-0000-000000000474	2171	personals ads	2006-01-14 10:36:13
00000000-0000-0000-0000-000000000474_002186	00000000-0000-0000-0000-000000000474	2186	murder	2006-01-14 11:26:44
00000000-0000-0000-0000-000000000474_002187	00000000-0000-0000-0000-000000000474	2187	theater	2006-02-21 05:30:28
00000000-0000-0000-0000-000000000474_002194	00000000-0000-0000-0000-000000000474	2194	Capone	2006-01-24 01:03:38
00000000-0000-0000-0000-000000000474_002194	00000000-0000-0000-0000-000000000474	2194	gangsters	2006-01-24 01:03:38
00000000-0000-0000-0000-000000000474_002202	00000000-0000-0000-0000-000000000474	2202	survival	2006-01-14 11:25:13
00000000-0000-0000-0000-000000000474_002203	00000000-0000-0000-0000-000000000474	2203	small towns	2006-01-24 01:02:53
00000000-0000-0000-0000-000000000474_002206	00000000-0000-0000-0000-000000000474	2206	paranoia	2006-01-14 11:26:50
00000000-0000-0000-0000-000000000474_002208	00000000-0000-0000-0000-000000000474	2208	train	2006-01-15 05:40:42
00000000-0000-0000-0000-000000000474_002243	00000000-0000-0000-0000-000000000474	2243	journalism	2006-01-14 11:23:00
00000000-0000-0000-0000-000000000474_002247	00000000-0000-0000-0000-000000000474	2247	Mafia	2006-01-16 10:20:32
00000000-0000-0000-0000-000000000474_002248	00000000-0000-0000-0000-000000000474	2248	In Your Eyes	2006-01-14 10:36:53
00000000-0000-0000-0000-000000000474_002248	00000000-0000-0000-0000-000000000474	2248	Lloyd Dobbler	2006-01-14 10:36:53
00000000-0000-0000-0000-000000000474_002249	00000000-0000-0000-0000-000000000474	2249	Mafia	2006-01-16 10:20:45
00000000-0000-0000-0000-000000000474_002268	00000000-0000-0000-0000-000000000474	2268	court	2006-01-14 07:36:01
00000000-0000-0000-0000-000000000474_002268	00000000-0000-0000-0000-000000000474	2268	military	2006-01-14 07:36:01
00000000-0000-0000-0000-000000000474_002291	00000000-0000-0000-0000-000000000474	2291	freaks	2006-01-14 11:23:57
00000000-0000-0000-0000-000000000474_002295	00000000-0000-0000-0000-000000000474	2295	Screwball	2006-01-14 10:34:21
00000000-0000-0000-0000-000000000474_002300	00000000-0000-0000-0000-000000000474	2300	Broadway	2006-01-14 11:26:02
00000000-0000-0000-0000-000000000474_002302	00000000-0000-0000-0000-000000000474	2302	court	2006-01-16 10:20:39
00000000-0000-0000-0000-000000000474_002310	00000000-0000-0000-0000-000000000474	2310	adolescence	2006-01-24 01:01:35
00000000-0000-0000-0000-000000000474_002312	00000000-0000-0000-0000-000000000474	2312	death penalty	2006-01-16 10:28:39
00000000-0000-0000-0000-000000000474_002313	00000000-0000-0000-0000-000000000474	2313	freaks	2006-01-14 11:24:02
00000000-0000-0000-0000-000000000474_002324	00000000-0000-0000-0000-000000000474	2324	Holocaust	2006-01-14 04:38:39
00000000-0000-0000-0000-000000000474_002329	00000000-0000-0000-0000-000000000474	2329	racism	2006-01-24 00:59:11
00000000-0000-0000-0000-000000000474_002334	00000000-0000-0000-0000-000000000474	2334	terrorism	2006-01-24 01:02:58
00000000-0000-0000-0000-000000000474_002335	00000000-0000-0000-0000-000000000474	2335	football	2006-01-16 10:22:40
00000000-0000-0000-0000-000000000474_002336	00000000-0000-0000-0000-000000000474	2336	England	2006-01-14 07:35:37
00000000-0000-0000-0000-000000000474_002351	00000000-0000-0000-0000-000000000474	2351	In Netflix queue	2006-01-14 10:28:51
00000000-0000-0000-0000-000000000474_002355	00000000-0000-0000-0000-000000000474	2355	Pixar	2006-01-14 07:35:11
00000000-0000-0000-0000-000000000474_002357	00000000-0000-0000-0000-000000000474	2357	South America	2006-01-14 11:23:09
00000000-0000-0000-0000-000000000474_002360	00000000-0000-0000-0000-000000000474	2360	In Netflix queue	2006-01-14 10:17:44
00000000-0000-0000-0000-000000000474_002390	00000000-0000-0000-0000-000000000474	2390	In Netflix queue	2006-01-14 10:26:59
00000000-0000-0000-0000-000000000474_002391	00000000-0000-0000-0000-000000000474	2391	heist	2006-01-24 01:03:05
00000000-0000-0000-0000-000000000474_002394	00000000-0000-0000-0000-000000000474	2394	Bible	2006-01-14 07:28:05
00000000-0000-0000-0000-000000000474_002394	00000000-0000-0000-0000-000000000474	2394	Moses	2006-01-14 10:36:22
00000000-0000-0000-0000-000000000474_002396	00000000-0000-0000-0000-000000000474	2396	England	2006-01-14 07:36:40
00000000-0000-0000-0000-000000000474_002410	00000000-0000-0000-0000-000000000474	2410	boxing	2006-01-16 10:21:25
00000000-0000-0000-0000-000000000474_002411	00000000-0000-0000-0000-000000000474	2411	boxing	2006-01-16 10:10:40
00000000-0000-0000-0000-000000000474_002412	00000000-0000-0000-0000-000000000474	2412	boxing	2006-01-16 10:12:44
00000000-0000-0000-0000-000000000474_002420	00000000-0000-0000-0000-000000000474	2420	martial arts	2006-01-24 01:00:51
00000000-0000-0000-0000-000000000474_002421	00000000-0000-0000-0000-000000000474	2421	martial arts	2006-01-16 10:20:06
00000000-0000-0000-0000-000000000474_002422	00000000-0000-0000-0000-000000000474	2422	martial arts	2006-01-16 10:20:11
00000000-0000-0000-0000-000000000474_002423	00000000-0000-0000-0000-000000000474	2423	christmas	2006-01-16 10:11:23
00000000-0000-0000-0000-000000000474_002424	00000000-0000-0000-0000-000000000474	2424	e-mail	2006-01-14 10:38:37
00000000-0000-0000-0000-000000000474_002424	00000000-0000-0000-0000-000000000474	2424	remake	2006-01-14 10:38:37
00000000-0000-0000-0000-000000000474_002431	00000000-0000-0000-0000-000000000474	2431	doctors	2006-01-16 10:10:12
00000000-0000-0000-0000-000000000474_002442	00000000-0000-0000-0000-000000000474	2442	In Netflix queue	2006-01-14 10:25:03
00000000-0000-0000-0000-000000000474_002463	00000000-0000-0000-0000-000000000474	2463	kidnapping	2006-01-16 10:21:37
00000000-0000-0000-0000-000000000474_002467	00000000-0000-0000-0000-000000000474	2467	religion	2006-02-23 23:02:24
00000000-0000-0000-0000-000000000474_002470	00000000-0000-0000-0000-000000000474	2470	Australia	2006-01-16 10:19:08
00000000-0000-0000-0000-000000000474_002471	00000000-0000-0000-0000-000000000474	2471	Australia	2006-01-16 10:08:51
00000000-0000-0000-0000-000000000474_002491	00000000-0000-0000-0000-000000000474	2491	food	2006-01-16 10:21:54
00000000-0000-0000-0000-000000000474_002494	00000000-0000-0000-0000-000000000474	2494	Holocaust	2006-01-14 04:10:26
00000000-0000-0000-0000-000000000474_002494	00000000-0000-0000-0000-000000000474	2494	Hungary	2006-01-14 04:10:26
00000000-0000-0000-0000-000000000474_002502	00000000-0000-0000-0000-000000000474	2502	stapler	2006-01-24 01:02:03
00000000-0000-0000-0000-000000000474_002502	00000000-0000-0000-0000-000000000474	2502	workplace	2006-01-24 01:02:09
00000000-0000-0000-0000-000000000474_002506	00000000-0000-0000-0000-000000000474	2506	disability	2006-01-16 10:21:00
00000000-0000-0000-0000-000000000474_002517	00000000-0000-0000-0000-000000000474	2517	Stephen King	2006-01-16 10:08:25
00000000-0000-0000-0000-000000000474_002529	00000000-0000-0000-0000-000000000474	2529	twist ending	2006-01-24 01:02:20
00000000-0000-0000-0000-000000000474_002550	00000000-0000-0000-0000-000000000474	2550	ghosts	2006-01-24 01:00:08
00000000-0000-0000-0000-000000000474_002553	00000000-0000-0000-0000-000000000474	2553	evil children	2006-01-24 02:54:53
00000000-0000-0000-0000-000000000474_002554	00000000-0000-0000-0000-000000000474	2554	evil children	2006-01-24 02:54:52
00000000-0000-0000-0000-000000000474_002565	00000000-0000-0000-0000-000000000474	2565	Siam	2006-01-14 07:27:18
00000000-0000-0000-0000-000000000474_002571	00000000-0000-0000-0000-000000000474	2571	alternate universe	2006-01-14 11:16:31
00000000-0000-0000-0000-000000000474_002572	00000000-0000-0000-0000-000000000474	2572	Shakespeare sort of	2006-01-16 10:28:13
00000000-0000-0000-0000-000000000474_002579	00000000-0000-0000-0000-000000000474	2579	black and white	2006-01-24 01:00:56
00000000-0000-0000-0000-000000000474_002581	00000000-0000-0000-0000-000000000474	2581	high school	2006-01-24 01:02:02
00000000-0000-0000-0000-000000000474_002583	00000000-0000-0000-0000-000000000474	2583	southern US	2006-01-24 00:59:48
00000000-0000-0000-0000-000000000474_002598	00000000-0000-0000-0000-000000000474	2598	golfing	2006-01-16 10:21:10
00000000-0000-0000-0000-000000000474_002600	00000000-0000-0000-0000-000000000474	2600	virtual reality	2006-01-24 00:59:56
00000000-0000-0000-0000-000000000474_002612	00000000-0000-0000-0000-000000000474	2612	motherhood	2006-01-24 01:01:52
00000000-0000-0000-0000-000000000474_002628	00000000-0000-0000-0000-000000000474	2628	prequel	2006-01-24 01:03:17
00000000-0000-0000-0000-000000000474_002628	00000000-0000-0000-0000-000000000474	2628	the Force	2006-01-24 01:03:17
00000000-0000-0000-0000-000000000474_002640	00000000-0000-0000-0000-000000000474	2640	superhero	2006-01-24 01:03:20
00000000-0000-0000-0000-000000000474_002641	00000000-0000-0000-0000-000000000474	2641	superhero	2006-01-24 01:03:21
00000000-0000-0000-0000-000000000474_002642	00000000-0000-0000-0000-000000000474	2642	superhero	2006-01-16 10:13:06
00000000-0000-0000-0000-000000000474_002648	00000000-0000-0000-0000-000000000474	2648	In Netflix queue	2006-01-14 10:09:26
00000000-0000-0000-0000-000000000474_002660	00000000-0000-0000-0000-000000000474	2660	aliens	2006-01-18 03:06:34
00000000-0000-0000-0000-000000000474_002664	00000000-0000-0000-0000-000000000474	2664	1950s	2006-01-24 01:00:17
00000000-0000-0000-0000-000000000474_002677	00000000-0000-0000-0000-000000000474	2677	In Netflix queue	2006-01-14 10:27:03
00000000-0000-0000-0000-000000000474_002692	00000000-0000-0000-0000-000000000474	2692	alternate endings	2006-01-24 01:02:46
00000000-0000-0000-0000-000000000474_002693	00000000-0000-0000-0000-000000000474	2693	Star Trek	2006-01-24 01:03:27
00000000-0000-0000-0000-000000000474_002699	00000000-0000-0000-0000-000000000474	2699	spiders	2006-01-16 10:07:30
00000000-0000-0000-0000-000000000474_002710	00000000-0000-0000-0000-000000000474	2710	claims to be true	2006-01-24 00:59:36
00000000-0000-0000-0000-000000000474_002710	00000000-0000-0000-0000-000000000474	2710	video	2006-01-24 00:59:36
00000000-0000-0000-0000-000000000474_002712	00000000-0000-0000-0000-000000000474	2712	sexuality	2006-01-24 01:00:03
00000000-0000-0000-0000-000000000474_002716	00000000-0000-0000-0000-000000000474	2716	ghosts	2006-01-14 11:24:24
00000000-0000-0000-0000-000000000474_002717	00000000-0000-0000-0000-000000000474	2717	Ghosts	2006-01-16 10:07:13
00000000-0000-0000-0000-000000000474_002719	00000000-0000-0000-0000-000000000474	2719	remake	2006-01-16 10:11:56
00000000-0000-0000-0000-000000000474_002723	00000000-0000-0000-0000-000000000474	2723	superhero	2006-01-14 11:25:33
00000000-0000-0000-0000-000000000474_002726	00000000-0000-0000-0000-000000000474	2726	heist	2006-01-14 11:25:07
00000000-0000-0000-0000-000000000474_002728	00000000-0000-0000-0000-000000000474	2728	crucifixion	2006-01-18 03:01:45
00000000-0000-0000-0000-000000000474_002728	00000000-0000-0000-0000-000000000474	2728	Rome	2006-01-18 03:01:36
00000000-0000-0000-0000-000000000474_002728	00000000-0000-0000-0000-000000000474	2728	slavery	2006-01-18 03:01:36
00000000-0000-0000-0000-000000000474_002745	00000000-0000-0000-0000-000000000474	2745	Missionary	2006-01-14 10:35:41
00000000-0000-0000-0000-000000000474_002745	00000000-0000-0000-0000-000000000474	2745	Priest	2006-01-14 07:27:46
00000000-0000-0000-0000-000000000474_002750	00000000-0000-0000-0000-000000000474	2750	nostalgia	2006-01-17 05:27:35
00000000-0000-0000-0000-000000000474_002750	00000000-0000-0000-0000-000000000474	2750	radio	2006-01-17 05:27:35
00000000-0000-0000-0000-000000000474_002761	00000000-0000-0000-0000-000000000474	2761	robots	2006-01-24 01:00:19
00000000-0000-0000-0000-000000000474_002762	00000000-0000-0000-0000-000000000474	2762	ghosts	2006-01-14 11:17:48
00000000-0000-0000-0000-000000000474_002762	00000000-0000-0000-0000-000000000474	2762	I see dead people	2006-01-14 10:37:07
00000000-0000-0000-0000-000000000474_002787	00000000-0000-0000-0000-000000000474	2787	Stephen King	2006-01-16 10:19:02
00000000-0000-0000-0000-000000000474_002791	00000000-0000-0000-0000-000000000474	2791	aviation	2006-01-24 00:59:01
00000000-0000-0000-0000-000000000474_002791	00000000-0000-0000-0000-000000000474	2791	spoof	2006-01-24 00:59:01
00000000-0000-0000-0000-000000000474_002797	00000000-0000-0000-0000-000000000474	2797	children	2006-01-24 01:04:25
00000000-0000-0000-0000-000000000474_002801	00000000-0000-0000-0000-000000000474	2801	gambling	2006-01-14 11:25:41
00000000-0000-0000-0000-000000000474_002803	00000000-0000-0000-0000-000000000474	2803	lawyers	2006-01-16 10:29:42
00000000-0000-0000-0000-000000000474_002804	00000000-0000-0000-0000-000000000474	2804	Christmas	2006-01-14 07:35:20
00000000-0000-0000-0000-000000000474_002827	00000000-0000-0000-0000-000000000474	2827	aliens	2006-01-16 10:18:27
00000000-0000-0000-0000-000000000474_002863	00000000-0000-0000-0000-000000000474	2863	Beatles	2006-01-24 01:05:52
00000000-0000-0000-0000-000000000474_002871	00000000-0000-0000-0000-000000000474	2871	river	2006-01-24 01:04:53
00000000-0000-0000-0000-000000000474_002872	00000000-0000-0000-0000-000000000474	2872	England	2006-01-14 07:35:45
00000000-0000-0000-0000-000000000474_002872	00000000-0000-0000-0000-000000000474	2872	King Arthur	2006-01-14 07:35:45
00000000-0000-0000-0000-000000000474_002905	00000000-0000-0000-0000-000000000474	2905	In Netflix queue	2006-01-14 10:26:07
00000000-0000-0000-0000-000000000474_002915	00000000-0000-0000-0000-000000000474	2915	prostitution	2006-01-16 10:21:18
00000000-0000-0000-0000-000000000474_002918	00000000-0000-0000-0000-000000000474	2918	High School	2006-01-14 07:35:53
00000000-0000-0000-0000-000000000474_002919	00000000-0000-0000-0000-000000000474	2919	Academy award (Best Supporting Actress)	2006-01-16 08:31:56
00000000-0000-0000-0000-000000000474_002919	00000000-0000-0000-0000-000000000474	2919	Indonesia	2006-01-16 08:31:56
00000000-0000-0000-0000-000000000474_002919	00000000-0000-0000-0000-000000000474	2919	journalism	2006-01-16 08:31:56
00000000-0000-0000-0000-000000000474_002927	00000000-0000-0000-0000-000000000474	2927	adultery	2006-01-24 01:04:32
00000000-0000-0000-0000-000000000474_002935	00000000-0000-0000-0000-000000000474	2935	gambling	2006-01-24 01:06:13
00000000-0000-0000-0000-000000000474_002937	00000000-0000-0000-0000-000000000474	2937	screwball	2006-01-14 11:25:50
00000000-0000-0000-0000-000000000474_002939	00000000-0000-0000-0000-000000000474	2939	In Netflix queue	2006-01-14 10:29:00
00000000-0000-0000-0000-000000000474_002940	00000000-0000-0000-0000-000000000474	2940	nightclub	2006-01-24 01:05:41
00000000-0000-0000-0000-000000000474_002941	00000000-0000-0000-0000-000000000474	2941	island	2006-01-24 01:07:37
00000000-0000-0000-0000-000000000474_002943	00000000-0000-0000-0000-000000000474	2943	Vietnam	2006-02-01 23:30:53
00000000-0000-0000-0000-000000000474_002952	00000000-0000-0000-0000-000000000474	2952	gambling	2006-01-14 07:38:34
00000000-0000-0000-0000-000000000474_002959	00000000-0000-0000-0000-000000000474	2959	violence	2006-01-14 11:17:14
00000000-0000-0000-0000-000000000474_002966	00000000-0000-0000-0000-000000000474	2966	brothers	2006-01-24 01:08:27
00000000-0000-0000-0000-000000000474_002966	00000000-0000-0000-0000-000000000474	2966	lawn mower	2006-01-24 01:08:27
00000000-0000-0000-0000-000000000474_002967	00000000-0000-0000-0000-000000000474	2967	evil children	2006-01-24 02:55:12
00000000-0000-0000-0000-000000000474_002968	00000000-0000-0000-0000-000000000474	2968	time travel	2006-01-24 01:08:40
00000000-0000-0000-0000-000000000474_002987	00000000-0000-0000-0000-000000000474	2987	live action/animation	2006-01-24 01:09:04
00000000-0000-0000-0000-000000000474_003000	00000000-0000-0000-0000-000000000474	3000	anime	2006-01-24 01:06:58
00000000-0000-0000-0000-000000000474_003006	00000000-0000-0000-0000-000000000474	3006	tobacco	2006-01-24 01:06:01
00000000-0000-0000-0000-000000000474_003006	00000000-0000-0000-0000-000000000474	3006	true story	2006-01-24 01:06:01
00000000-0000-0000-0000-000000000474_003007	00000000-0000-0000-0000-000000000474	3007	In Netflix queue	2006-01-14 10:25:30
00000000-0000-0000-0000-000000000474_003011	00000000-0000-0000-0000-000000000474	3011	dance marathon	2006-01-14 07:39:27
00000000-0000-0000-0000-000000000474_003028	00000000-0000-0000-0000-000000000474	3028	Shakespeare	2006-01-16 10:22:24
00000000-0000-0000-0000-000000000474_003030	00000000-0000-0000-0000-000000000474	3030	samurai	2006-01-24 01:09:13
00000000-0000-0000-0000-000000000474_003039	00000000-0000-0000-0000-000000000474	3039	class	2006-01-24 01:08:52
00000000-0000-0000-0000-000000000474_003040	00000000-0000-0000-0000-000000000474	3040	camp	2006-01-16 10:09:49
00000000-0000-0000-0000-000000000474_003044	00000000-0000-0000-0000-000000000474	3044	memory	2006-01-14 10:32:37
00000000-0000-0000-0000-000000000474_003044	00000000-0000-0000-0000-000000000474	3044	music	2006-01-14 10:32:37
00000000-0000-0000-0000-000000000474_003052	00000000-0000-0000-0000-000000000474	3052	religion	2006-01-14 07:37:39
00000000-0000-0000-0000-000000000474_003060	00000000-0000-0000-0000-000000000474	3060	In Netflix queue	2006-01-14 10:24:52
00000000-0000-0000-0000-000000000474_003071	00000000-0000-0000-0000-000000000474	3071	high school	2006-01-16 10:30:23
00000000-0000-0000-0000-000000000474_003072	00000000-0000-0000-0000-000000000474	3072	New York	2006-01-14 07:27:54
00000000-0000-0000-0000-000000000474_003077	00000000-0000-0000-0000-000000000474	3077	In Netflix queue	2006-01-14 10:19:02
00000000-0000-0000-0000-000000000474_003077	00000000-0000-0000-0000-000000000474	3077	Up series	2006-01-14 10:19:03
00000000-0000-0000-0000-000000000474_003081	00000000-0000-0000-0000-000000000474	3081	Ichabod Crane	2006-01-16 10:22:15
00000000-0000-0000-0000-000000000474_003087	00000000-0000-0000-0000-000000000474	3087	christmas	2006-01-15 05:40:26
00000000-0000-0000-0000-000000000474_003087	00000000-0000-0000-0000-000000000474	3087	new york	2006-01-15 05:40:22
00000000-0000-0000-0000-000000000474_003095	00000000-0000-0000-0000-000000000474	3095	depression	2006-01-14 11:24:35
00000000-0000-0000-0000-000000000474_003095	00000000-0000-0000-0000-000000000474	3095	dust bowl	2006-01-14 11:24:35
00000000-0000-0000-0000-000000000474_003097	00000000-0000-0000-0000-000000000474	3097	remade	2006-01-24 01:07:15
00000000-0000-0000-0000-000000000474_003098	00000000-0000-0000-0000-000000000474	3098	baseball	2006-01-14 10:24:35
00000000-0000-0000-0000-000000000474_003098	00000000-0000-0000-0000-000000000474	3098	sports	2006-01-14 10:24:35
00000000-0000-0000-0000-000000000474_003101	00000000-0000-0000-0000-000000000474	3101	adultery	2006-01-24 01:05:12
00000000-0000-0000-0000-000000000474_003108	00000000-0000-0000-0000-000000000474	3108	homeless	2006-01-16 10:28:45
00000000-0000-0000-0000-000000000474_003111	00000000-0000-0000-0000-000000000474	3111	racism	2006-01-24 01:06:25
00000000-0000-0000-0000-000000000474_003114	00000000-0000-0000-0000-000000000474	3114	Pixar	2006-01-24 01:08:49
00000000-0000-0000-0000-000000000474_003115	00000000-0000-0000-0000-000000000474	3115	men in drag	2006-01-14 07:38:03
00000000-0000-0000-0000-000000000474_003125	00000000-0000-0000-0000-000000000474	3125	Graham Greene	2006-01-14 07:37:54
00000000-0000-0000-0000-000000000474_003135	00000000-0000-0000-0000-000000000474	3135	fatherhood	2006-01-24 01:05:46
00000000-0000-0000-0000-000000000474_003147	00000000-0000-0000-0000-000000000474	3147	Stephen King	2006-01-14 07:38:21
00000000-0000-0000-0000-000000000474_003152	00000000-0000-0000-0000-000000000474	3152	black-and-white	2006-01-18 03:07:25
00000000-0000-0000-0000-000000000474_003160	00000000-0000-0000-0000-000000000474	3160	L.A.	2006-01-14 10:35:27
00000000-0000-0000-0000-000000000474_003174	00000000-0000-0000-0000-000000000474	3174	Andy Kaufman	2006-01-14 07:39:03
00000000-0000-0000-0000-000000000474_003175	00000000-0000-0000-0000-000000000474	3175	spoof	2006-01-24 01:05:15
00000000-0000-0000-0000-000000000474_003176	00000000-0000-0000-0000-000000000474	3176	Europe	2006-01-14 10:37:39
00000000-0000-0000-0000-000000000474_003176	00000000-0000-0000-0000-000000000474	3176	murder	2006-01-14 10:37:39
00000000-0000-0000-0000-000000000474_003178	00000000-0000-0000-0000-000000000474	3178	boxing	2006-01-16 10:19:49
00000000-0000-0000-0000-000000000474_003181	00000000-0000-0000-0000-000000000474	3181	Shakespeare	2006-01-14 04:09:12
00000000-0000-0000-0000-000000000474_003192	00000000-0000-0000-0000-000000000474	3192	In Netflix queue	2006-01-14 10:17:44
00000000-0000-0000-0000-000000000474_003210	00000000-0000-0000-0000-000000000474	3210	high school	2006-01-16 10:19:41
00000000-0000-0000-0000-000000000474_003211	00000000-0000-0000-0000-000000000474	3211	a dingo ate my baby	2006-01-14 07:37:34
00000000-0000-0000-0000-000000000474_003211	00000000-0000-0000-0000-000000000474	3211	Australia	2006-01-14 07:37:34
00000000-0000-0000-0000-000000000474_003247	00000000-0000-0000-0000-000000000474	3247	nuns	2006-01-16 10:22:06
00000000-0000-0000-0000-000000000474_003250	00000000-0000-0000-0000-000000000474	3250	In Netflix queue	2006-01-14 10:29:23
00000000-0000-0000-0000-000000000474_003258	00000000-0000-0000-0000-000000000474	3258	plastic surgery	2006-01-16 10:31:35
00000000-0000-0000-0000-000000000474_003259	00000000-0000-0000-0000-000000000474	3259	Ireland	2006-01-16 10:31:56
00000000-0000-0000-0000-000000000474_003260	00000000-0000-0000-0000-000000000474	3260	E.M. Forster	2006-01-14 04:42:48
00000000-0000-0000-0000-000000000474_003263	00000000-0000-0000-0000-000000000474	3263	basketball	2006-01-16 10:22:46
00000000-0000-0000-0000-000000000474_003270	00000000-0000-0000-0000-000000000474	3270	figure skating	2006-01-16 10:31:24
00000000-0000-0000-0000-000000000474_003273	00000000-0000-0000-0000-000000000474	3273	slasher	2006-01-24 01:07:08
00000000-0000-0000-0000-000000000474_003273	00000000-0000-0000-0000-000000000474	3273	spoof	2006-01-24 01:07:08
00000000-0000-0000-0000-000000000474_003281	00000000-0000-0000-0000-000000000474	3281	sexuality	2006-01-16 10:18:50
00000000-0000-0000-0000-000000000474_003306	00000000-0000-0000-0000-000000000474	3306	big top	2006-01-14 11:23:19
00000000-0000-0000-0000-000000000474_003306	00000000-0000-0000-0000-000000000474	3306	circus	2006-01-14 11:23:19
00000000-0000-0000-0000-000000000474_003307	00000000-0000-0000-0000-000000000474	3307	blind	2006-01-14 11:23:32
00000000-0000-0000-0000-000000000474_003310	00000000-0000-0000-0000-000000000474	3310	orphans	2006-01-24 01:06:06
00000000-0000-0000-0000-000000000474_003317	00000000-0000-0000-0000-000000000474	3317	writing	2006-01-24 01:09:08
00000000-0000-0000-0000-000000000474_003330	00000000-0000-0000-0000-000000000474	3330	adolescence	2006-01-24 01:07:49
00000000-0000-0000-0000-000000000474_003330	00000000-0000-0000-0000-000000000474	3330	sexuality	2006-01-24 01:08:18
00000000-0000-0000-0000-000000000474_003338	00000000-0000-0000-0000-000000000474	3338	In Netflix queue	2006-01-14 10:21:20
00000000-0000-0000-0000-000000000474_003341	00000000-0000-0000-0000-000000000474	3341	remade	2006-01-24 01:04:46
00000000-0000-0000-0000-000000000474_003360	00000000-0000-0000-0000-000000000474	3360	basketball	2006-01-21 04:19:58
00000000-0000-0000-0000-000000000474_003384	00000000-0000-0000-0000-000000000474	3384	subway	2006-01-24 01:08:32
00000000-0000-0000-0000-000000000474_003385	00000000-0000-0000-0000-000000000474	3385	Peace Corp	2006-01-16 10:22:33
00000000-0000-0000-0000-000000000474_003386	00000000-0000-0000-0000-000000000474	3386	politics	2006-01-14 07:38:54
00000000-0000-0000-0000-000000000474_003386	00000000-0000-0000-0000-000000000474	3386	president	2006-01-14 07:38:54
00000000-0000-0000-0000-000000000474_003408	00000000-0000-0000-0000-000000000474	3408	scandal	2006-01-24 01:05:04
00000000-0000-0000-0000-000000000474_003408	00000000-0000-0000-0000-000000000474	3408	true story	2006-01-24 01:05:04
00000000-0000-0000-0000-000000000474_003420	00000000-0000-0000-0000-000000000474	3420	lawyers	2006-01-16 10:30:55
00000000-0000-0000-0000-000000000474_003421	00000000-0000-0000-0000-000000000474	3421	college	2006-01-16 10:23:01
00000000-0000-0000-0000-000000000474_003421	00000000-0000-0000-0000-000000000474	3421	TOGA	2006-01-16 10:23:07
00000000-0000-0000-0000-000000000474_003424	00000000-0000-0000-0000-000000000474	3424	racism	2006-01-14 07:37:45
00000000-0000-0000-0000-000000000474_003429	00000000-0000-0000-0000-000000000474	3429	aardman	2006-02-23 01:42:49
00000000-0000-0000-0000-000000000474_003435	00000000-0000-0000-0000-000000000474	3435	Insurance	2006-01-18 03:01:17
00000000-0000-0000-0000-000000000474_003447	00000000-0000-0000-0000-000000000474	3447	Pearl S Buck	2006-01-14 07:38:15
00000000-0000-0000-0000-000000000474_003451	00000000-0000-0000-0000-000000000474	3451	Hepburn and Tracy	2006-01-14 04:42:41
00000000-0000-0000-0000-000000000474_003451	00000000-0000-0000-0000-000000000474	3451	interracial marriage	2006-01-14 11:24:39
00000000-0000-0000-0000-000000000474_003451	00000000-0000-0000-0000-000000000474	3451	prejudice	2006-01-14 11:24:41
00000000-0000-0000-0000-000000000474_003451	00000000-0000-0000-0000-000000000474	3451	racism	2006-01-14 11:24:37
00000000-0000-0000-0000-000000000474_003456	00000000-0000-0000-0000-000000000474	3456	In Netflix queue	2006-01-14 10:17:43
00000000-0000-0000-0000-000000000474_003461	00000000-0000-0000-0000-000000000474	3461	island	2006-01-24 01:06:17
00000000-0000-0000-0000-000000000474_003462	00000000-0000-0000-0000-000000000474	3462	factory	2006-01-14 11:25:26
00000000-0000-0000-0000-000000000474_003468	00000000-0000-0000-0000-000000000474	3468	pool	2006-01-18 03:03:25
00000000-0000-0000-0000-000000000474_003469	00000000-0000-0000-0000-000000000474	3469	court	2006-01-16 10:32:51
00000000-0000-0000-0000-000000000474_003469	00000000-0000-0000-0000-000000000474	3469	evolution	2006-01-16 10:32:51
00000000-0000-0000-0000-000000000474_003469	00000000-0000-0000-0000-000000000474	3469	religion	2006-01-16 10:32:51
00000000-0000-0000-0000-000000000474_003475	00000000-0000-0000-0000-000000000474	3475	class	2006-01-24 01:06:53
00000000-0000-0000-0000-000000000474_003481	00000000-0000-0000-0000-000000000474	3481	Nick Hornby	2006-01-14 04:38:13
00000000-0000-0000-0000-000000000474_003489	00000000-0000-0000-0000-000000000474	3489	Peter Pan	2006-01-14 07:38:40
00000000-0000-0000-0000-000000000474_003498	00000000-0000-0000-0000-000000000474	3498	In Netflix queue	2006-01-14 10:25:00
00000000-0000-0000-0000-000000000474_003502	00000000-0000-0000-0000-000000000474	3502	death	2006-01-16 10:33:36
00000000-0000-0000-0000-000000000474_003504	00000000-0000-0000-0000-000000000474	3504	journalism	2006-01-14 07:39:10
00000000-0000-0000-0000-000000000474_003507	00000000-0000-0000-0000-000000000474	3507	In Netflix queue	2006-01-14 10:00:53
00000000-0000-0000-0000-000000000474_003512	00000000-0000-0000-0000-000000000474	3512	transplants	2006-01-14 11:26:12
00000000-0000-0000-0000-000000000474_003515	00000000-0000-0000-0000-000000000474	3515	alternate endings	2006-01-24 01:11:51
00000000-0000-0000-0000-000000000474_003526	00000000-0000-0000-0000-000000000474	3526	families	2006-01-24 01:12:04
00000000-0000-0000-0000-000000000474_003528	00000000-0000-0000-0000-000000000474	3528	psychiatrist	2006-01-16 10:25:51
00000000-0000-0000-0000-000000000474_003536	00000000-0000-0000-0000-000000000474	3536	priest	2006-01-14 04:42:56
00000000-0000-0000-0000-000000000474_003536	00000000-0000-0000-0000-000000000474	3536	rabbi	2006-01-14 04:42:56
00000000-0000-0000-0000-000000000474_003546	00000000-0000-0000-0000-000000000474	3546	show business	2006-01-24 01:14:46
00000000-0000-0000-0000-000000000474_003548	00000000-0000-0000-0000-000000000474	3548	1920s	2006-01-14 11:22:11
00000000-0000-0000-0000-000000000474_003549	00000000-0000-0000-0000-000000000474	3549	Gambling	2006-01-14 07:27:15
00000000-0000-0000-0000-000000000474_003552	00000000-0000-0000-0000-000000000474	3552	golf	2006-01-16 10:23:50
00000000-0000-0000-0000-000000000474_003556	00000000-0000-0000-0000-000000000474	3556	1970s	2006-01-24 01:14:31
00000000-0000-0000-0000-000000000474_003556	00000000-0000-0000-0000-000000000474	3556	suicide	2006-01-24 01:14:31
00000000-0000-0000-0000-000000000474_003559	00000000-0000-0000-0000-000000000474	3559	In Netflix queue	2006-01-14 10:26:55
00000000-0000-0000-0000-000000000474_003566	00000000-0000-0000-0000-000000000474	3566	business	2006-01-14 11:22:22
00000000-0000-0000-0000-000000000474_003566	00000000-0000-0000-0000-000000000474	3566	religion	2006-01-14 11:22:22
00000000-0000-0000-0000-000000000474_003608	00000000-0000-0000-0000-000000000474	3608	Pee Wee Herman	2006-01-24 01:12:12
00000000-0000-0000-0000-000000000474_003629	00000000-0000-0000-0000-000000000474	3629	mining	2006-01-24 01:11:00
00000000-0000-0000-0000-000000000474_003675	00000000-0000-0000-0000-000000000474	3675	Christmas	2006-01-14 11:27:16
00000000-0000-0000-0000-000000000474_003676	00000000-0000-0000-0000-000000000474	3676	In Netflix queue	2006-01-14 10:29:27
00000000-0000-0000-0000-000000000474_003683	00000000-0000-0000-0000-000000000474	3683	Coen Brothers	2006-01-18 03:05:24
00000000-0000-0000-0000-000000000474_003712	00000000-0000-0000-0000-000000000474	3712	television	2006-01-16 10:35:17
00000000-0000-0000-0000-000000000474_003723	00000000-0000-0000-0000-000000000474	3723	Shakespeare	2006-01-14 07:38:28
00000000-0000-0000-0000-000000000474_003724	00000000-0000-0000-0000-000000000474	3724	Vietnam	2006-01-14 10:25:54
00000000-0000-0000-0000-000000000474_003730	00000000-0000-0000-0000-000000000474	3730	spying	2006-01-24 01:09:58
00000000-0000-0000-0000-000000000474_003735	00000000-0000-0000-0000-000000000474	3735	police	2006-01-24 01:13:14
00000000-0000-0000-0000-000000000474_003793	00000000-0000-0000-0000-000000000474	3793	superhero	2006-01-14 11:27:50
00000000-0000-0000-0000-000000000474_003801	00000000-0000-0000-0000-000000000474	3801	court	2006-01-14 07:37:21
00000000-0000-0000-0000-000000000474_003811	00000000-0000-0000-0000-000000000474	3811	court	2006-01-24 01:09:44
00000000-0000-0000-0000-000000000474_003816	00000000-0000-0000-0000-000000000474	3816	missing children	2006-01-24 01:12:00
00000000-0000-0000-0000-000000000474_003844	00000000-0000-0000-0000-000000000474	3844	diabetes	2006-01-16 10:35:48
00000000-0000-0000-0000-000000000474_003849	00000000-0000-0000-0000-000000000474	3849	disability	2006-01-24 01:13:40
00000000-0000-0000-0000-000000000474_003859	00000000-0000-0000-0000-000000000474	3859	In Netflix queue	2006-01-14 10:19:14
00000000-0000-0000-0000-000000000474_003859	00000000-0000-0000-0000-000000000474	3859	televangelist	2006-01-14 10:19:14
00000000-0000-0000-0000-000000000474_003877	00000000-0000-0000-0000-000000000474	3877	superhero	2006-01-16 10:26:31
00000000-0000-0000-0000-000000000474_003897	00000000-0000-0000-0000-000000000474	3897	journalism	2006-01-14 11:22:02
00000000-0000-0000-0000-000000000474_003897	00000000-0000-0000-0000-000000000474	3897	music	2006-01-14 11:22:02
00000000-0000-0000-0000-000000000474_003897	00000000-0000-0000-0000-000000000474	3897	Rolling Stone	2006-01-14 11:22:02
00000000-0000-0000-0000-000000000474_003910	00000000-0000-0000-0000-000000000474	3910	blindness	2006-01-24 01:10:13
00000000-0000-0000-0000-000000000474_003910	00000000-0000-0000-0000-000000000474	3910	factory	2006-01-24 01:10:13
00000000-0000-0000-0000-000000000474_003911	00000000-0000-0000-0000-000000000474	3911	Dogs	2006-01-14 04:42:23
00000000-0000-0000-0000-000000000474_003932	00000000-0000-0000-0000-000000000474	3932	invisibility	2006-01-24 01:11:09
00000000-0000-0000-0000-000000000474_003949	00000000-0000-0000-0000-000000000474	3949	drug abuse	2006-01-14 07:41:33
00000000-0000-0000-0000-000000000474_003951	00000000-0000-0000-0000-000000000474	3951	In Netflix queue	2006-01-14 04:15:32
00000000-0000-0000-0000-000000000474_003967	00000000-0000-0000-0000-000000000474	3967	ballet	2006-01-14 07:39:49
00000000-0000-0000-0000-000000000474_003983	00000000-0000-0000-0000-000000000474	3983	family	2006-01-14 11:28:03
00000000-0000-0000-0000-000000000474_003988	00000000-0000-0000-0000-000000000474	3988	Dr. Seuss	2006-01-16 10:09:16
00000000-0000-0000-0000-000000000474_003994	00000000-0000-0000-0000-000000000474	3994	superhero	2006-01-14 11:26:59
00000000-0000-0000-0000-000000000474_003996	00000000-0000-0000-0000-000000000474	3996	china	2006-01-24 01:10:06
00000000-0000-0000-0000-000000000474_003996	00000000-0000-0000-0000-000000000474	3996	martial arts	2006-01-24 01:10:00
00000000-0000-0000-0000-000000000474_004007	00000000-0000-0000-0000-000000000474	4007	business	2006-01-24 01:14:38
00000000-0000-0000-0000-000000000474_004012	00000000-0000-0000-0000-000000000474	4012	stand-up comedy	2006-01-16 10:26:07
00000000-0000-0000-0000-000000000474_004019	00000000-0000-0000-0000-000000000474	4019	writing	2006-01-24 01:10:30
00000000-0000-0000-0000-000000000474_004024	00000000-0000-0000-0000-000000000474	4024	Edith Wharton	2006-01-16 10:32:24
00000000-0000-0000-0000-000000000474_004025	00000000-0000-0000-0000-000000000474	4025	pageant	2006-01-16 10:25:19
00000000-0000-0000-0000-000000000474_004027	00000000-0000-0000-0000-000000000474	4027	bluegrass	2006-01-18 03:02:39
00000000-0000-0000-0000-000000000474_004029	00000000-0000-0000-0000-000000000474	4029	movies	2006-01-14 11:26:29
00000000-0000-0000-0000-000000000474_004034	00000000-0000-0000-0000-000000000474	4034	based on a TV show	2006-01-21 04:18:49
00000000-0000-0000-0000-000000000474_004046	00000000-0000-0000-0000-000000000474	4046	Quakers	2006-01-24 01:10:35
00000000-0000-0000-0000-000000000474_004077	00000000-0000-0000-0000-000000000474	4077	psychopaths	2006-01-24 02:57:29
00000000-0000-0000-0000-000000000474_004105	00000000-0000-0000-0000-000000000474	4105	zombies	2006-01-16 10:24:32
00000000-0000-0000-0000-000000000474_004113	00000000-0000-0000-0000-000000000474	4113	Tennessee Williams	2006-01-14 07:40:25
00000000-0000-0000-0000-000000000474_004117	00000000-0000-0000-0000-000000000474	4117	In Netflix queue	2006-01-14 10:08:39
00000000-0000-0000-0000-000000000474_004138	00000000-0000-0000-0000-000000000474	4138	demons	2006-01-16 10:09:54
00000000-0000-0000-0000-000000000474_004160	00000000-0000-0000-0000-000000000474	4160	death penalty	2006-01-14 11:27:31
00000000-0000-0000-0000-000000000474_004164	00000000-0000-0000-0000-000000000474	4164	homeless	2006-01-24 01:09:49
00000000-0000-0000-0000-000000000474_004164	00000000-0000-0000-0000-000000000474	4164	New York	2006-01-24 01:09:49
00000000-0000-0000-0000-000000000474_004166	00000000-0000-0000-0000-000000000474	4166	reality TV	2006-01-16 10:26:17
00000000-0000-0000-0000-000000000474_004171	00000000-0000-0000-0000-000000000474	4171	Eugene O'Neill	2006-01-14 07:40:41
00000000-0000-0000-0000-000000000474_004174	00000000-0000-0000-0000-000000000474	4174	In Netflix queue	2006-01-14 10:08:02
00000000-0000-0000-0000-000000000474_004184	00000000-0000-0000-0000-000000000474	4184	Christmas	2006-01-24 01:09:37
00000000-0000-0000-0000-000000000474_004189	00000000-0000-0000-0000-000000000474	4189	Bible	2006-01-16 10:32:01
00000000-0000-0000-0000-000000000474_004189	00000000-0000-0000-0000-000000000474	4189	religion	2006-01-16 10:32:01
00000000-0000-0000-0000-000000000474_004190	00000000-0000-0000-0000-000000000474	4190	preacher	2006-01-18 03:01:59
00000000-0000-0000-0000-000000000474_004190	00000000-0000-0000-0000-000000000474	4190	religion	2006-01-18 03:01:59
00000000-0000-0000-0000-000000000474_004191	00000000-0000-0000-0000-000000000474	4191	sexuality	2006-01-24 01:09:33
00000000-0000-0000-0000-000000000474_004194	00000000-0000-0000-0000-000000000474	4194	In Netflix queue	2006-01-14 10:19:35
00000000-0000-0000-0000-000000000474_004204	00000000-0000-0000-0000-000000000474	4204	virginity	2006-01-16 10:09:30
00000000-0000-0000-0000-000000000474_004210	00000000-0000-0000-0000-000000000474	4210	Hannibal Lecter	2006-02-04 22:31:22
00000000-0000-0000-0000-000000000474_004210	00000000-0000-0000-0000-000000000474	4210	serial killer	2006-02-04 22:31:27
00000000-0000-0000-0000-000000000474_004211	00000000-0000-0000-0000-000000000474	4211	von Bulow	2006-01-14 07:41:43
00000000-0000-0000-0000-000000000474_004214	00000000-0000-0000-0000-000000000474	4214	college	2006-01-16 10:26:11
00000000-0000-0000-0000-000000000474_004218	00000000-0000-0000-0000-000000000474	4218	In Netflix queue	2006-01-14 10:28:13
00000000-0000-0000-0000-000000000474_004221	00000000-0000-0000-0000-000000000474	4221	football	2006-01-16 10:25:25
00000000-0000-0000-0000-000000000474_004226	00000000-0000-0000-0000-000000000474	4226	Backwards. memory	2006-01-14 07:27:43
00000000-0000-0000-0000-000000000474_004232	00000000-0000-0000-0000-000000000474	4232	spying	2006-01-24 01:13:44
00000000-0000-0000-0000-000000000474_004246	00000000-0000-0000-0000-000000000474	4246	singletons	2006-01-14 11:22:54
00000000-0000-0000-0000-000000000474_004259	00000000-0000-0000-0000-000000000474	4259	Nabokov	2006-01-14 07:40:47
00000000-0000-0000-0000-000000000474_004263	00000000-0000-0000-0000-000000000474	4263	alcoholism	2006-01-24 01:10:22
00000000-0000-0000-0000-000000000474_004292	00000000-0000-0000-0000-000000000474	4292	Union	2006-01-14 07:41:22
00000000-0000-0000-0000-000000000474_004296	00000000-0000-0000-0000-000000000474	4296	death	2006-01-16 10:25:04
00000000-0000-0000-0000-000000000474_004306	00000000-0000-0000-0000-000000000474	4306	fairy tales	2006-01-14 11:26:26
00000000-0000-0000-0000-000000000474_004312	00000000-0000-0000-0000-000000000474	4312	In Netflix queue	2006-01-14 10:29:33
00000000-0000-0000-0000-000000000474_004316	00000000-0000-0000-0000-000000000474	4316	figure skating	2006-01-16 10:32:37
00000000-0000-0000-0000-000000000474_004326	00000000-0000-0000-0000-000000000474	4326	race	2006-01-16 10:33:24
00000000-0000-0000-0000-000000000474_004326	00000000-0000-0000-0000-000000000474	4326	rasicm	2006-01-16 10:33:24
00000000-0000-0000-0000-000000000474_004333	00000000-0000-0000-0000-000000000474	4333	Strangers on a Train	2006-01-24 01:13:52
00000000-0000-0000-0000-000000000474_004347	00000000-0000-0000-0000-000000000474	4347	Holocaust	2006-01-24 01:10:26
00000000-0000-0000-0000-000000000474_004356	00000000-0000-0000-0000-000000000474	4356	In Netflix queue	2006-01-14 10:23:14
00000000-0000-0000-0000-000000000474_004359	00000000-0000-0000-0000-000000000474	4359	adultery	2006-01-24 01:13:20
00000000-0000-0000-0000-000000000474_004361	00000000-0000-0000-0000-000000000474	4361	men in drag	2006-01-24 01:13:58
00000000-0000-0000-0000-000000000474_004370	00000000-0000-0000-0000-000000000474	4370	robots	2006-01-14 11:21:46
00000000-0000-0000-0000-000000000474_004380	00000000-0000-0000-0000-000000000474	4380	accident	2006-01-24 01:12:50
00000000-0000-0000-0000-000000000474_004396	00000000-0000-0000-0000-000000000474	4396	race	2006-01-16 10:08:04
00000000-0000-0000-0000-000000000474_004404	00000000-0000-0000-0000-000000000474	4404	In Netflix queue	2006-01-14 10:02:17
00000000-0000-0000-0000-000000000474_004447	00000000-0000-0000-0000-000000000474	4447	lawyers	2006-01-24 01:11:14
00000000-0000-0000-0000-000000000474_004448	00000000-0000-0000-0000-000000000474	4448	heist	2006-01-24 01:12:53
00000000-0000-0000-0000-000000000474_004465	00000000-0000-0000-0000-000000000474	4465	rape	2006-01-24 01:09:25
00000000-0000-0000-0000-000000000474_004476	00000000-0000-0000-0000-000000000474	4476	twins	2006-01-16 10:23:42
00000000-0000-0000-0000-000000000474_004477	00000000-0000-0000-0000-000000000474	4477	circus	2006-01-16 10:07:49
00000000-0000-0000-0000-000000000474_004489	00000000-0000-0000-0000-000000000474	4489	Africa	2006-01-20 23:11:06
00000000-0000-0000-0000-000000000474_004489	00000000-0000-0000-0000-000000000474	4489	immigrants	2006-01-16 10:23:56
00000000-0000-0000-0000-000000000474_004495	00000000-0000-0000-0000-000000000474	4495	New York	2006-01-14 10:32:22
00000000-0000-0000-0000-000000000474_004526	00000000-0000-0000-0000-000000000474	4526	aliens	2006-01-16 10:12:28
00000000-0000-0000-0000-000000000474_004537	00000000-0000-0000-0000-000000000474	4537	hippies	2006-01-14 11:26:16
00000000-0000-0000-0000-000000000474_004545	00000000-0000-0000-0000-000000000474	4545	robots	2006-01-16 10:26:21
00000000-0000-0000-0000-000000000474_004546	00000000-0000-0000-0000-000000000474	4546	kidnapping	2006-01-24 01:14:15
00000000-0000-0000-0000-000000000474_004546	00000000-0000-0000-0000-000000000474	4546	remade	2006-01-24 01:14:15
00000000-0000-0000-0000-000000000474_004558	00000000-0000-0000-0000-000000000474	4558	twins	2006-01-16 10:26:38
00000000-0000-0000-0000-000000000474_004571	00000000-0000-0000-0000-000000000474	4571	time travel	2006-01-14 11:22:28
00000000-0000-0000-0000-000000000474_004600	00000000-0000-0000-0000-000000000474	4600	doctors	2006-01-16 10:32:04
00000000-0000-0000-0000-000000000474_004621	00000000-0000-0000-0000-000000000474	4621	babies	2006-01-16 10:24:59
00000000-0000-0000-0000-000000000474_004623	00000000-0000-0000-0000-000000000474	4623	baseball	2006-01-16 10:25:12
00000000-0000-0000-0000-000000000474_004638	00000000-0000-0000-0000-000000000474	4638	dinosaurs	2006-01-16 10:24:52
00000000-0000-0000-0000-000000000474_004639	00000000-0000-0000-0000-000000000474	4639	Hollywood	2006-01-16 10:31:11
00000000-0000-0000-0000-000000000474_004639	00000000-0000-0000-0000-000000000474	4639	movie business	2006-01-16 10:31:11
00000000-0000-0000-0000-000000000474_004641	00000000-0000-0000-0000-000000000474	4641	adolescence	2006-01-24 01:10:52
00000000-0000-0000-0000-000000000474_004677	00000000-0000-0000-0000-000000000474	4677	dogs	2006-01-16 10:13:11
00000000-0000-0000-0000-000000000474_004678	00000000-0000-0000-0000-000000000474	4678	television	2006-01-24 01:14:02
00000000-0000-0000-0000-000000000474_004688	00000000-0000-0000-0000-000000000474	4688	In Netflix queue	2006-01-14 10:12:06
00000000-0000-0000-0000-000000000474_004787	00000000-0000-0000-0000-000000000474	4787	prodigies	2006-01-24 01:11:27
00000000-0000-0000-0000-000000000474_004801	00000000-0000-0000-0000-000000000474	4801	family	2006-01-24 01:11:18
00000000-0000-0000-0000-000000000474_004808	00000000-0000-0000-0000-000000000474	4808	remake	2006-01-16 10:26:45
00000000-0000-0000-0000-000000000474_004809	00000000-0000-0000-0000-000000000474	4809	Nuclear disaster	2006-01-16 08:30:24
00000000-0000-0000-0000-000000000474_004809	00000000-0000-0000-0000-000000000474	4809	union	2006-01-16 08:30:24
00000000-0000-0000-0000-000000000474_004812	00000000-0000-0000-0000-000000000474	4812	NASA	2006-01-16 10:26:26
00000000-0000-0000-0000-000000000474_004812	00000000-0000-0000-0000-000000000474	4812	space	2006-01-16 10:26:26
00000000-0000-0000-0000-000000000474_004823	00000000-0000-0000-0000-000000000474	4823	wedding	2006-01-24 01:13:11
00000000-0000-0000-0000-000000000474_004835	00000000-0000-0000-0000-000000000474	4835	Loretta Lynn	2006-01-14 07:40:03
00000000-0000-0000-0000-000000000474_004857	00000000-0000-0000-0000-000000000474	4857	Judaism	2006-01-24 02:59:30
00000000-0000-0000-0000-000000000474_004857	00000000-0000-0000-0000-000000000474	4857	Tradition!	2006-01-14 07:40:17
00000000-0000-0000-0000-000000000474_004874	00000000-0000-0000-0000-000000000474	4874	aliens	2006-01-16 10:33:06
00000000-0000-0000-0000-000000000474_004874	00000000-0000-0000-0000-000000000474	4874	psychiatrist	2006-01-16 10:33:06
00000000-0000-0000-0000-000000000474_004878	00000000-0000-0000-0000-000000000474	4878	time travel	2006-01-14 11:29:41
00000000-0000-0000-0000-000000000474_004881	00000000-0000-0000-0000-000000000474	4881	Coen Brothers	2006-01-14 07:40:55
00000000-0000-0000-0000-000000000474_004896	00000000-0000-0000-0000-000000000474	4896	Magic	2006-01-14 11:31:33
00000000-0000-0000-0000-000000000474_004896	00000000-0000-0000-0000-000000000474	4896	Wizards	2006-01-14 11:31:33
00000000-0000-0000-0000-000000000474_004902	00000000-0000-0000-0000-000000000474	4902	ghosts	2006-01-16 08:30:52
00000000-0000-0000-0000-000000000474_004920	00000000-0000-0000-0000-000000000474	4920	psychology	2006-01-24 03:01:59
00000000-0000-0000-0000-000000000474_004963	00000000-0000-0000-0000-000000000474	4963	heist	2006-01-24 03:02:02
00000000-0000-0000-0000-000000000474_004969	00000000-0000-0000-0000-000000000474	4969	In Netflix queue	2006-01-14 04:12:43
00000000-0000-0000-0000-000000000474_004970	00000000-0000-0000-0000-000000000474	4970	nightclub	2006-01-24 02:58:37
00000000-0000-0000-0000-000000000474_004970	00000000-0000-0000-0000-000000000474	4970	singers	2006-01-24 02:58:37
00000000-0000-0000-0000-000000000474_004973	00000000-0000-0000-0000-000000000474	4973	whimsical	2006-01-14 10:31:29
00000000-0000-0000-0000-000000000474_004979	00000000-0000-0000-0000-000000000474	4979	new york	2006-01-15 05:40:20
00000000-0000-0000-0000-000000000474_004980	00000000-0000-0000-0000-000000000474	4980	time travel	2006-01-24 02:58:29
00000000-0000-0000-0000-000000000474_004993	00000000-0000-0000-0000-000000000474	4993	Tolkein	2006-01-14 04:38:45
00000000-0000-0000-0000-000000000474_004998	00000000-0000-0000-0000-000000000474	4998	racism	2006-02-05 10:23:02
00000000-0000-0000-0000-000000000474_005008	00000000-0000-0000-0000-000000000474	5008	Agatha Christie	2006-01-24 03:03:50
00000000-0000-0000-0000-000000000474_005008	00000000-0000-0000-0000-000000000474	5008	court	2006-01-24 03:03:50
00000000-0000-0000-0000-000000000474_005012	00000000-0000-0000-0000-000000000474	5012	cross dressing	2006-01-24 03:04:23
00000000-0000-0000-0000-000000000474_005012	00000000-0000-0000-0000-000000000474	5012	Judaism	2006-01-24 03:04:23
00000000-0000-0000-0000-000000000474_005015	00000000-0000-0000-0000-000000000474	5015	race	2006-01-24 03:01:11
00000000-0000-0000-0000-000000000474_005034	00000000-0000-0000-0000-000000000474	5034	Ghost	2006-01-14 07:28:18
00000000-0000-0000-0000-000000000474_005064	00000000-0000-0000-0000-000000000474	5064	Dumas	2006-01-24 02:59:23
00000000-0000-0000-0000-000000000474_005064	00000000-0000-0000-0000-000000000474	5064	revenge	2006-01-24 02:59:23
00000000-0000-0000-0000-000000000474_005114	00000000-0000-0000-0000-000000000474	5114	movie business	2006-01-24 02:58:03
00000000-0000-0000-0000-000000000474_005120	00000000-0000-0000-0000-000000000474	5120	In Netflix queue	2006-01-14 10:07:51
00000000-0000-0000-0000-000000000474_005135	00000000-0000-0000-0000-000000000474	5135	India	2006-01-14 07:41:00
00000000-0000-0000-0000-000000000474_005139	00000000-0000-0000-0000-000000000474	5139	baseball	2006-01-16 10:07:33
00000000-0000-0000-0000-000000000474_005213	00000000-0000-0000-0000-000000000474	5213	religion	2006-01-16 10:12:38
00000000-0000-0000-0000-000000000474_005224	00000000-0000-0000-0000-000000000474	5224	In Netflix queue	2006-01-14 10:17:44
00000000-0000-0000-0000-000000000474_005238	00000000-0000-0000-0000-000000000474	5238	In Netflix queue	2006-01-14 10:27:32
00000000-0000-0000-0000-000000000474_005266	00000000-0000-0000-0000-000000000474	5266	crime	2006-01-24 03:02:25
00000000-0000-0000-0000-000000000474_005291	00000000-0000-0000-0000-000000000474	5291	In Netflix queue	2006-01-14 10:08:27
00000000-0000-0000-0000-000000000474_005291	00000000-0000-0000-0000-000000000474	5291	samurai	2006-03-14 05:42:10
00000000-0000-0000-0000-000000000474_005294	00000000-0000-0000-0000-000000000474	5294	religion	2006-01-24 02:59:37
00000000-0000-0000-0000-000000000474_005304	00000000-0000-0000-0000-000000000474	5304	In Netflix queue	2006-01-14 10:09:21
00000000-0000-0000-0000-000000000474_005316	00000000-0000-0000-0000-000000000474	5316	World War II	2006-01-16 10:31:51
00000000-0000-0000-0000-000000000474_005349	00000000-0000-0000-0000-000000000474	5349	superhero	2006-01-14 11:34:28
00000000-0000-0000-0000-000000000474_005353	00000000-0000-0000-0000-000000000474	5353	blind	2006-01-21 04:17:01
00000000-0000-0000-0000-000000000474_005377	00000000-0000-0000-0000-000000000474	5377	Nick Hornby	2006-01-14 04:37:53
00000000-0000-0000-0000-000000000474_005379	00000000-0000-0000-0000-000000000474	5379	anti-Semitism	2006-01-14 11:28:52
00000000-0000-0000-0000-000000000474_005379	00000000-0000-0000-0000-000000000474	5379	Judaism	2006-01-14 11:28:52
00000000-0000-0000-0000-000000000474_005398	00000000-0000-0000-0000-000000000474	5398	boxing	2006-01-24 03:03:30
00000000-0000-0000-0000-000000000474_005404	00000000-0000-0000-0000-000000000474	5404	books	2006-01-24 02:57:55
00000000-0000-0000-0000-000000000474_005445	00000000-0000-0000-0000-000000000474	5445	future	2006-01-14 11:33:27
00000000-0000-0000-0000-000000000474_005446	00000000-0000-0000-0000-000000000474	5446	Australia	2006-01-14 04:46:13
00000000-0000-0000-0000-000000000474_005450	00000000-0000-0000-0000-000000000474	5450	sisterhood	2006-01-24 03:00:55
00000000-0000-0000-0000-000000000474_005450	00000000-0000-0000-0000-000000000474	5450	women	2006-01-24 03:00:55
00000000-0000-0000-0000-000000000474_005451	00000000-0000-0000-0000-000000000474	5451	disability	2006-01-16 10:34:47
00000000-0000-0000-0000-000000000474_005451	00000000-0000-0000-0000-000000000474	5451	mental illness	2006-01-16 10:34:47
00000000-0000-0000-0000-000000000474_005470	00000000-0000-0000-0000-000000000474	5470	Oscar Wilde	2006-01-14 04:45:30
00000000-0000-0000-0000-000000000474_005475	00000000-0000-0000-0000-000000000474	5475	In Netflix queue	2006-01-14 10:26:18
00000000-0000-0000-0000-000000000474_005483	00000000-0000-0000-0000-000000000474	5483	movie business	2006-01-14 04:45:38
00000000-0000-0000-0000-000000000474_005498	00000000-0000-0000-0000-000000000474	5498	In Netflix queue	2006-01-14 04:16:21
00000000-0000-0000-0000-000000000474_005502	00000000-0000-0000-0000-000000000474	5502	aliens	2006-01-14 11:34:25
00000000-0000-0000-0000-000000000474_005505	00000000-0000-0000-0000-000000000474	5505	adultery	2006-01-14 11:30:54
00000000-0000-0000-0000-000000000474_005505	00000000-0000-0000-0000-000000000474	5505	younger men	2006-01-14 11:30:54
00000000-0000-0000-0000-000000000474_005527	00000000-0000-0000-0000-000000000474	5527	AS Byatt	2006-01-24 03:02:52
00000000-0000-0000-0000-000000000474_005527	00000000-0000-0000-0000-000000000474	5527	books	2006-01-24 03:02:52
00000000-0000-0000-0000-000000000474_005528	00000000-0000-0000-0000-000000000474	5528	photography	2006-01-24 03:02:15
00000000-0000-0000-0000-000000000474_005528	00000000-0000-0000-0000-000000000474	5528	psychopaths	2006-01-24 03:02:15
00000000-0000-0000-0000-000000000474_005548	00000000-0000-0000-0000-000000000474	5548	homeless	2006-01-16 10:24:05
00000000-0000-0000-0000-000000000474_005577	00000000-0000-0000-0000-000000000474	5577	adolescence	2006-01-24 03:00:26
00000000-0000-0000-0000-000000000474_005601	00000000-0000-0000-0000-000000000474	5601	Animal movie	2006-01-24 03:04:12
00000000-0000-0000-0000-000000000474_005603	00000000-0000-0000-0000-000000000474	5603	crime	2006-01-24 03:00:41
00000000-0000-0000-0000-000000000474_005603	00000000-0000-0000-0000-000000000474	5603	heist	2006-01-24 03:00:41
00000000-0000-0000-0000-000000000474_005618	00000000-0000-0000-0000-000000000474	5618	anime	2006-01-14 11:34:36
00000000-0000-0000-0000-000000000474_005629	00000000-0000-0000-0000-000000000474	5629	Bible	2006-01-16 10:24:43
00000000-0000-0000-0000-000000000474_005630	00000000-0000-0000-0000-000000000474	5630	Hannibal Lecter	2006-02-04 22:31:24
00000000-0000-0000-0000-000000000474_005633	00000000-0000-0000-0000-000000000474	5633	bombs	2006-01-24 03:00:02
00000000-0000-0000-0000-000000000474_005644	00000000-0000-0000-0000-000000000474	5644	baseball	2006-01-24 03:03:01
00000000-0000-0000-0000-000000000474_005644	00000000-0000-0000-0000-000000000474	5644	Lou Gehrig	2006-01-24 03:03:01
00000000-0000-0000-0000-000000000474_005669	00000000-0000-0000-0000-000000000474	5669	violence in america	2006-01-24 02:58:53
00000000-0000-0000-0000-000000000474_005673	00000000-0000-0000-0000-000000000474	5673	pudding	2006-01-14 11:33:53
00000000-0000-0000-0000-000000000474_005682	00000000-0000-0000-0000-000000000474	5682	Holocaust	2006-01-24 02:59:49
00000000-0000-0000-0000-000000000474_005685	00000000-0000-0000-0000-000000000474	5685	Girl Power	2006-01-14 11:34:08
00000000-0000-0000-0000-000000000474_005690	00000000-0000-0000-0000-000000000474	5690	made me cry	2006-01-14 11:31:06
00000000-0000-0000-0000-000000000474_005690	00000000-0000-0000-0000-000000000474	5690	orphans	2006-01-14 11:31:06
00000000-0000-0000-0000-000000000474_005721	00000000-0000-0000-0000-000000000474	5721	In Netflix queue	2006-01-14 10:09:36
00000000-0000-0000-0000-000000000474_005721	00000000-0000-0000-0000-000000000474	5721	Judaism	2006-01-14 10:09:36
00000000-0000-0000-0000-000000000474_005747	00000000-0000-0000-0000-000000000474	5747	World War I	2006-01-14 04:45:12
00000000-0000-0000-0000-000000000474_005791	00000000-0000-0000-0000-000000000474	5791	art	2006-01-24 02:59:41
00000000-0000-0000-0000-000000000474_005792	00000000-0000-0000-0000-000000000474	5792	dating	2006-01-16 10:34:56
00000000-0000-0000-0000-000000000474_005802	00000000-0000-0000-0000-000000000474	5802	teenagers	2006-01-24 03:04:02
00000000-0000-0000-0000-000000000474_005812	00000000-0000-0000-0000-000000000474	5812	salute to Douglas Sirk	2006-01-14 04:45:05
00000000-0000-0000-0000-000000000474_005816	00000000-0000-0000-0000-000000000474	5816	Magic	2006-01-14 11:31:22
00000000-0000-0000-0000-000000000474_005816	00000000-0000-0000-0000-000000000474	5816	Wizards	2006-01-14 11:31:22
00000000-0000-0000-0000-000000000474_005820	00000000-0000-0000-0000-000000000474	5820	music business	2006-01-24 03:03:39
00000000-0000-0000-0000-000000000474_005875	00000000-0000-0000-0000-000000000474	5875	short films	2006-01-16 10:34:17
00000000-0000-0000-0000-000000000474_005876	00000000-0000-0000-0000-000000000474	5876	Graham Greene	2006-01-24 03:03:15
00000000-0000-0000-0000-000000000474_005878	00000000-0000-0000-0000-000000000474	5878	coma	2006-01-24 03:03:43
00000000-0000-0000-0000-000000000474_005899	00000000-0000-0000-0000-000000000474	5899	Africa	2006-01-17 05:15:38
00000000-0000-0000-0000-000000000474_005952	00000000-0000-0000-0000-000000000474	5952	Tolkein	2006-01-14 04:38:50
00000000-0000-0000-0000-000000000474_005954	00000000-0000-0000-0000-000000000474	5954	crime	2006-01-24 02:57:50
00000000-0000-0000-0000-000000000474_005954	00000000-0000-0000-0000-000000000474	5954	nightclub	2006-01-24 02:57:50
00000000-0000-0000-0000-000000000474_005971	00000000-0000-0000-0000-000000000474	5971	anime	2006-01-24 03:01:21
00000000-0000-0000-0000-000000000474_005989	00000000-0000-0000-0000-000000000474	5989	crime	2006-01-24 02:58:57
00000000-0000-0000-0000-000000000474_005991	00000000-0000-0000-0000-000000000474	5991	court	2006-01-24 02:59:05
00000000-0000-0000-0000-000000000474_005991	00000000-0000-0000-0000-000000000474	5991	jazz	2006-01-24 02:59:00
00000000-0000-0000-0000-000000000474_005991	00000000-0000-0000-0000-000000000474	5991	murder	2006-01-24 02:59:02
00000000-0000-0000-0000-000000000474_005994	00000000-0000-0000-0000-000000000474	5994	Dickens	2006-01-24 03:01:26
00000000-0000-0000-0000-000000000474_005995	00000000-0000-0000-0000-000000000474	5995	Holocaust	2006-01-14 04:46:02
00000000-0000-0000-0000-000000000474_006002	00000000-0000-0000-0000-000000000474	6002	drugs	2006-01-27 05:26:08
00000000-0000-0000-0000-000000000474_006002	00000000-0000-0000-0000-000000000474	6002	planes	2006-01-27 05:26:08
00000000-0000-0000-0000-000000000474_006002	00000000-0000-0000-0000-000000000474	6002	widows/widowers	2006-01-27 05:26:08
00000000-0000-0000-0000-000000000474_006003	00000000-0000-0000-0000-000000000474	6003	television	2006-01-27 05:24:18
00000000-0000-0000-0000-000000000474_006016	00000000-0000-0000-0000-000000000474	6016	crime	2006-01-24 02:59:17
00000000-0000-0000-0000-000000000474_006016	00000000-0000-0000-0000-000000000474	6016	photography	2006-01-24 02:59:17
00000000-0000-0000-0000-000000000474_006016	00000000-0000-0000-0000-000000000474	6016	violence	2006-01-24 02:59:17
00000000-0000-0000-0000-000000000474_006020	00000000-0000-0000-0000-000000000474	6020	class	2006-01-27 05:23:44
00000000-0000-0000-0000-000000000474_006027	00000000-0000-0000-0000-000000000474	6027	In Netflix queue	2006-01-14 10:07:28
00000000-0000-0000-0000-000000000474_006031	00000000-0000-0000-0000-000000000474	6031	motherhood	2006-01-24 03:00:34
00000000-0000-0000-0000-000000000474_006031	00000000-0000-0000-0000-000000000474	6031	race	2006-01-24 03:00:34
00000000-0000-0000-0000-000000000474_006041	00000000-0000-0000-0000-000000000474	6041	In Netflix queue	2006-01-14 10:08:08
00000000-0000-0000-0000-000000000474_006063	00000000-0000-0000-0000-000000000474	6063	doll	2006-01-16 10:33:14
00000000-0000-0000-0000-000000000474_006090	00000000-0000-0000-0000-000000000474	6090	ghosts	2006-01-27 05:25:31
00000000-0000-0000-0000-000000000474_006101	00000000-0000-0000-0000-000000000474	6101	Chile	2006-01-22 12:36:15
00000000-0000-0000-0000-000000000474_006101	00000000-0000-0000-0000-000000000474	6101	politics	2006-01-22 12:36:15
00000000-0000-0000-0000-000000000474_006101	00000000-0000-0000-0000-000000000474	6101	South America	2006-01-22 12:36:15
00000000-0000-0000-0000-000000000474_006104	00000000-0000-0000-0000-000000000474	6104	spoof	2006-01-24 03:01:19
00000000-0000-0000-0000-000000000474_006156	00000000-0000-0000-0000-000000000474	6156	England	2006-01-27 05:28:21
00000000-0000-0000-0000-000000000474_006159	00000000-0000-0000-0000-000000000474	6159	adolescence	2006-01-27 05:23:51
00000000-0000-0000-0000-000000000474_006163	00000000-0000-0000-0000-000000000474	6163	obsession	2006-01-14 11:31:45
00000000-0000-0000-0000-000000000474_006170	00000000-0000-0000-0000-000000000474	6170	horses	2006-01-27 05:24:08
00000000-0000-0000-0000-000000000474_006178	00000000-0000-0000-0000-000000000474	6178	blind	2006-01-24 03:02:38
00000000-0000-0000-0000-000000000474_006178	00000000-0000-0000-0000-000000000474	6178	blindness	2006-01-24 03:02:38
00000000-0000-0000-0000-000000000474_006178	00000000-0000-0000-0000-000000000474	6178	race	2006-01-24 03:02:38
00000000-0000-0000-0000-000000000474_006181	00000000-0000-0000-0000-000000000474	6181	Civil War	2006-01-24 03:03:24
00000000-0000-0000-0000-000000000474_006181	00000000-0000-0000-0000-000000000474	6181	Stephen Crane	2006-01-24 03:03:24
00000000-0000-0000-0000-000000000474_006183	00000000-0000-0000-0000-000000000474	6183	Day and Hudson	2006-01-24 03:02:46
00000000-0000-0000-0000-000000000474_006183	00000000-0000-0000-0000-000000000474	6183	sexuality	2006-01-24 03:02:46
00000000-0000-0000-0000-000000000474_006195	00000000-0000-0000-0000-000000000474	6195	books	2006-01-29 10:37:35
00000000-0000-0000-0000-000000000474_006195	00000000-0000-0000-0000-000000000474	6195	Stones of Summer	2006-01-29 10:37:35
00000000-0000-0000-0000-000000000474_006197	00000000-0000-0000-0000-000000000474	6197	mental illness	2006-01-27 05:29:11
00000000-0000-0000-0000-000000000474_006201	00000000-0000-0000-0000-000000000474	6201	England	2006-01-14 07:27:24
00000000-0000-0000-0000-000000000474_006216	00000000-0000-0000-0000-000000000474	6216	World War II	2006-01-27 05:27:09
00000000-0000-0000-0000-000000000474_006218	00000000-0000-0000-0000-000000000474	6218	soccer	2006-01-24 02:58:22
00000000-0000-0000-0000-000000000474_006228	00000000-0000-0000-0000-000000000474	6228	In Netflix queue	2006-01-14 10:20:13
00000000-0000-0000-0000-000000000474_006232	00000000-0000-0000-0000-000000000474	6232	animal movie	2006-01-24 02:58:46
00000000-0000-0000-0000-000000000474_006232	00000000-0000-0000-0000-000000000474	6232	lions	2006-01-24 02:58:45
00000000-0000-0000-0000-000000000474_006235	00000000-0000-0000-0000-000000000474	6235	Holocaust	2006-01-27 05:24:39
00000000-0000-0000-0000-000000000474_006235	00000000-0000-0000-0000-000000000474	6235	World War II	2006-01-27 05:24:39
00000000-0000-0000-0000-000000000474_006238	00000000-0000-0000-0000-000000000474	6238	immigrants	2006-01-27 05:24:56
00000000-0000-0000-0000-000000000474_006242	00000000-0000-0000-0000-000000000474	6242	television	2006-01-27 05:28:00
00000000-0000-0000-0000-000000000474_006244	00000000-0000-0000-0000-000000000474	6244	In Netflix queue	2006-01-14 10:25:21
00000000-0000-0000-0000-000000000474_006245	00000000-0000-0000-0000-000000000474	6245	prostitution	2006-01-27 05:29:21
00000000-0000-0000-0000-000000000474_006254	00000000-0000-0000-0000-000000000474	6254	screwball	2006-01-14 04:44:29
00000000-0000-0000-0000-000000000474_006268	00000000-0000-0000-0000-000000000474	6268	adolescence	2006-01-27 05:27:41
00000000-0000-0000-0000-000000000474_006269	00000000-0000-0000-0000-000000000474	6269	Big Brothers	2006-01-14 11:34:56
00000000-0000-0000-0000-000000000474_006273	00000000-0000-0000-0000-000000000474	6273	L.A.	2006-01-18 03:03:45
00000000-0000-0000-0000-000000000474_006281	00000000-0000-0000-0000-000000000474	6281	crime	2006-01-27 05:27:29
00000000-0000-0000-0000-000000000474_006286	00000000-0000-0000-0000-000000000474	6286	amnesia	2006-01-24 03:00:59
00000000-0000-0000-0000-000000000474_006288	00000000-0000-0000-0000-000000000474	6288	gangs	2006-01-27 05:24:04
00000000-0000-0000-0000-000000000474_006289	00000000-0000-0000-0000-000000000474	6289	Titanic	2006-01-27 05:24:45
00000000-0000-0000-0000-000000000474_006291	00000000-0000-0000-0000-000000000474	6291	prostitution	2006-01-24 03:00:48
00000000-0000-0000-0000-000000000474_006296	00000000-0000-0000-0000-000000000474	6296	mockumentary	2006-01-24 03:01:07
00000000-0000-0000-0000-000000000474_006297	00000000-0000-0000-0000-000000000474	6297	children	2006-01-27 05:25:01
00000000-0000-0000-0000-000000000474_006299	00000000-0000-0000-0000-000000000474	6299	birds	2006-01-27 05:29:44
00000000-0000-0000-0000-000000000474_006305	00000000-0000-0000-0000-000000000474	6305	Ray Bradbury	2006-01-14 04:44:50
00000000-0000-0000-0000-000000000474_006308	00000000-0000-0000-0000-000000000474	6308	lawyers	2006-01-16 10:27:14
00000000-0000-0000-0000-000000000474_006327	00000000-0000-0000-0000-000000000474	6327	1970s	2006-01-29 07:14:39
00000000-0000-0000-0000-000000000474_006327	00000000-0000-0000-0000-000000000474	6327	movies	2006-01-14 10:03:04
00000000-0000-0000-0000-000000000474_006331	00000000-0000-0000-0000-000000000474	6331	spelling bee	2006-01-24 03:10:07
00000000-0000-0000-0000-000000000474_006333	00000000-0000-0000-0000-000000000474	6333	Jean Grey	2006-01-14 10:38:26
00000000-0000-0000-0000-000000000474_006333	00000000-0000-0000-0000-000000000474	6333	Magneto	2006-01-14 10:38:26
00000000-0000-0000-0000-000000000474_006333	00000000-0000-0000-0000-000000000474	6333	Rogue	2006-01-14 10:38:26
00000000-0000-0000-0000-000000000474_006333	00000000-0000-0000-0000-000000000474	6333	superhero	2006-01-14 11:18:02
00000000-0000-0000-0000-000000000474_006333	00000000-0000-0000-0000-000000000474	6333	Wolverine	2006-01-14 10:38:26
00000000-0000-0000-0000-000000000474_006334	00000000-0000-0000-0000-000000000474	6334	teachers	2006-01-24 03:05:40
00000000-0000-0000-0000-000000000474_006337	00000000-0000-0000-0000-000000000474	6337	gambling	2006-01-27 05:27:24
00000000-0000-0000-0000-000000000474_006339	00000000-0000-0000-0000-000000000474	6339	trains	2006-01-27 05:26:16
00000000-0000-0000-0000-000000000474_006341	00000000-0000-0000-0000-000000000474	6341	art	2006-01-27 05:28:24
00000000-0000-0000-0000-000000000474_006350	00000000-0000-0000-0000-000000000474	6350	anime	2006-01-24 03:05:43
00000000-0000-0000-0000-000000000474_006367	00000000-0000-0000-0000-000000000474	6367	retro	2006-01-24 03:06:02
00000000-0000-0000-0000-000000000474_006368	00000000-0000-0000-0000-000000000474	6368	movies	2006-01-27 05:24:11
00000000-0000-0000-0000-000000000474_006373	00000000-0000-0000-0000-000000000474	6373	religion	2006-01-16 10:31:16
00000000-0000-0000-0000-000000000474_006375	00000000-0000-0000-0000-000000000474	6375	In Netflix queue	2006-01-14 10:01:26
00000000-0000-0000-0000-000000000474_006375	00000000-0000-0000-0000-000000000474	6375	They Might Be Giants	2006-01-14 10:01:26
00000000-0000-0000-0000-000000000474_006377	00000000-0000-0000-0000-000000000474	6377	Disney	2006-01-24 03:06:33
00000000-0000-0000-0000-000000000474_006377	00000000-0000-0000-0000-000000000474	6377	fish	2006-01-24 03:06:33
00000000-0000-0000-0000-000000000474_006378	00000000-0000-0000-0000-000000000474	6378	heist	2006-01-27 05:25:28
00000000-0000-0000-0000-000000000474_006380	00000000-0000-0000-0000-000000000474	6380	child abuse	2006-01-14 11:28:58
00000000-0000-0000-0000-000000000474_006385	00000000-0000-0000-0000-000000000474	6385	Girl Power	2006-01-14 10:40:10
00000000-0000-0000-0000-000000000474_006390	00000000-0000-0000-0000-000000000474	6390	Ninotchka remake	2006-01-27 05:28:40
00000000-0000-0000-0000-000000000474_006400	00000000-0000-0000-0000-000000000474	6400	crime	2006-01-27 05:26:37
00000000-0000-0000-0000-000000000474_006407	00000000-0000-0000-0000-000000000474	6407	Olympics	2006-01-16 10:28:02
00000000-0000-0000-0000-000000000474_006407	00000000-0000-0000-0000-000000000474	6407	Tokyo	2006-01-16 10:28:02
00000000-0000-0000-0000-000000000474_006422	00000000-0000-0000-0000-000000000474	6422	Civil War	2006-01-24 03:09:59
00000000-0000-0000-0000-000000000474_006440	00000000-0000-0000-0000-000000000474	6440	movie business	2006-01-27 05:23:57
00000000-0000-0000-0000-000000000474_006452	00000000-0000-0000-0000-000000000474	6452	In Netflix queue	2006-01-14 10:22:17
00000000-0000-0000-0000-000000000474_006454	00000000-0000-0000-0000-000000000474	6454	Nazis	2006-01-27 05:26:44
00000000-0000-0000-0000-000000000474_006466	00000000-0000-0000-0000-000000000474	6466	In Netflix queue	2006-01-14 10:27:07
00000000-0000-0000-0000-000000000474_006502	00000000-0000-0000-0000-000000000474	6502	zombies	2006-01-14 04:44:22
00000000-0000-0000-0000-000000000474_006515	00000000-0000-0000-0000-000000000474	6515	fugitive	2006-01-14 11:35:35
00000000-0000-0000-0000-000000000474_006516	00000000-0000-0000-0000-000000000474	6516	In Netflix queue	2006-01-14 10:28:47
00000000-0000-0000-0000-000000000474_006535	00000000-0000-0000-0000-000000000474	6535	politics	2006-01-16 10:27:19
00000000-0000-0000-0000-000000000474_006536	00000000-0000-0000-0000-000000000474	6536	swashbuckler	2006-01-27 05:28:46
00000000-0000-0000-0000-000000000474_006539	00000000-0000-0000-0000-000000000474	6539	swashbuckler	2006-01-27 05:27:37
00000000-0000-0000-0000-000000000474_006545	00000000-0000-0000-0000-000000000474	6545	Dodie Smith	2006-01-14 04:45:24
00000000-0000-0000-0000-000000000474_006547	00000000-0000-0000-0000-000000000474	6547	flood	2006-01-16 10:34:01
00000000-0000-0000-0000-000000000474_006552	00000000-0000-0000-0000-000000000474	6552	immigration	2006-01-24 03:05:59
00000000-0000-0000-0000-000000000474_006565	00000000-0000-0000-0000-000000000474	6565	horses	2006-01-27 05:28:08
00000000-0000-0000-0000-000000000474_006579	00000000-0000-0000-0000-000000000474	6579	Japan	2006-01-27 05:27:16
00000000-0000-0000-0000-000000000474_006591	00000000-0000-0000-0000-000000000474	6591	religion	2006-01-24 03:08:39
00000000-0000-0000-0000-000000000474_006592	00000000-0000-0000-0000-000000000474	6592	marriage	2006-01-24 03:09:55
00000000-0000-0000-0000-000000000474_006603	00000000-0000-0000-0000-000000000474	6603	Othello	2006-01-16 10:31:43
00000000-0000-0000-0000-000000000474_006609	00000000-0000-0000-0000-000000000474	6609	Bible	2006-01-27 05:24:49
00000000-0000-0000-0000-000000000474_006620	00000000-0000-0000-0000-000000000474	6620	cancer	2006-01-14 11:28:35
00000000-0000-0000-0000-000000000474_006636	00000000-0000-0000-0000-000000000474	6636	road trip	2006-01-27 05:29:16
00000000-0000-0000-0000-000000000474_006639	00000000-0000-0000-0000-000000000474	6639	blindness	2006-01-27 05:29:41
00000000-0000-0000-0000-000000000474_006650	00000000-0000-0000-0000-000000000474	6650	family	2006-01-24 03:08:28
00000000-0000-0000-0000-000000000474_006650	00000000-0000-0000-0000-000000000474	6650	multiple roles	2006-01-24 03:08:28
00000000-0000-0000-0000-000000000474_006650	00000000-0000-0000-0000-000000000474	6650	murder	2006-01-24 03:08:28
00000000-0000-0000-0000-000000000474_006660	00000000-0000-0000-0000-000000000474	6660	ballet	2006-01-27 05:27:45
00000000-0000-0000-0000-000000000474_006662	00000000-0000-0000-0000-000000000474	6662	Clousseau	2006-01-16 10:34:26
00000000-0000-0000-0000-000000000474_006667	00000000-0000-0000-0000-000000000474	6667	FBI	2006-01-27 05:29:38
00000000-0000-0000-0000-000000000474_006668	00000000-0000-0000-0000-000000000474	6668	In Netflix queue	2006-01-14 04:14:49
00000000-0000-0000-0000-000000000474_006669	00000000-0000-0000-0000-000000000474	6669	terminal illness	2006-01-24 03:07:19
00000000-0000-0000-0000-000000000474_006708	00000000-0000-0000-0000-000000000474	6708	con men	2006-01-27 05:26:23
00000000-0000-0000-0000-000000000474_006708	00000000-0000-0000-0000-000000000474	6708	fatherhood	2006-01-27 05:26:23
00000000-0000-0000-0000-000000000474_006710	00000000-0000-0000-0000-000000000474	6710	vertriloquism	2006-01-27 05:24:29
00000000-0000-0000-0000-000000000474_006711	00000000-0000-0000-0000-000000000474	6711	Japan	2006-01-27 05:25:43
00000000-0000-0000-0000-000000000474_006713	00000000-0000-0000-0000-000000000474	6713	In Netflix queue	2006-01-14 10:25:14
00000000-0000-0000-0000-000000000474_006724	00000000-0000-0000-0000-000000000474	6724	In Netflix queue	2006-01-14 10:21:24
00000000-0000-0000-0000-000000000474_006732	00000000-0000-0000-0000-000000000474	6732	matchmaker	2006-01-16 10:32:10
00000000-0000-0000-0000-000000000474_006744	00000000-0000-0000-0000-000000000474	6744	vampire	2006-01-16 10:33:56
00000000-0000-0000-0000-000000000474_006753	00000000-0000-0000-0000-000000000474	6753	Animal movie	2006-01-27 05:28:15
00000000-0000-0000-0000-000000000474_006768	00000000-0000-0000-0000-000000000474	6768	religion	2006-01-24 03:08:34
00000000-0000-0000-0000-000000000474_006770	00000000-0000-0000-0000-000000000474	6770	adultery	2006-01-27 05:26:52
00000000-0000-0000-0000-000000000474_006770	00000000-0000-0000-0000-000000000474	6770	terminal illness	2006-01-27 05:26:52
00000000-0000-0000-0000-000000000474_006773	00000000-0000-0000-0000-000000000474	6773	biking	2006-01-27 05:29:29
00000000-0000-0000-0000-000000000474_006776	00000000-0000-0000-0000-000000000474	6776	India	2006-01-14 04:45:44
00000000-0000-0000-0000-000000000474_006785	00000000-0000-0000-0000-000000000474	6785	Lonesome Polecat	2006-01-14 11:34:19
00000000-0000-0000-0000-000000000474_006786	00000000-0000-0000-0000-000000000474	6786	In Netflix queue	2006-01-14 10:24:05
00000000-0000-0000-0000-000000000474_006787	00000000-0000-0000-0000-000000000474	6787	journalism	2006-01-24 03:05:29
00000000-0000-0000-0000-000000000474_006787	00000000-0000-0000-0000-000000000474	6787	Watergate	2006-01-24 03:05:29
00000000-0000-0000-0000-000000000474_006788	00000000-0000-0000-0000-000000000474	6788	pregnancy	2006-01-16 10:26:58
00000000-0000-0000-0000-000000000474_006791	00000000-0000-0000-0000-000000000474	6791	Food	2006-01-14 07:28:32
00000000-0000-0000-0000-000000000474_006807	00000000-0000-0000-0000-000000000474	6807	british comedy	2006-01-27 05:26:33
00000000-0000-0000-0000-000000000474_006810	00000000-0000-0000-0000-000000000474	6810	domestic violence	2006-01-27 05:28:55
00000000-0000-0000-0000-000000000474_006820	00000000-0000-0000-0000-000000000474	6820	werewolf	2006-01-24 03:06:48
00000000-0000-0000-0000-000000000474_006832	00000000-0000-0000-0000-000000000474	6832	amnesia	2006-01-27 05:27:54
00000000-0000-0000-0000-000000000474_006849	00000000-0000-0000-0000-000000000474	6849	Christmas	2006-01-16 10:27:51
00000000-0000-0000-0000-000000000474_006852	00000000-0000-0000-0000-000000000474	6852	black and white	2006-01-27 05:25:25
00000000-0000-0000-0000-000000000474_006852	00000000-0000-0000-0000-000000000474	6852	Capote	2006-01-27 05:25:25
00000000-0000-0000-0000-000000000474_006852	00000000-0000-0000-0000-000000000474	6852	crime	2006-01-27 05:25:25
00000000-0000-0000-0000-000000000474_006852	00000000-0000-0000-0000-000000000474	6852	death penalty	2006-01-27 05:25:25
00000000-0000-0000-0000-000000000474_006852	00000000-0000-0000-0000-000000000474	6852	murder	2006-01-27 05:25:25
00000000-0000-0000-0000-000000000474_006856	00000000-0000-0000-0000-000000000474	6856	biopic	2006-01-24 03:11:57
00000000-0000-0000-0000-000000000474_006863	00000000-0000-0000-0000-000000000474	6863	school	2006-01-27 05:28:04
00000000-0000-0000-0000-000000000474_006867	00000000-0000-0000-0000-000000000474	6867	trains	2006-01-24 03:10:11
00000000-0000-0000-0000-000000000474_006870	00000000-0000-0000-0000-000000000474	6870	child abuse	2006-01-27 05:27:04
00000000-0000-0000-0000-000000000474_006870	00000000-0000-0000-0000-000000000474	6870	kidnapping	2006-01-27 05:27:04
00000000-0000-0000-0000-000000000474_006874	00000000-0000-0000-0000-000000000474	6874	martial arts	2006-01-24 03:07:52
00000000-0000-0000-0000-000000000474_006874	00000000-0000-0000-0000-000000000474	6874	revenge	2006-01-24 03:07:52
00000000-0000-0000-0000-000000000474_006881	00000000-0000-0000-0000-000000000474	6881	Thanksgiving	2006-01-14 04:46:07
00000000-0000-0000-0000-000000000474_006890	00000000-0000-0000-0000-000000000474	6890	adolescence	2006-01-24 03:06:14
00000000-0000-0000-0000-000000000474_006890	00000000-0000-0000-0000-000000000474	6890	violence in america	2006-01-24 03:06:14
00000000-0000-0000-0000-000000000474_006909	00000000-0000-0000-0000-000000000474	6909	transplants	2006-01-24 03:06:27
00000000-0000-0000-0000-000000000474_006912	00000000-0000-0000-0000-000000000474	6912	Rita Hayworth can dance!	2006-01-14 04:09:31
00000000-0000-0000-0000-000000000474_006918	00000000-0000-0000-0000-000000000474	6918	India	2006-01-24 03:11:10
00000000-0000-0000-0000-000000000474_006932	00000000-0000-0000-0000-000000000474	6932	journalism	2006-01-14 04:46:22
00000000-0000-0000-0000-000000000474_006936	00000000-0000-0000-0000-000000000474	6936	christmas	2006-01-24 03:06:21
00000000-0000-0000-0000-000000000474_006944	00000000-0000-0000-0000-000000000474	6944	remake	2006-01-16 10:27:04
00000000-0000-0000-0000-000000000474_006944	00000000-0000-0000-0000-000000000474	6944	wedding	2006-01-16 10:27:04
00000000-0000-0000-0000-000000000474_006948	00000000-0000-0000-0000-000000000474	6948	music business	2006-01-24 03:11:07
00000000-0000-0000-0000-000000000474_006948	00000000-0000-0000-0000-000000000474	6948	rap	2006-01-24 03:11:07
00000000-0000-0000-0000-000000000474_006963	00000000-0000-0000-0000-000000000474	6963	Amish	2006-01-14 04:44:38
00000000-0000-0000-0000-000000000474_006970	00000000-0000-0000-0000-000000000474	6970	Hepburn and Tracy	2006-01-18 03:12:56
00000000-0000-0000-0000-000000000474_006979	00000000-0000-0000-0000-000000000474	6979	Cold War	2006-01-24 03:11:14
00000000-0000-0000-0000-000000000474_006981	00000000-0000-0000-0000-000000000474	6981	religion	2006-01-24 03:11:49
00000000-0000-0000-0000-000000000474_006984	00000000-0000-0000-0000-000000000474	6984	Dickens	2006-01-24 03:10:22
00000000-0000-0000-0000-000000000474_006985	00000000-0000-0000-0000-000000000474	6985	saint	2006-01-14 11:33:44
00000000-0000-0000-0000-000000000474_006993	00000000-0000-0000-0000-000000000474	6993	family	2006-01-24 03:06:58
00000000-0000-0000-0000-000000000474_007013	00000000-0000-0000-0000-000000000474	7013	good and evil	2006-01-14 11:33:40
00000000-0000-0000-0000-000000000474_007018	00000000-0000-0000-0000-000000000474	7018	court	2006-01-16 10:34:36
00000000-0000-0000-0000-000000000474_007018	00000000-0000-0000-0000-000000000474	7018	Scott Turow	2006-01-16 10:34:36
00000000-0000-0000-0000-000000000474_007023	00000000-0000-0000-0000-000000000474	7023	In Netflix queue	2006-01-14 04:14:57
00000000-0000-0000-0000-000000000474_007025	00000000-0000-0000-0000-000000000474	7025	In Netflix queue	2006-01-14 04:13:13
00000000-0000-0000-0000-000000000474_007049	00000000-0000-0000-0000-000000000474	7049	Astaire and Rogers	2006-01-21 04:16:20
00000000-0000-0000-0000-000000000474_007050	00000000-0000-0000-0000-000000000474	7050	Astaire and Rogers	2006-01-21 04:16:32
00000000-0000-0000-0000-000000000474_007053	00000000-0000-0000-0000-000000000474	7053	Astaire and Rogers	2006-01-24 03:09:51
00000000-0000-0000-0000-000000000474_007055	00000000-0000-0000-0000-000000000474	7055	Astaire and Rogers	2006-01-24 03:10:19
00000000-0000-0000-0000-000000000474_007059	00000000-0000-0000-0000-000000000474	7059	horses	2006-01-24 03:08:48
00000000-0000-0000-0000-000000000474_007061	00000000-0000-0000-0000-000000000474	7061	terminal illness	2006-01-24 03:05:54
00000000-0000-0000-0000-000000000474_007062	00000000-0000-0000-0000-000000000474	7062	birds	2006-01-24 03:05:35
00000000-0000-0000-0000-000000000474_007062	00000000-0000-0000-0000-000000000474	7062	prison	2006-01-24 03:05:35
00000000-0000-0000-0000-000000000474_007069	00000000-0000-0000-0000-000000000474	7069	In Netflix queue	2006-01-14 10:20:28
00000000-0000-0000-0000-000000000474_007069	00000000-0000-0000-0000-000000000474	7069	Shakespeare	2006-01-14 10:20:28
00000000-0000-0000-0000-000000000474_007070	00000000-0000-0000-0000-000000000474	7070	cattle drive	2006-01-24 03:09:40
00000000-0000-0000-0000-000000000474_007071	00000000-0000-0000-0000-000000000474	7071	In Netflix queue	2006-01-14 10:12:34
00000000-0000-0000-0000-000000000474_007073	00000000-0000-0000-0000-000000000474	7073	Clousseau	2006-01-16 10:37:31
00000000-0000-0000-0000-000000000474_007079	00000000-0000-0000-0000-000000000474	7079	disability	2006-01-16 10:36:46
00000000-0000-0000-0000-000000000474_007086	00000000-0000-0000-0000-000000000474	7086	George Bernard Shaw	2006-01-14 10:21:43
00000000-0000-0000-0000-000000000474_007087	00000000-0000-0000-0000-000000000474	7087	E.M. Forster	2006-01-24 03:09:11
00000000-0000-0000-0000-000000000474_007088	00000000-0000-0000-0000-000000000474	7088	In Netflix queue	2006-01-14 10:27:11
00000000-0000-0000-0000-000000000474_007090	00000000-0000-0000-0000-000000000474	7090	martial arts	2006-01-24 03:07:02
00000000-0000-0000-0000-000000000474_007091	00000000-0000-0000-0000-000000000474	7091	Marx brothers	2006-01-30 03:31:40
00000000-0000-0000-0000-000000000474_007121	00000000-0000-0000-0000-000000000474	7121	Hepburn and Tracy	2006-01-14 04:40:04
00000000-0000-0000-0000-000000000474_007132	00000000-0000-0000-0000-000000000474	7132	Marx brothers	2006-01-24 03:08:55
00000000-0000-0000-0000-000000000474_007132	00000000-0000-0000-0000-000000000474	7132	opera	2006-01-24 03:08:55
00000000-0000-0000-0000-000000000474_007139	00000000-0000-0000-0000-000000000474	7139	immigrants	2006-01-24 03:07:33
00000000-0000-0000-0000-000000000474_007141	00000000-0000-0000-0000-000000000474	7141	In Netflix queue	2006-01-14 10:19:29
00000000-0000-0000-0000-000000000474_007153	00000000-0000-0000-0000-000000000474	7153	Tolkein	2006-01-14 04:40:17
00000000-0000-0000-0000-000000000474_007156	00000000-0000-0000-0000-000000000474	7156	Vietnam	2006-01-24 03:06:41
00000000-0000-0000-0000-000000000474_007158	00000000-0000-0000-0000-000000000474	7158	real estate	2006-01-14 11:32:13
00000000-0000-0000-0000-000000000474_007160	00000000-0000-0000-0000-000000000474	7160	serial killer	2006-01-24 03:08:45
00000000-0000-0000-0000-000000000474_007162	00000000-0000-0000-0000-000000000474	7162	Civil War	2006-01-24 03:05:48
00000000-0000-0000-0000-000000000474_007190	00000000-0000-0000-0000-000000000474	7190	Charlotte Bronte	2006-02-16 08:51:42
00000000-0000-0000-0000-000000000474_007212	00000000-0000-0000-0000-000000000474	7212	cross dressing	2006-01-24 03:07:44
00000000-0000-0000-0000-000000000474_007212	00000000-0000-0000-0000-000000000474	7212	men in drag	2006-01-24 03:07:44
00000000-0000-0000-0000-000000000474_007217	00000000-0000-0000-0000-000000000474	7217	amnesia	2006-01-18 03:13:41
00000000-0000-0000-0000-000000000474_007218	00000000-0000-0000-0000-000000000474	7218	In Netflix queue	2006-01-14 04:18:25
00000000-0000-0000-0000-000000000474_007219	00000000-0000-0000-0000-000000000474	7219	truckers	2006-01-24 03:10:26
00000000-0000-0000-0000-000000000474_007234	00000000-0000-0000-0000-000000000474	7234	circus	2006-01-14 11:35:03
00000000-0000-0000-0000-000000000474_007256	00000000-0000-0000-0000-000000000474	7256	mountain climbing	2006-01-24 03:10:57
00000000-0000-0000-0000-000000000474_007285	00000000-0000-0000-0000-000000000474	7285	adolescence	2006-01-24 03:10:37
00000000-0000-0000-0000-000000000474_007301	00000000-0000-0000-0000-000000000474	7301	priest	2006-01-18 03:10:29
00000000-0000-0000-0000-000000000474_007301	00000000-0000-0000-0000-000000000474	7301	religion	2006-01-18 03:10:29
00000000-0000-0000-0000-000000000474_007318	00000000-0000-0000-0000-000000000474	7318	religion	2006-01-24 03:09:17
00000000-0000-0000-0000-000000000474_007323	00000000-0000-0000-0000-000000000474	7323	Cold War	2006-01-24 03:06:54
00000000-0000-0000-0000-000000000474_007361	00000000-0000-0000-0000-000000000474	7361	memory	2006-01-14 11:30:08
00000000-0000-0000-0000-000000000474_007371	00000000-0000-0000-0000-000000000474	7371	Grace	2006-01-14 11:30:00
00000000-0000-0000-0000-000000000474_007382	00000000-0000-0000-0000-000000000474	7382	adolescence	2006-01-24 03:07:09
00000000-0000-0000-0000-000000000474_007382	00000000-0000-0000-0000-000000000474	7382	crime	2006-01-24 03:07:09
00000000-0000-0000-0000-000000000474_007438	00000000-0000-0000-0000-000000000474	7438	revenge	2006-01-14 11:32:28
00000000-0000-0000-0000-000000000474_007440	00000000-0000-0000-0000-000000000474	7440	Holocaust	2006-03-14 04:46:15
00000000-0000-0000-0000-000000000474_007451	00000000-0000-0000-0000-000000000474	7451	High School	2006-01-14 11:32:42
00000000-0000-0000-0000-000000000474_007479	00000000-0000-0000-0000-000000000474	7479	World War II	2006-01-24 03:11:33
00000000-0000-0000-0000-000000000474_007493	00000000-0000-0000-0000-000000000474	7493	multiple personalities	2006-01-24 03:10:50
00000000-0000-0000-0000-000000000474_007572	00000000-0000-0000-0000-000000000474	7572	cancer	2006-01-14 04:46:35
00000000-0000-0000-0000-000000000474_007584	00000000-0000-0000-0000-000000000474	7584	Hepburn and Tracy	2006-01-24 03:11:46
00000000-0000-0000-0000-000000000474_007584	00000000-0000-0000-0000-000000000474	7584	marriage	2006-01-24 03:11:46
00000000-0000-0000-0000-000000000474_007614	00000000-0000-0000-0000-000000000474	7614	Rogers and Hammerstein	2006-01-24 03:16:39
00000000-0000-0000-0000-000000000474_007618	00000000-0000-0000-0000-000000000474	7618	biopic	2006-01-14 10:20:47
00000000-0000-0000-0000-000000000474_007618	00000000-0000-0000-0000-000000000474	7618	In Netflix queue	2006-01-14 10:20:48
00000000-0000-0000-0000-000000000474_007619	00000000-0000-0000-0000-000000000474	7619	blindness	2006-01-24 03:16:07
00000000-0000-0000-0000-000000000474_007619	00000000-0000-0000-0000-000000000474	7619	deaf	2006-01-24 03:16:11
00000000-0000-0000-0000-000000000474_007646	00000000-0000-0000-0000-000000000474	7646	Stephen King	2006-01-16 10:27:40
00000000-0000-0000-0000-000000000474_007649	00000000-0000-0000-0000-000000000474	7649	space station	2006-01-24 03:12:38
00000000-0000-0000-0000-000000000474_007700	00000000-0000-0000-0000-000000000474	7700	In Netflix queue	2006-01-14 10:11:56
00000000-0000-0000-0000-000000000474_007705	00000000-0000-0000-0000-000000000474	7705	Hepburn and Tracy	2006-01-18 03:14:01
00000000-0000-0000-0000-000000000474_007705	00000000-0000-0000-0000-000000000474	7705	sports	2006-01-18 03:14:01
00000000-0000-0000-0000-000000000474_007713	00000000-0000-0000-0000-000000000474	7713	sexuality	2006-01-24 03:13:31
00000000-0000-0000-0000-000000000474_007714	00000000-0000-0000-0000-000000000474	7714	King Arthur	2006-01-24 03:13:18
00000000-0000-0000-0000-000000000474_007728	00000000-0000-0000-0000-000000000474	7728	adultery	2006-01-24 03:16:45
00000000-0000-0000-0000-000000000474_007748	00000000-0000-0000-0000-000000000474	7748	In Netflix queue	2006-01-14 10:26:42
00000000-0000-0000-0000-000000000474_007766	00000000-0000-0000-0000-000000000474	7766	MacBeth	2006-01-24 03:17:48
00000000-0000-0000-0000-000000000474_007789	00000000-0000-0000-0000-000000000474	7789	terrorism	2006-01-24 03:12:12
00000000-0000-0000-0000-000000000474_007792	00000000-0000-0000-0000-000000000474	7792	In Netflix queue	2006-01-14 10:08:59
00000000-0000-0000-0000-000000000474_007831	00000000-0000-0000-0000-000000000474	7831	Nick and Nora Charles	2006-01-14 10:20:38
00000000-0000-0000-0000-000000000474_007832	00000000-0000-0000-0000-000000000474	7832	Nick and Nora Charles	2006-01-14 10:21:57
00000000-0000-0000-0000-000000000474_007833	00000000-0000-0000-0000-000000000474	7833	Nick and Nora Charles	2006-01-14 10:21:01
00000000-0000-0000-0000-000000000474_007834	00000000-0000-0000-0000-000000000474	7834	Nick and Nora Charles	2006-01-14 10:04:26
00000000-0000-0000-0000-000000000474_007835	00000000-0000-0000-0000-000000000474	7835	Nick and Nora Charles	2006-01-14 10:22:27
00000000-0000-0000-0000-000000000474_007924	00000000-0000-0000-0000-000000000474	7924	In Netflix queue	2006-01-14 10:21:17
00000000-0000-0000-0000-000000000474_007926	00000000-0000-0000-0000-000000000474	7926	In Netflix queue	2006-01-14 04:15:53
00000000-0000-0000-0000-000000000474_007932	00000000-0000-0000-0000-000000000474	7932	Amtrak	2006-01-15 05:39:52
00000000-0000-0000-0000-000000000474_007932	00000000-0000-0000-0000-000000000474	7932	Homeless	2006-01-15 05:39:52
00000000-0000-0000-0000-000000000474_007932	00000000-0000-0000-0000-000000000474	7932	independent	2006-01-15 05:39:52
00000000-0000-0000-0000-000000000474_007932	00000000-0000-0000-0000-000000000474	7932	New York	2006-01-15 05:39:52
00000000-0000-0000-0000-000000000474_007932	00000000-0000-0000-0000-000000000474	7932	Sundance award winner	2006-01-15 05:39:51
00000000-0000-0000-0000-000000000474_007932	00000000-0000-0000-0000-000000000474	7932	Train	2006-01-15 05:39:52
00000000-0000-0000-0000-000000000474_007934	00000000-0000-0000-0000-000000000474	7934	psychology	2006-01-24 03:17:55
00000000-0000-0000-0000-000000000474_007981	00000000-0000-0000-0000-000000000474	7981	police	2006-01-24 03:15:18
00000000-0000-0000-0000-000000000474_007983	00000000-0000-0000-0000-000000000474	7983	show business	2006-01-24 03:13:09
00000000-0000-0000-0000-000000000474_008011	00000000-0000-0000-0000-000000000474	8011	politics	2006-04-03 02:22:21
00000000-0000-0000-0000-000000000474_008014	00000000-0000-0000-0000-000000000474	8014	In Netflix queue	2006-01-14 10:02:24
00000000-0000-0000-0000-000000000474_008019	00000000-0000-0000-0000-000000000474	8019	remade	2006-01-24 03:14:22
00000000-0000-0000-0000-000000000474_008033	00000000-0000-0000-0000-000000000474	8033	In Netflix queue	2006-01-14 10:01:32
00000000-0000-0000-0000-000000000474_008094	00000000-0000-0000-0000-000000000474	8094	In Netflix queue	2006-01-14 04:13:51
00000000-0000-0000-0000-000000000474_008153	00000000-0000-0000-0000-000000000474	8153	Van Gogh	2006-01-16 10:36:59
00000000-0000-0000-0000-000000000474_008167	00000000-0000-0000-0000-000000000474	8167	swashbuckler	2006-01-24 03:13:24
00000000-0000-0000-0000-000000000474_008183	00000000-0000-0000-0000-000000000474	8183	In Netflix queue	2006-01-14 10:10:01
00000000-0000-0000-0000-000000000474_008188	00000000-0000-0000-0000-000000000474	8188	Not available from Netflix	2006-01-14 04:19:16
00000000-0000-0000-0000-000000000474_008190	00000000-0000-0000-0000-000000000474	8190	In Netflix queue	2006-01-14 10:24:24
00000000-0000-0000-0000-000000000474_008191	00000000-0000-0000-0000-000000000474	8191	Anne Boleyn	2006-01-24 03:12:29
00000000-0000-0000-0000-000000000474_008197	00000000-0000-0000-0000-000000000474	8197	In Netflix queue	2006-01-14 10:29:04
00000000-0000-0000-0000-000000000474_008207	00000000-0000-0000-0000-000000000474	8207	assassination	2006-01-24 03:14:27
00000000-0000-0000-0000-000000000474_008228	00000000-0000-0000-0000-000000000474	8228	heist	2006-01-24 03:15:47
00000000-0000-0000-0000-000000000474_008235	00000000-0000-0000-0000-000000000474	8235	Clock	2006-01-14 10:39:53
00000000-0000-0000-0000-000000000474_008266	00000000-0000-0000-0000-000000000474	8266	Prince	2006-01-16 10:37:13
00000000-0000-0000-0000-000000000474_008275	00000000-0000-0000-0000-000000000474	8275	In Netflix queue	2006-01-14 10:23:09
00000000-0000-0000-0000-000000000474_008337	00000000-0000-0000-0000-000000000474	8337	military	2006-01-24 03:13:13
00000000-0000-0000-0000-000000000474_008338	00000000-0000-0000-0000-000000000474	8338	convent	2006-01-24 03:12:53
00000000-0000-0000-0000-000000000474_008338	00000000-0000-0000-0000-000000000474	8338	religion	2006-01-24 03:12:53
00000000-0000-0000-0000-000000000474_008341	00000000-0000-0000-0000-000000000474	8341	Dickens	2006-01-14 10:04:11
00000000-0000-0000-0000-000000000474_008360	00000000-0000-0000-0000-000000000474	8360	ogres	2006-01-24 03:17:16
00000000-0000-0000-0000-000000000474_008366	00000000-0000-0000-0000-000000000474	8366	pregnancy	2006-01-24 03:17:00
00000000-0000-0000-0000-000000000474_008366	00000000-0000-0000-0000-000000000474	8366	religion	2006-01-24 03:17:00
00000000-0000-0000-0000-000000000474_008368	00000000-0000-0000-0000-000000000474	8368	Magic	2006-01-14 10:39:44
00000000-0000-0000-0000-000000000474_008368	00000000-0000-0000-0000-000000000474	8368	Wizards	2006-01-14 10:39:44
00000000-0000-0000-0000-000000000474_008375	00000000-0000-0000-0000-000000000474	8375	politics	2006-01-16 10:36:52
00000000-0000-0000-0000-000000000474_008376	00000000-0000-0000-0000-000000000474	8376	high school	2006-01-24 03:16:16
00000000-0000-0000-0000-000000000474_008379	00000000-0000-0000-0000-000000000474	8379	In Netflix queue	2006-01-14 10:08:19
00000000-0000-0000-0000-000000000474_008382	00000000-0000-0000-0000-000000000474	8382	death	2006-01-16 10:36:32
00000000-0000-0000-0000-000000000474_008424	00000000-0000-0000-0000-000000000474	8424	divorce	2006-01-24 03:14:37
00000000-0000-0000-0000-000000000474_008446	00000000-0000-0000-0000-000000000474	8446	World War II	2006-01-16 10:37:22
00000000-0000-0000-0000-000000000474_008463	00000000-0000-0000-0000-000000000474	8463	deafness	2006-01-24 03:15:33
00000000-0000-0000-0000-000000000474_008464	00000000-0000-0000-0000-000000000474	8464	food	2006-01-24 03:17:34
00000000-0000-0000-0000-000000000474_008464	00000000-0000-0000-0000-000000000474	8464	McDonalds	2006-01-24 03:17:34
00000000-0000-0000-0000-000000000474_008507	00000000-0000-0000-0000-000000000474	8507	circus	2006-01-24 03:14:50
00000000-0000-0000-0000-000000000474_008530	00000000-0000-0000-0000-000000000474	8530	Ireland	2006-01-24 03:14:31
00000000-0000-0000-0000-000000000474_008580	00000000-0000-0000-0000-000000000474	8580	fairy tales	2006-01-14 10:10:21
00000000-0000-0000-0000-000000000474_008580	00000000-0000-0000-0000-000000000474	8580	In Netflix queue	2006-01-14 10:10:21
00000000-0000-0000-0000-000000000474_008607	00000000-0000-0000-0000-000000000474	8607	In Netflix queue	2006-01-14 10:11:17
00000000-0000-0000-0000-000000000474_008609	00000000-0000-0000-0000-000000000474	8609	In Netflix queue	2006-01-14 04:15:27
00000000-0000-0000-0000-000000000474_008622	00000000-0000-0000-0000-000000000474	8622	politics	2006-01-24 03:14:43
00000000-0000-0000-0000-000000000474_008622	00000000-0000-0000-0000-000000000474	8622	terrorism	2006-01-24 03:14:43
00000000-0000-0000-0000-000000000474_008636	00000000-0000-0000-0000-000000000474	8636	Doc Ock	2006-01-14 10:39:58
00000000-0000-0000-0000-000000000474_008638	00000000-0000-0000-0000-000000000474	8638	generation X	2006-01-24 03:12:47
00000000-0000-0000-0000-000000000474_008645	00000000-0000-0000-0000-000000000474	8645	drugs	2006-01-24 03:15:55
00000000-0000-0000-0000-000000000474_008645	00000000-0000-0000-0000-000000000474	8645	immigrants	2006-01-24 03:15:55
00000000-0000-0000-0000-000000000474_008695	00000000-0000-0000-0000-000000000474	8695	court	2006-01-16 10:36:09
00000000-0000-0000-0000-000000000474_008714	00000000-0000-0000-0000-000000000474	8714	Cole Porter	2006-01-16 10:37:05
00000000-0000-0000-0000-000000000474_008754	00000000-0000-0000-0000-000000000474	8754	Oscar (Best Actress)	2006-03-14 05:42:01
00000000-0000-0000-0000-000000000474_008765	00000000-0000-0000-0000-000000000474	8765	In Netflix queue	2006-01-14 04:15:07
00000000-0000-0000-0000-000000000474_008784	00000000-0000-0000-0000-000000000474	8784	psychology	2006-01-24 03:15:05
00000000-0000-0000-0000-000000000474_008796	00000000-0000-0000-0000-000000000474	8796	Rome	2006-01-16 10:36:25
00000000-0000-0000-0000-000000000474_008809	00000000-0000-0000-0000-000000000474	8809	Australia	2006-01-24 03:14:12
00000000-0000-0000-0000-000000000474_008827	00000000-0000-0000-0000-000000000474	8827	Stand Up	2006-01-24 03:12:49
00000000-0000-0000-0000-000000000474_008838	00000000-0000-0000-0000-000000000474	8838	In Netflix queue	2006-01-14 04:15:58
00000000-0000-0000-0000-000000000474_008874	00000000-0000-0000-0000-000000000474	8874	zombies	2006-01-24 03:17:05
00000000-0000-0000-0000-000000000474_008875	00000000-0000-0000-0000-000000000474	8875	alcoholism	2006-01-24 03:14:02
00000000-0000-0000-0000-000000000474_008875	00000000-0000-0000-0000-000000000474	8875	marriage	2006-01-24 03:14:02
00000000-0000-0000-0000-000000000474_008879	00000000-0000-0000-0000-000000000474	8879	Agatha Christie	2006-04-23 10:18:55
00000000-0000-0000-0000-000000000474_008879	00000000-0000-0000-0000-000000000474	8879	Oscar (Best Supporting Actress)	2006-04-23 10:18:58
00000000-0000-0000-0000-000000000474_008879	00000000-0000-0000-0000-000000000474	8879	train	2006-04-23 10:19:00
00000000-0000-0000-0000-000000000474_008880	00000000-0000-0000-0000-000000000474	8880	disability	2006-01-24 03:16:02
00000000-0000-0000-0000-000000000474_008914	00000000-0000-0000-0000-000000000474	8914	time travel	2006-01-24 03:16:51
00000000-0000-0000-0000-000000000474_008920	00000000-0000-0000-0000-000000000474	8920	Oscar (Best Actress)	2006-03-14 05:42:02
00000000-0000-0000-0000-000000000474_008938	00000000-0000-0000-0000-000000000474	8938	parenthood	2006-01-24 03:17:42
00000000-0000-0000-0000-000000000474_008938	00000000-0000-0000-0000-000000000474	8938	psychology	2006-01-24 03:17:42
00000000-0000-0000-0000-000000000474_008943	00000000-0000-0000-0000-000000000474	8943	stage	2006-01-16 10:36:13
00000000-0000-0000-0000-000000000474_008949	00000000-0000-0000-0000-000000000474	8949	wine	2006-01-24 03:17:22
00000000-0000-0000-0000-000000000474_008950	00000000-0000-0000-0000-000000000474	8950	psychology	2006-01-24 03:15:38
00000000-0000-0000-0000-000000000474_008951	00000000-0000-0000-0000-000000000474	8951	abortion	2006-01-24 03:17:52
00000000-0000-0000-0000-000000000474_008958	00000000-0000-0000-0000-000000000474	8958	biopic	2006-01-24 03:16:54
00000000-0000-0000-0000-000000000474_008961	00000000-0000-0000-0000-000000000474	8961	Disney	2006-01-24 03:15:15
00000000-0000-0000-0000-000000000474_008961	00000000-0000-0000-0000-000000000474	8961	superhero	2006-01-24 03:15:15
00000000-0000-0000-0000-000000000474_008970	00000000-0000-0000-0000-000000000474	8970	Peter Pan	2006-01-24 03:14:46
00000000-0000-0000-0000-000000000474_008979	00000000-0000-0000-0000-000000000474	8979	Hearst	2006-01-18 03:10:49
00000000-0000-0000-0000-000000000474_008983	00000000-0000-0000-0000-000000000474	8983	martial arts	2006-01-24 03:15:09
00000000-0000-0000-0000-000000000474_008998	00000000-0000-0000-0000-000000000474	8998	In Netflix queue	2006-01-14 04:15:38
00000000-0000-0000-0000-000000000474_009018	00000000-0000-0000-0000-000000000474	9018	journalism	2006-01-24 03:14:06
00000000-0000-0000-0000-000000000474_025753	00000000-0000-0000-0000-000000000474	25753	gold	2006-02-15 03:15:48
00000000-0000-0000-0000-000000000474_025825	00000000-0000-0000-0000-000000000474	25825	revenge	2006-01-14 11:30:43
00000000-0000-0000-0000-000000000474_025841	00000000-0000-0000-0000-000000000474	25841	show business	2006-01-24 03:17:29
00000000-0000-0000-0000-000000000474_025855	00000000-0000-0000-0000-000000000474	25855	In Netflix queue	2006-01-14 04:13:57
00000000-0000-0000-0000-000000000474_025865	00000000-0000-0000-0000-000000000474	25865	In Netflix queue	2006-01-14 10:20:52
00000000-0000-0000-0000-000000000474_025886	00000000-0000-0000-0000-000000000474	25886	made me cry	2006-01-14 11:33:58
00000000-0000-0000-0000-000000000474_025940	00000000-0000-0000-0000-000000000474	25940	mirrors	2006-01-18 03:08:10
00000000-0000-0000-0000-000000000474_025952	00000000-0000-0000-0000-000000000474	25952	In Netflix queue	2006-01-14 04:15:13
00000000-0000-0000-0000-000000000474_026085	00000000-0000-0000-0000-000000000474	26085	Not available from Netflix	2006-01-14 04:14:25
00000000-0000-0000-0000-000000000474_026131	00000000-0000-0000-0000-000000000474	26131	In Netflix queue	2006-01-14 10:09:42
00000000-0000-0000-0000-000000000474_026151	00000000-0000-0000-0000-000000000474	26151	donkey	2006-04-23 08:51:35
00000000-0000-0000-0000-000000000474_026242	00000000-0000-0000-0000-000000000474	26242	In Netflix queue	2006-01-14 04:12:50
00000000-0000-0000-0000-000000000474_026662	00000000-0000-0000-0000-000000000474	26662	anime	2006-01-24 03:15:36
00000000-0000-0000-0000-000000000474_026776	00000000-0000-0000-0000-000000000474	26776	In Netflix queue	2006-01-14 04:16:26
00000000-0000-0000-0000-000000000474_027731	00000000-0000-0000-0000-000000000474	27731	In Netflix queue	2006-01-14 10:12:02
00000000-0000-0000-0000-000000000474_027741	00000000-0000-0000-0000-000000000474	27741	In Netflix queue	2006-01-14 04:13:07
00000000-0000-0000-0000-000000000474_027790	00000000-0000-0000-0000-000000000474	27790	religion	2006-01-24 03:18:46
00000000-0000-0000-0000-000000000474_027790	00000000-0000-0000-0000-000000000474	27790	saints	2006-01-24 03:18:46
00000000-0000-0000-0000-000000000474_027820	00000000-0000-0000-0000-000000000474	27820	Animal movie	2006-01-24 03:19:18
00000000-0000-0000-0000-000000000474_027820	00000000-0000-0000-0000-000000000474	27820	camels	2006-01-24 03:19:18
00000000-0000-0000-0000-000000000474_027834	00000000-0000-0000-0000-000000000474	27834	fatherhood	2006-01-24 03:19:08
00000000-0000-0000-0000-000000000474_027838	00000000-0000-0000-0000-000000000474	27838	revenge	2006-01-14 11:32:33
00000000-0000-0000-0000-000000000474_027878	00000000-0000-0000-0000-000000000474	27878	India	2006-01-24 02:56:14
00000000-0000-0000-0000-000000000474_027882	00000000-0000-0000-0000-000000000474	27882	surfing	2006-02-15 02:50:07
00000000-0000-0000-0000-000000000474_030707	00000000-0000-0000-0000-000000000474	30707	boxing	2006-01-24 03:18:40
00000000-0000-0000-0000-000000000474_030749	00000000-0000-0000-0000-000000000474	30749	genocide	2006-01-14 11:31:57
00000000-0000-0000-0000-000000000474_030793	00000000-0000-0000-0000-000000000474	30793	roald dahl	2006-01-24 02:56:19
00000000-0000-0000-0000-000000000474_030812	00000000-0000-0000-0000-000000000474	30812	biopic	2006-01-24 02:55:49
00000000-0000-0000-0000-000000000474_030812	00000000-0000-0000-0000-000000000474	30812	Howard Hughes	2006-01-24 02:55:49
00000000-0000-0000-0000-000000000474_030812	00000000-0000-0000-0000-000000000474	30812	movie business	2006-01-24 02:55:49
00000000-0000-0000-0000-000000000474_030820	00000000-0000-0000-0000-000000000474	30820	child abuse	2006-01-14 11:35:21
00000000-0000-0000-0000-000000000474_030822	00000000-0000-0000-0000-000000000474	30822	busniess	2006-01-14 11:32:18
00000000-0000-0000-0000-000000000474_030850	00000000-0000-0000-0000-000000000474	30850	Shakespeare	2006-01-14 04:45:55
00000000-0000-0000-0000-000000000474_031030	00000000-0000-0000-0000-000000000474	31030	motherhood	2006-01-24 03:18:31
00000000-0000-0000-0000-000000000474_031437	00000000-0000-0000-0000-000000000474	31437	orphans	2006-01-24 03:19:01
00000000-0000-0000-0000-000000000474_031658	00000000-0000-0000-0000-000000000474	31658	06 Oscar Nominated Best Movie - Animation	2006-04-19 22:04:16
00000000-0000-0000-0000-000000000474_031658	00000000-0000-0000-0000-000000000474	31658	In Netflix queue	2006-01-14 10:18:51
00000000-0000-0000-0000-000000000474_031903	00000000-0000-0000-0000-000000000474	31903	marriage	2006-01-24 03:19:24
00000000-0000-0000-0000-000000000474_031923	00000000-0000-0000-0000-000000000474	31923	In Netflix queue	2006-01-14 10:07:45
00000000-0000-0000-0000-000000000474_032160	00000000-0000-0000-0000-000000000474	32160	In Netflix queue	2006-01-14 04:14:34
00000000-0000-0000-0000-000000000474_032371	00000000-0000-0000-0000-000000000474	32371	In Netflix queue	2006-01-14 10:27:24
00000000-0000-0000-0000-000000000474_032582	00000000-0000-0000-0000-000000000474	32582	birds	2006-02-01 23:30:06
00000000-0000-0000-0000-000000000474_032582	00000000-0000-0000-0000-000000000474	32582	parrots	2006-02-01 23:30:06
00000000-0000-0000-0000-000000000474_032584	00000000-0000-0000-0000-000000000474	32584	fatherhood	2006-01-24 02:55:59
00000000-0000-0000-0000-000000000474_033154	00000000-0000-0000-0000-000000000474	33154	business	2006-01-20 23:08:42
00000000-0000-0000-0000-000000000474_033154	00000000-0000-0000-0000-000000000474	33154	money	2006-01-20 23:08:42
00000000-0000-0000-0000-000000000474_033154	00000000-0000-0000-0000-000000000474	33154	scandal	2006-01-20 23:08:43
00000000-0000-0000-0000-000000000474_033166	00000000-0000-0000-0000-000000000474	33166	racism	2006-01-24 02:56:22
00000000-0000-0000-0000-000000000474_033493	00000000-0000-0000-0000-000000000474	33493	space	2006-01-14 11:34:47
00000000-0000-0000-0000-000000000474_033493	00000000-0000-0000-0000-000000000474	33493	space opera	2006-01-14 11:34:47
00000000-0000-0000-0000-000000000474_033660	00000000-0000-0000-0000-000000000474	33660	boxing	2006-01-14 10:20:02
00000000-0000-0000-0000-000000000474_034271	00000000-0000-0000-0000-000000000474	34271	hip hop	2006-03-09 05:12:31
00000000-0000-0000-0000-000000000474_034359	00000000-0000-0000-0000-000000000474	34359	pregnancy	2006-01-24 03:18:21
00000000-0000-0000-0000-000000000474_034405	00000000-0000-0000-0000-000000000474	34405	Firefly	2006-01-14 04:47:04
00000000-0000-0000-0000-000000000474_034437	00000000-0000-0000-0000-000000000474	34437	In Netflix queue	2006-01-14 04:15:20
00000000-0000-0000-0000-000000000474_034482	00000000-0000-0000-0000-000000000474	34482	In Netflix queue	2006-01-14 10:29:40
00000000-0000-0000-0000-000000000474_034528	00000000-0000-0000-0000-000000000474	34528	pregnancy	2006-02-12 06:38:12
00000000-0000-0000-0000-000000000474_034542	00000000-0000-0000-0000-000000000474	34542	Animal movie	2006-01-24 02:56:40
00000000-0000-0000-0000-000000000474_034542	00000000-0000-0000-0000-000000000474	34542	bears	2006-01-24 02:56:40
00000000-0000-0000-0000-000000000474_035015	00000000-0000-0000-0000-000000000474	35015	Animal movie	2006-01-14 04:21:21
00000000-0000-0000-0000-000000000474_035015	00000000-0000-0000-0000-000000000474	35015	In Netflix queue	2006-01-14 10:30:00
00000000-0000-0000-0000-000000000474_036517	00000000-0000-0000-0000-000000000474	36517	Africa	2006-02-06 23:09:07
00000000-0000-0000-0000-000000000474_036517	00000000-0000-0000-0000-000000000474	36517	business	2006-02-06 23:09:07
00000000-0000-0000-0000-000000000474_036517	00000000-0000-0000-0000-000000000474	36517	politics	2006-02-06 23:09:07
00000000-0000-0000-0000-000000000474_036527	00000000-0000-0000-0000-000000000474	36527	mathematics	2006-01-14 10:26:38
00000000-0000-0000-0000-000000000474_036535	00000000-0000-0000-0000-000000000474	36535	In Netflix queue	2006-01-14 10:12:42
00000000-0000-0000-0000-000000000474_037240	00000000-0000-0000-0000-000000000474	37240	In Netflix queue	2006-02-01 23:30:30
00000000-0000-0000-0000-000000000474_037729	00000000-0000-0000-0000-000000000474	37729	06 Oscar Nominated Best Movie - Animation	2006-02-04 22:32:18
00000000-0000-0000-0000-000000000474_037733	00000000-0000-0000-0000-000000000474	37733	In Netflix queue	2006-01-14 10:09:15
00000000-0000-0000-0000-000000000474_037736	00000000-0000-0000-0000-000000000474	37736	Dickens	2006-02-15 03:10:56
00000000-0000-0000-0000-000000000474_037741	00000000-0000-0000-0000-000000000474	37741	Truman Capote	2006-03-22 11:56:27
00000000-0000-0000-0000-000000000474_038038	00000000-0000-0000-0000-000000000474	38038	06 Oscar Nominated Best Movie - Animation	2006-02-11 22:23:10
00000000-0000-0000-0000-000000000474_038038	00000000-0000-0000-0000-000000000474	38038	Aardman	2006-02-11 22:23:41
00000000-0000-0000-0000-000000000474_038061	00000000-0000-0000-0000-000000000474	38061	In Netflix queue	2006-01-14 04:13:44
00000000-0000-0000-0000-000000000474_038886	00000000-0000-0000-0000-000000000474	38886	divorce	2006-04-19 22:03:57
00000000-0000-0000-0000-000000000474_039234	00000000-0000-0000-0000-000000000474	39234	courtroom drama	2006-02-22 11:45:26
00000000-0000-0000-0000-000000000474_039234	00000000-0000-0000-0000-000000000474	39234	In Netflix queue	2006-01-14 10:28:09
00000000-0000-0000-0000-000000000474_039292	00000000-0000-0000-0000-000000000474	39292	In Netflix queue	2006-01-14 10:19:55
00000000-0000-0000-0000-000000000474_039292	00000000-0000-0000-0000-000000000474	39292	journalism	2006-01-14 10:19:55
00000000-0000-0000-0000-000000000474_039292	00000000-0000-0000-0000-000000000474	39292	McCarthy hearings	2006-01-14 10:19:55
00000000-0000-0000-0000-000000000474_039292	00000000-0000-0000-0000-000000000474	39292	Morrow	2006-01-14 10:19:55
00000000-0000-0000-0000-000000000474_040583	00000000-0000-0000-0000-000000000474	40583	In Netflix queue	2006-01-14 10:02:07
00000000-0000-0000-0000-000000000474_040629	00000000-0000-0000-0000-000000000474	40629	In Netflix queue	2006-01-14 04:16:37
00000000-0000-0000-0000-000000000474_040815	00000000-0000-0000-0000-000000000474	40815	Magic	2006-01-14 10:39:36
00000000-0000-0000-0000-000000000474_040815	00000000-0000-0000-0000-000000000474	40815	Wizards	2006-01-14 10:39:36
00000000-0000-0000-0000-000000000474_040819	00000000-0000-0000-0000-000000000474	40819	Johnny Cash	2006-01-14 10:03:15
00000000-0000-0000-0000-000000000474_041566	00000000-0000-0000-0000-000000000474	41566	C.S. Lewis	2006-01-14 04:46:57
00000000-0000-0000-0000-000000000474_041997	00000000-0000-0000-0000-000000000474	41997	In Netflix queue	2006-01-14 04:13:23
00000000-0000-0000-0000-000000000474_042002	00000000-0000-0000-0000-000000000474	42002	In Netflix queue	2006-01-14 10:29:10
00000000-0000-0000-0000-000000000474_042740	00000000-0000-0000-0000-000000000474	42740	In Netflix queue	2006-02-01 23:30:37
00000000-0000-0000-0000-000000000477_000032	00000000-0000-0000-0000-000000000477	32	Brad Pitt	2009-05-17 02:18:30
00000000-0000-0000-0000-000000000477_000032	00000000-0000-0000-0000-000000000477	32	Bruce Willis	2009-05-17 02:18:26
00000000-0000-0000-0000-000000000477_000032	00000000-0000-0000-0000-000000000477	32	mindfuck	2009-05-17 02:18:41
00000000-0000-0000-0000-000000000477_000032	00000000-0000-0000-0000-000000000477	32	Post apocalyptic	2009-05-17 02:18:20
00000000-0000-0000-0000-000000000477_000032	00000000-0000-0000-0000-000000000477	32	post-apocalyptic	2009-05-17 02:18:20
00000000-0000-0000-0000-000000000477_000032	00000000-0000-0000-0000-000000000477	32	remake	2009-05-17 02:18:35
00000000-0000-0000-0000-000000000477_000032	00000000-0000-0000-0000-000000000477	32	time travel	2009-05-17 02:18:24
00000000-0000-0000-0000-000000000477_000032	00000000-0000-0000-0000-000000000477	32	twist ending	2009-05-17 02:18:22
00000000-0000-0000-0000-000000000477_000034	00000000-0000-0000-0000-000000000477	34	villain nonexistent or not needed for good story	2009-06-12 15:24:05
00000000-0000-0000-0000-000000000477_000104	00000000-0000-0000-0000-000000000477	104	Adam Sandler	2009-06-12 15:21:31
00000000-0000-0000-0000-000000000477_000216	00000000-0000-0000-0000-000000000477	216	Adam Sandler	2009-06-12 15:21:58
00000000-0000-0000-0000-000000000477_000216	00000000-0000-0000-0000-000000000477	216	stop looking at me swan	2009-06-12 15:22:06
00000000-0000-0000-0000-000000000477_000318	00000000-0000-0000-0000-000000000477	318	Morgan Freeman	2009-06-10 01:47:56
00000000-0000-0000-0000-000000000477_000541	00000000-0000-0000-0000-000000000477	541	androids	2010-01-07 01:36:04
00000000-0000-0000-0000-000000000477_000541	00000000-0000-0000-0000-000000000477	541	artificial intelligence	2010-01-07 01:36:09
00000000-0000-0000-0000-000000000477_000541	00000000-0000-0000-0000-000000000477	541	atmospheric	2010-01-07 01:36:08
00000000-0000-0000-0000-000000000477_000541	00000000-0000-0000-0000-000000000477	541	cyberpunk	2010-01-07 01:36:10
00000000-0000-0000-0000-000000000477_000541	00000000-0000-0000-0000-000000000477	541	future	2010-01-07 01:36:12
00000000-0000-0000-0000-000000000477_000541	00000000-0000-0000-0000-000000000477	541	mindfuck	2010-01-07 01:36:18
00000000-0000-0000-0000-000000000477_000541	00000000-0000-0000-0000-000000000477	541	Philip K. Dick	2010-01-07 01:36:16
00000000-0000-0000-0000-000000000477_000589	00000000-0000-0000-0000-000000000477	589	Scifi masterpiece	2008-01-24 18:21:14
00000000-0000-0000-0000-000000000477_000593	00000000-0000-0000-0000-000000000477	593	disturbing	2009-05-04 09:19:19
00000000-0000-0000-0000-000000000477_000593	00000000-0000-0000-0000-000000000477	593	drama	2009-05-04 09:19:51
00000000-0000-0000-0000-000000000477_000593	00000000-0000-0000-0000-000000000477	593	gothic	2009-05-04 09:19:38
00000000-0000-0000-0000-000000000477_000593	00000000-0000-0000-0000-000000000477	593	psychology	2009-05-04 09:19:27
00000000-0000-0000-0000-000000000477_000593	00000000-0000-0000-0000-000000000477	593	suspense	2009-05-04 09:19:49
00000000-0000-0000-0000-000000000477_000733	00000000-0000-0000-0000-000000000477	733	Michael Bay	2009-05-10 16:00:58
00000000-0000-0000-0000-000000000477_000733	00000000-0000-0000-0000-000000000477	733	terrorism	2009-05-10 16:00:53
00000000-0000-0000-0000-000000000477_000750	00000000-0000-0000-0000-000000000477	750	black comedy	2009-05-17 02:29:19
00000000-0000-0000-0000-000000000477_000750	00000000-0000-0000-0000-000000000477	750	dark comedy	2009-05-17 02:29:13
00000000-0000-0000-0000-000000000477_000750	00000000-0000-0000-0000-000000000477	750	satire	2009-05-17 02:29:11
00000000-0000-0000-0000-000000000477_000832	00000000-0000-0000-0000-000000000477	832	GIVE ME BACK MY SON!	2010-03-29 12:17:16
00000000-0000-0000-0000-000000000477_000832	00000000-0000-0000-0000-000000000477	832	It was melodramatic and kind of dumb	2010-03-29 12:17:13
00000000-0000-0000-0000-000000000477_000832	00000000-0000-0000-0000-000000000477	832	Mel Gibson	2010-03-29 12:17:09
00000000-0000-0000-0000-000000000477_000903	00000000-0000-0000-0000-000000000477	903	Alfred Hitchcock	2009-05-18 01:18:45
00000000-0000-0000-0000-000000000477_000903	00000000-0000-0000-0000-000000000477	903	Atmospheric	2009-05-18 01:18:55
00000000-0000-0000-0000-000000000477_000903	00000000-0000-0000-0000-000000000477	903	imdb top 250	2009-05-18 01:18:37
00000000-0000-0000-0000-000000000477_000903	00000000-0000-0000-0000-000000000477	903	James Stewart	2009-05-18 01:18:32
00000000-0000-0000-0000-000000000477_000904	00000000-0000-0000-0000-000000000477	904	imdb top 250	2009-05-18 01:17:57
00000000-0000-0000-0000-000000000477_000904	00000000-0000-0000-0000-000000000477	904	James Stewart	2009-05-18 01:17:36
00000000-0000-0000-0000-000000000477_000904	00000000-0000-0000-0000-000000000477	904	mystery	2009-05-18 01:17:44
00000000-0000-0000-0000-000000000477_000904	00000000-0000-0000-0000-000000000477	904	photographer	2009-05-18 01:17:48
00000000-0000-0000-0000-000000000477_000904	00000000-0000-0000-0000-000000000477	904	photography	2009-05-18 01:17:50
00000000-0000-0000-0000-000000000477_000908	00000000-0000-0000-0000-000000000477	908	Alfred Hitchcock	2009-05-18 01:18:17
00000000-0000-0000-0000-000000000477_000908	00000000-0000-0000-0000-000000000477	908	imdb top 250	2009-05-18 01:18:20
00000000-0000-0000-0000-000000000477_000922	00000000-0000-0000-0000-000000000477	922	eerie	2009-06-15 10:41:38
00000000-0000-0000-0000-000000000477_000922	00000000-0000-0000-0000-000000000477	922	movie business	2009-06-15 10:41:29
00000000-0000-0000-0000-000000000477_001089	00000000-0000-0000-0000-000000000477	1089	humorous	2009-05-17 02:28:03
00000000-0000-0000-0000-000000000477_001089	00000000-0000-0000-0000-000000000477	1089	neo-noir	2009-05-17 02:27:59
00000000-0000-0000-0000-000000000477_001089	00000000-0000-0000-0000-000000000477	1089	Quentin Tarantino	2009-05-17 02:27:54
00000000-0000-0000-0000-000000000477_001089	00000000-0000-0000-0000-000000000477	1089	religion	2009-05-17 02:28:16
00000000-0000-0000-0000-000000000477_001089	00000000-0000-0000-0000-000000000477	1089	Tarantino	2009-05-17 02:28:07
00000000-0000-0000-0000-000000000477_001196	00000000-0000-0000-0000-000000000477	1196	classic	2010-01-07 01:36:46
00000000-0000-0000-0000-000000000477_001196	00000000-0000-0000-0000-000000000477	1196	George Lucas	2010-01-07 01:36:33
00000000-0000-0000-0000-000000000477_001196	00000000-0000-0000-0000-000000000477	1196	Harrison Ford	2010-01-07 01:36:32
00000000-0000-0000-0000-000000000477_001196	00000000-0000-0000-0000-000000000477	1196	music	2010-01-07 01:36:55
00000000-0000-0000-0000-000000000477_001196	00000000-0000-0000-0000-000000000477	1196	original plot	2010-01-07 01:36:48
00000000-0000-0000-0000-000000000477_001196	00000000-0000-0000-0000-000000000477	1196	sci-fi	2010-01-07 01:36:37
00000000-0000-0000-0000-000000000477_001196	00000000-0000-0000-0000-000000000477	1196	sequel	2010-01-07 01:36:40
00000000-0000-0000-0000-000000000477_001219	00000000-0000-0000-0000-000000000477	1219	Alfred Hitchcock	2009-05-18 01:19:13
00000000-0000-0000-0000-000000000477_001219	00000000-0000-0000-0000-000000000477	1219	black and white	2009-05-18 01:19:33
00000000-0000-0000-0000-000000000477_001219	00000000-0000-0000-0000-000000000477	1219	imdb top 250	2009-05-18 01:19:21
00000000-0000-0000-0000-000000000477_001219	00000000-0000-0000-0000-000000000477	1219	remade	2009-05-18 01:19:25
00000000-0000-0000-0000-000000000477_001222	00000000-0000-0000-0000-000000000477	1222	anti-war	2009-05-17 02:28:45
00000000-0000-0000-0000-000000000477_001274	00000000-0000-0000-0000-000000000477	1274	animation	2009-06-12 15:25:31
00000000-0000-0000-0000-000000000477_001274	00000000-0000-0000-0000-000000000477	1274	anime	2009-06-12 15:25:29
00000000-0000-0000-0000-000000000477_001274	00000000-0000-0000-0000-000000000477	1274	visually stunning	2009-06-12 15:25:44
00000000-0000-0000-0000-000000000477_002393	00000000-0000-0000-0000-000000000477	2393	cameo:Whoopi Goldberg	2009-05-14 14:21:13
00000000-0000-0000-0000-000000000477_002393	00000000-0000-0000-0000-000000000477	2393	space opera	2009-05-14 14:21:03
00000000-0000-0000-0000-000000000477_002393	00000000-0000-0000-0000-000000000477	2393	Star Trek	2009-05-14 14:21:04
00000000-0000-0000-0000-000000000477_002694	00000000-0000-0000-0000-000000000477	2694	Adam Sandler	2009-06-12 15:23:08
00000000-0000-0000-0000-000000000477_002706	00000000-0000-0000-0000-000000000477	2706	best comedy	2009-06-11 17:00:16
00000000-0000-0000-0000-000000000477_002706	00000000-0000-0000-0000-000000000477	2706	Chris Klein	2009-06-11 17:00:21
00000000-0000-0000-0000-000000000477_002706	00000000-0000-0000-0000-000000000477	2706	dumb	2009-06-11 17:00:11
00000000-0000-0000-0000-000000000477_002706	00000000-0000-0000-0000-000000000477	2706	Jason Biggs	2009-06-11 17:00:23
00000000-0000-0000-0000-000000000477_002706	00000000-0000-0000-0000-000000000477	2706	not funny	2009-06-11 17:00:27
00000000-0000-0000-0000-000000000477_002706	00000000-0000-0000-0000-000000000477	2706	pizza beer	2009-06-11 17:00:07
00000000-0000-0000-0000-000000000477_002706	00000000-0000-0000-0000-000000000477	2706	Seann William Scott	2009-06-11 17:00:24
00000000-0000-0000-0000-000000000477_002706	00000000-0000-0000-0000-000000000477	2706	teen	2009-06-11 17:00:02
00000000-0000-0000-0000-000000000477_002761	00000000-0000-0000-0000-000000000477	2761	animation	2009-06-12 15:24:32
00000000-0000-0000-0000-000000000477_003000	00000000-0000-0000-0000-000000000477	3000	adventure	2009-05-04 09:20:38
00000000-0000-0000-0000-000000000477_003000	00000000-0000-0000-0000-000000000477	3000	atmospheric	2009-05-04 09:20:34
00000000-0000-0000-0000-000000000477_003000	00000000-0000-0000-0000-000000000477	3000	fantasy world	2009-05-04 09:20:27
00000000-0000-0000-0000-000000000477_003000	00000000-0000-0000-0000-000000000477	3000	Studio Ghibli	2009-05-04 09:20:20
00000000-0000-0000-0000-000000000477_003000	00000000-0000-0000-0000-000000000477	3000	surreal	2009-05-04 09:20:22
00000000-0000-0000-0000-000000000477_003527	00000000-0000-0000-0000-000000000477	3527	aliens	2010-07-09 22:58:38
00000000-0000-0000-0000-000000000477_003527	00000000-0000-0000-0000-000000000477	3527	Arnold Schwarzenegger	2010-03-29 12:16:32
00000000-0000-0000-0000-000000000477_003527	00000000-0000-0000-0000-000000000477	3527	dialogue	2010-03-29 12:16:45
00000000-0000-0000-0000-000000000477_003527	00000000-0000-0000-0000-000000000477	3527	guns	2010-07-09 22:58:32
00000000-0000-0000-0000-000000000477_003527	00000000-0000-0000-0000-000000000477	3527	Jesse Ventura	2010-03-29 12:16:33
00000000-0000-0000-0000-000000000477_003527	00000000-0000-0000-0000-000000000477	3527	macho	2010-03-29 12:16:37
00000000-0000-0000-0000-000000000477_003527	00000000-0000-0000-0000-000000000477	3527	sci-fi	2010-03-29 12:16:49
00000000-0000-0000-0000-000000000477_003527	00000000-0000-0000-0000-000000000477	3527	scifi cult	2010-03-29 12:16:52
00000000-0000-0000-0000-000000000477_003994	00000000-0000-0000-0000-000000000477	3994	atmospheric	2009-05-04 09:18:21
00000000-0000-0000-0000-000000000477_003994	00000000-0000-0000-0000-000000000477	3994	comics	2009-05-04 09:18:00
00000000-0000-0000-0000-000000000477_003994	00000000-0000-0000-0000-000000000477	3994	father-son relationship	2009-05-04 09:18:33
00000000-0000-0000-0000-000000000477_003994	00000000-0000-0000-0000-000000000477	3994	mindfuck	2009-05-04 09:18:28
00000000-0000-0000-0000-000000000477_003994	00000000-0000-0000-0000-000000000477	3994	unique	2009-05-04 09:18:13
00000000-0000-0000-0000-000000000477_004226	00000000-0000-0000-0000-000000000477	4226	mystery	2009-10-21 00:04:32
00000000-0000-0000-0000-000000000477_004226	00000000-0000-0000-0000-000000000477	4226	twist ending	2009-10-21 00:04:39
00000000-0000-0000-0000-000000000477_004454	00000000-0000-0000-0000-000000000477	4454	claymation	2009-06-15 10:43:13
00000000-0000-0000-0000-000000000477_004454	00000000-0000-0000-0000-000000000477	4454	creativity	2009-06-15 10:43:07
00000000-0000-0000-0000-000000000477_004454	00000000-0000-0000-0000-000000000477	4454	dystopia	2009-06-15 10:43:10
00000000-0000-0000-0000-000000000477_004454	00000000-0000-0000-0000-000000000477	4454	free to download	2009-06-15 10:42:55
00000000-0000-0000-0000-000000000477_004454	00000000-0000-0000-0000-000000000477	4454	imagination	2009-06-15 10:42:58
00000000-0000-0000-0000-000000000477_004454	00000000-0000-0000-0000-000000000477	4454	no dialogue	2009-06-15 10:43:16
00000000-0000-0000-0000-000000000477_004454	00000000-0000-0000-0000-000000000477	4454	social commentary	2009-06-15 10:43:05
00000000-0000-0000-0000-000000000477_004725	00000000-0000-0000-0000-000000000477	4725	mental hospital	2009-09-13 14:36:03
00000000-0000-0000-0000-000000000477_004725	00000000-0000-0000-0000-000000000477	4725	psychology	2009-09-13 14:36:10
00000000-0000-0000-0000-000000000477_004725	00000000-0000-0000-0000-000000000477	4725	suspense	2009-09-13 14:36:08
00000000-0000-0000-0000-000000000477_004725	00000000-0000-0000-0000-000000000477	4725	Well Done	2009-09-13 14:36:20
00000000-0000-0000-0000-000000000477_004878	00000000-0000-0000-0000-000000000477	4878	dreamlike	2009-05-17 02:21:02
00000000-0000-0000-0000-000000000477_004878	00000000-0000-0000-0000-000000000477	4878	hallucinatory	2009-05-17 02:21:26
00000000-0000-0000-0000-000000000477_004878	00000000-0000-0000-0000-000000000477	4878	mental illness	2009-05-17 02:21:23
00000000-0000-0000-0000-000000000477_004878	00000000-0000-0000-0000-000000000477	4878	psychology	2009-05-17 02:21:09
00000000-0000-0000-0000-000000000477_004878	00000000-0000-0000-0000-000000000477	4878	social commentary	2009-05-17 02:21:18
00000000-0000-0000-0000-000000000477_004878	00000000-0000-0000-0000-000000000477	4878	teen	2009-05-17 02:21:36
00000000-0000-0000-0000-000000000477_004878	00000000-0000-0000-0000-000000000477	4878	thought-provoking	2009-05-17 02:21:02
00000000-0000-0000-0000-000000000477_005459	00000000-0000-0000-0000-000000000477	5459	crappy sequel	2010-01-07 01:33:40
00000000-0000-0000-0000-000000000477_005459	00000000-0000-0000-0000-000000000477	5459	first was much better	2010-01-07 01:33:52
00000000-0000-0000-0000-000000000477_005459	00000000-0000-0000-0000-000000000477	5459	sequel	2010-01-07 01:34:13
00000000-0000-0000-0000-000000000477_007361	00000000-0000-0000-0000-000000000477	7361	cult film	2009-05-17 02:19:00
00000000-0000-0000-0000-000000000477_007361	00000000-0000-0000-0000-000000000477	7361	imagination	2009-10-21 00:04:07
00000000-0000-0000-0000-000000000477_007361	00000000-0000-0000-0000-000000000477	7361	Jim Carrey	2009-05-17 02:19:17
00000000-0000-0000-0000-000000000477_007361	00000000-0000-0000-0000-000000000477	7361	love	2009-10-21 00:04:05
00000000-0000-0000-0000-000000000477_007361	00000000-0000-0000-0000-000000000477	7361	surreal	2009-10-21 00:04:01
00000000-0000-0000-0000-000000000477_007439	00000000-0000-0000-0000-000000000477	7439	comic book	2008-01-25 02:47:04
00000000-0000-0000-0000-000000000477_008783	00000000-0000-0000-0000-000000000477	8783	Atmospheric	2009-05-18 02:13:44
00000000-0000-0000-0000-000000000477_008783	00000000-0000-0000-0000-000000000477	8783	good soundtrack	2009-05-18 02:14:04
00000000-0000-0000-0000-000000000477_008783	00000000-0000-0000-0000-000000000477	8783	M. Night Shyamalan	2009-05-18 02:14:01
00000000-0000-0000-0000-000000000477_008961	00000000-0000-0000-0000-000000000477	8961	animation	2009-06-12 15:46:32
00000000-0000-0000-0000-000000000477_008961	00000000-0000-0000-0000-000000000477	8961	Samuel L. Jackson	2009-06-12 15:46:37
00000000-0000-0000-0000-000000000477_041569	00000000-0000-0000-0000-000000000477	41569	big budget	2010-01-07 01:39:19
00000000-0000-0000-0000-000000000477_042422	00000000-0000-0000-0000-000000000477	42422	love	2009-09-08 11:42:41
00000000-0000-0000-0000-000000000477_045499	00000000-0000-0000-0000-000000000477	45499	Halle Berry	2010-01-07 01:39:39
00000000-0000-0000-0000-000000000477_045499	00000000-0000-0000-0000-000000000477	45499	Hugh Jackman	2010-01-07 01:39:32
00000000-0000-0000-0000-000000000477_045730	00000000-0000-0000-0000-000000000477	45730	bad	2009-05-18 02:15:31
00000000-0000-0000-0000-000000000477_045730	00000000-0000-0000-0000-000000000477	45730	disappointing	2009-05-18 02:15:21
00000000-0000-0000-0000-000000000477_045730	00000000-0000-0000-0000-000000000477	45730	faerie tale	2009-05-18 02:15:26
00000000-0000-0000-0000-000000000477_045730	00000000-0000-0000-0000-000000000477	45730	fairy tale	2009-05-18 02:15:23
00000000-0000-0000-0000-000000000477_045730	00000000-0000-0000-0000-000000000477	45730	far fetched	2009-05-18 02:14:57
00000000-0000-0000-0000-000000000477_045730	00000000-0000-0000-0000-000000000477	45730	M. Night Shyamalan	2009-05-18 02:15:04
00000000-0000-0000-0000-000000000477_045730	00000000-0000-0000-0000-000000000477	45730	Paul Giamatti	2009-05-18 02:15:08
00000000-0000-0000-0000-000000000477_047610	00000000-0000-0000-0000-000000000477	47610	costume drama	2009-05-18 02:16:48
00000000-0000-0000-0000-000000000477_047610	00000000-0000-0000-0000-000000000477	47610	Edward Norton	2009-05-18 02:16:18
00000000-0000-0000-0000-000000000477_047610	00000000-0000-0000-0000-000000000477	47610	magic	2009-05-18 02:16:35
00000000-0000-0000-0000-000000000477_047610	00000000-0000-0000-0000-000000000477	47610	Paul Giamatti	2009-05-18 02:16:20
00000000-0000-0000-0000-000000000477_052885	00000000-0000-0000-0000-000000000477	52885	dreamlike	2009-10-21 00:03:28
00000000-0000-0000-0000-000000000477_053468	00000000-0000-0000-0000-000000000477	53468	zombies	2009-09-28 10:30:34
00000000-0000-0000-0000-000000000477_054503	00000000-0000-0000-0000-000000000477	54503	friendship	2009-06-10 01:48:22
00000000-0000-0000-0000-000000000477_054503	00000000-0000-0000-0000-000000000477	54503	high school	2009-06-10 01:48:37
00000000-0000-0000-0000-000000000477_054503	00000000-0000-0000-0000-000000000477	54503	Michael Cera	2009-06-10 01:48:14
00000000-0000-0000-0000-000000000477_054503	00000000-0000-0000-0000-000000000477	54503	nerds	2009-06-10 01:48:53
00000000-0000-0000-0000-000000000477_054503	00000000-0000-0000-0000-000000000477	54503	self discovery	2009-06-10 01:48:39
00000000-0000-0000-0000-000000000477_054503	00000000-0000-0000-0000-000000000477	54503	shenanigans	2009-06-10 01:48:42
00000000-0000-0000-0000-000000000477_054503	00000000-0000-0000-0000-000000000477	54503	virginity	2009-06-10 01:48:47
00000000-0000-0000-0000-000000000477_055167	00000000-0000-0000-0000-000000000477	55167	anime	2010-08-28 00:56:22
00000000-0000-0000-0000-000000000477_056174	00000000-0000-0000-0000-000000000477	56174	alone in the world	2010-01-07 01:34:36
00000000-0000-0000-0000-000000000477_056174	00000000-0000-0000-0000-000000000477	56174	apocalypse	2010-01-07 01:34:37
00000000-0000-0000-0000-000000000477_056174	00000000-0000-0000-0000-000000000477	56174	based on a book	2010-01-07 01:34:41
00000000-0000-0000-0000-000000000477_056174	00000000-0000-0000-0000-000000000477	56174	last man on earth	2010-01-07 01:34:44
00000000-0000-0000-0000-000000000477_056174	00000000-0000-0000-0000-000000000477	56174	plot holes	2010-01-07 01:34:31
00000000-0000-0000-0000-000000000477_056174	00000000-0000-0000-0000-000000000477	56174	Post apocalyptic	2010-01-07 01:34:55
00000000-0000-0000-0000-000000000477_056174	00000000-0000-0000-0000-000000000477	56174	post-apocalyptic	2010-01-07 01:34:59
00000000-0000-0000-0000-000000000477_056174	00000000-0000-0000-0000-000000000477	56174	religion	2010-01-07 01:34:29
00000000-0000-0000-0000-000000000477_056174	00000000-0000-0000-0000-000000000477	56174	vampire	2010-01-07 01:35:02
00000000-0000-0000-0000-000000000477_056367	00000000-0000-0000-0000-000000000477	56367	Michael Cera	2009-06-10 01:49:18
00000000-0000-0000-0000-000000000477_056367	00000000-0000-0000-0000-000000000477	56367	notable soundtrack	2009-06-10 01:49:16
00000000-0000-0000-0000-000000000477_056367	00000000-0000-0000-0000-000000000477	56367	pregnancy	2009-06-10 01:49:14
00000000-0000-0000-0000-000000000477_056367	00000000-0000-0000-0000-000000000477	56367	teenage pregnancy	2009-06-10 01:49:13
00000000-0000-0000-0000-000000000477_056367	00000000-0000-0000-0000-000000000477	56367	witty	2009-06-10 01:49:36
00000000-0000-0000-0000-000000000477_057669	00000000-0000-0000-0000-000000000477	57669	black comedy	2010-03-29 12:16:02
00000000-0000-0000-0000-000000000477_057669	00000000-0000-0000-0000-000000000477	57669	Colin Farrell	2010-03-29 12:16:01
00000000-0000-0000-0000-000000000477_057669	00000000-0000-0000-0000-000000000477	57669	dark comedy	2010-03-29 12:15:59
00000000-0000-0000-0000-000000000477_057669	00000000-0000-0000-0000-000000000477	57669	drugs	2010-03-29 12:16:04
00000000-0000-0000-0000-000000000477_057669	00000000-0000-0000-0000-000000000477	57669	friendship	2010-03-29 12:16:07
00000000-0000-0000-0000-000000000477_057669	00000000-0000-0000-0000-000000000477	57669	irreverent	2010-03-29 12:16:19
00000000-0000-0000-0000-000000000477_057669	00000000-0000-0000-0000-000000000477	57669	Ralph Fiennes	2010-03-29 12:16:12
00000000-0000-0000-0000-000000000477_057669	00000000-0000-0000-0000-000000000477	57669	stylized	2010-03-29 12:16:14
00000000-0000-0000-0000-000000000477_059141	00000000-0000-0000-0000-000000000477	59141	movies about movies	2009-05-04 09:15:55
00000000-0000-0000-0000-000000000477_060069	00000000-0000-0000-0000-000000000477	60069	last man on earth	2009-05-04 09:17:32
00000000-0000-0000-0000-000000000477_060069	00000000-0000-0000-0000-000000000477	60069	love story	2009-05-04 09:17:36
00000000-0000-0000-0000-000000000477_060069	00000000-0000-0000-0000-000000000477	60069	Post apocalyptic	2009-05-04 09:17:19
00000000-0000-0000-0000-000000000477_060069	00000000-0000-0000-0000-000000000477	60069	social commentary	2009-05-04 09:17:16
00000000-0000-0000-0000-000000000477_061323	00000000-0000-0000-0000-000000000477	61323	Brad Pitt	2010-03-29 12:14:43
00000000-0000-0000-0000-000000000477_061323	00000000-0000-0000-0000-000000000477	61323	Coen Bros	2010-03-29 12:14:46
00000000-0000-0000-0000-000000000477_061323	00000000-0000-0000-0000-000000000477	61323	Coen Brothers	2010-03-29 12:14:44
00000000-0000-0000-0000-000000000477_061323	00000000-0000-0000-0000-000000000477	61323	dark comedy	2010-03-29 12:14:48
00000000-0000-0000-0000-000000000477_061323	00000000-0000-0000-0000-000000000477	61323	espionage	2010-03-29 12:14:51
00000000-0000-0000-0000-000000000477_061323	00000000-0000-0000-0000-000000000477	61323	George Clooney	2010-03-29 12:14:50
00000000-0000-0000-0000-000000000477_061323	00000000-0000-0000-0000-000000000477	61323	John Malkovich	2010-03-29 12:14:52
00000000-0000-0000-0000-000000000477_061323	00000000-0000-0000-0000-000000000477	61323	satire	2010-03-29 12:14:57
00000000-0000-0000-0000-000000000477_061323	00000000-0000-0000-0000-000000000477	61323	twists & turns	2010-03-29 12:15:04
00000000-0000-0000-0000-000000000477_061323	00000000-0000-0000-0000-000000000477	61323	weird	2010-03-29 12:15:01
00000000-0000-0000-0000-000000000477_062336	00000000-0000-0000-0000-000000000477	62336	2D animation	2010-08-28 00:56:51
00000000-0000-0000-0000-000000000477_062336	00000000-0000-0000-0000-000000000477	62336	cult film	2010-08-28 00:57:01
00000000-0000-0000-0000-000000000477_062336	00000000-0000-0000-0000-000000000477	62336	stylish	2010-08-28 00:56:55
00000000-0000-0000-0000-000000000477_062336	00000000-0000-0000-0000-000000000477	62336	surreal	2010-08-28 00:56:57
00000000-0000-0000-0000-000000000477_066934	00000000-0000-0000-0000-000000000477	66934	joss whedon	2009-06-12 15:32:48
00000000-0000-0000-0000-000000000477_066934	00000000-0000-0000-0000-000000000477	66934	Nathan Fillion	2009-06-12 15:32:58
00000000-0000-0000-0000-000000000477_066934	00000000-0000-0000-0000-000000000477	66934	Neil Patrick Harris	2009-06-12 15:32:54
00000000-0000-0000-0000-000000000477_066934	00000000-0000-0000-0000-000000000477	66934	parody	2009-06-12 15:32:39
00000000-0000-0000-0000-000000000477_067087	00000000-0000-0000-0000-000000000477	67087	Andy Samberg	2010-03-29 12:37:48
00000000-0000-0000-0000-000000000477_067087	00000000-0000-0000-0000-000000000477	67087	bromance	2010-03-29 12:38:07
00000000-0000-0000-0000-000000000477_067087	00000000-0000-0000-0000-000000000477	67087	bromantic	2010-03-29 12:38:04
00000000-0000-0000-0000-000000000477_067087	00000000-0000-0000-0000-000000000477	67087	comedy	2010-03-29 12:37:58
00000000-0000-0000-0000-000000000477_067087	00000000-0000-0000-0000-000000000477	67087	Jaime Pressly	2010-03-29 12:37:53
00000000-0000-0000-0000-000000000477_067087	00000000-0000-0000-0000-000000000477	67087	Jason Segel	2010-03-29 12:37:43
00000000-0000-0000-0000-000000000477_067087	00000000-0000-0000-0000-000000000477	67087	masculinity	2010-03-29 12:37:51
00000000-0000-0000-0000-000000000477_067087	00000000-0000-0000-0000-000000000477	67087	Paul Rudd	2010-03-29 12:37:46
00000000-0000-0000-0000-000000000477_068237	00000000-0000-0000-0000-000000000477	68237	2001-like	2009-09-14 12:23:34
00000000-0000-0000-0000-000000000477_068237	00000000-0000-0000-0000-000000000477	68237	Sci-fi	2009-09-14 12:23:40
00000000-0000-0000-0000-000000000477_068237	00000000-0000-0000-0000-000000000477	68237	solitude	2009-09-14 12:23:45
00000000-0000-0000-0000-000000000477_068319	00000000-0000-0000-0000-000000000477	68319	bad plot	2010-01-07 01:38:06
00000000-0000-0000-0000-000000000477_068319	00000000-0000-0000-0000-000000000477	68319	comic book	2009-05-10 16:01:52
00000000-0000-0000-0000-000000000477_068319	00000000-0000-0000-0000-000000000477	68319	hugh jackman	2010-01-07 01:38:12
00000000-0000-0000-0000-000000000477_068319	00000000-0000-0000-0000-000000000477	68319	Ryan Reynolds	2010-01-07 01:38:11
00000000-0000-0000-0000-000000000477_068319	00000000-0000-0000-0000-000000000477	68319	too many characters	2009-05-10 16:44:44
00000000-0000-0000-0000-000000000477_068358	00000000-0000-0000-0000-000000000477	68358	future	2009-06-15 10:45:04
00000000-0000-0000-0000-000000000477_068358	00000000-0000-0000-0000-000000000477	68358	lack of development	2010-01-07 01:38:44
00000000-0000-0000-0000-000000000477_068358	00000000-0000-0000-0000-000000000477	68358	lack of story	2010-01-07 01:38:46
00000000-0000-0000-0000-000000000477_068358	00000000-0000-0000-0000-000000000477	68358	quick cuts	2009-06-15 10:45:09
00000000-0000-0000-0000-000000000477_068358	00000000-0000-0000-0000-000000000477	68358	sci-fi	2010-01-07 01:38:53
00000000-0000-0000-0000-000000000477_068358	00000000-0000-0000-0000-000000000477	68358	Simon Pegg	2009-06-15 10:45:16
00000000-0000-0000-0000-000000000477_068358	00000000-0000-0000-0000-000000000477	68358	space	2010-01-07 01:38:52
00000000-0000-0000-0000-000000000477_068358	00000000-0000-0000-0000-000000000477	68358	space travel	2010-01-07 01:38:51
00000000-0000-0000-0000-000000000477_068358	00000000-0000-0000-0000-000000000477	68358	time travel	2010-01-07 01:38:49
00000000-0000-0000-0000-000000000477_068791	00000000-0000-0000-0000-000000000477	68791	artificial intelligence	2010-01-07 01:37:29
00000000-0000-0000-0000-000000000477_068791	00000000-0000-0000-0000-000000000477	68791	bad acting	2010-01-07 01:37:42
00000000-0000-0000-0000-000000000477_068791	00000000-0000-0000-0000-000000000477	68791	bad plot	2010-01-07 01:37:22
00000000-0000-0000-0000-000000000477_068791	00000000-0000-0000-0000-000000000477	68791	bad script	2010-01-07 01:37:39
00000000-0000-0000-0000-000000000477_068791	00000000-0000-0000-0000-000000000477	68791	Christian Bale	2010-01-07 01:37:26
00000000-0000-0000-0000-000000000477_068791	00000000-0000-0000-0000-000000000477	68791	FIGHTING THE SYSTEM	2010-01-07 01:37:32
00000000-0000-0000-0000-000000000477_068791	00000000-0000-0000-0000-000000000477	68791	franchise	2010-01-07 01:37:55
00000000-0000-0000-0000-000000000477_068791	00000000-0000-0000-0000-000000000477	68791	new composer	2009-05-27 14:26:21
00000000-0000-0000-0000-000000000477_068791	00000000-0000-0000-0000-000000000477	68791	post-apocalyptic	2010-01-07 01:37:34
00000000-0000-0000-0000-000000000477_068791	00000000-0000-0000-0000-000000000477	68791	robots	2009-05-27 14:26:32
00000000-0000-0000-0000-000000000477_068791	00000000-0000-0000-0000-000000000477	68791	sci-fi	2010-01-07 01:37:51
00000000-0000-0000-0000-000000000477_068791	00000000-0000-0000-0000-000000000477	68791	sequel	2010-01-07 01:37:53
00000000-0000-0000-0000-000000000477_068945	00000000-0000-0000-0000-000000000477	68945	Recap	2009-06-30 17:04:31
00000000-0000-0000-0000-000000000477_069526	00000000-0000-0000-0000-000000000477	69526	bad plot	2010-01-07 01:35:20
00000000-0000-0000-0000-000000000477_069526	00000000-0000-0000-0000-000000000477	69526	Michael Bay	2010-01-07 01:35:29
00000000-0000-0000-0000-000000000477_069526	00000000-0000-0000-0000-000000000477	69526	needed more autobots	2009-06-30 16:16:02
00000000-0000-0000-0000-000000000477_069526	00000000-0000-0000-0000-000000000477	69526	plot holes	2010-01-07 01:35:32
00000000-0000-0000-0000-000000000477_069526	00000000-0000-0000-0000-000000000477	69526	ridiculous	2010-01-07 01:35:37
00000000-0000-0000-0000-000000000477_069526	00000000-0000-0000-0000-000000000477	69526	Shia LaBeouf	2009-06-30 16:16:12
00000000-0000-0000-0000-000000000477_069526	00000000-0000-0000-0000-000000000477	69526	stop using useless characters for filler	2009-06-30 16:15:59
00000000-0000-0000-0000-000000000477_069757	00000000-0000-0000-0000-000000000477	69757	artistic	2010-07-24 16:22:14
00000000-0000-0000-0000-000000000477_069757	00000000-0000-0000-0000-000000000477	69757	Funny	2010-07-24 16:22:21
00000000-0000-0000-0000-000000000477_069757	00000000-0000-0000-0000-000000000477	69757	humorous	2010-07-24 16:22:04
00000000-0000-0000-0000-000000000477_069757	00000000-0000-0000-0000-000000000477	69757	inspiring	2010-07-24 16:22:10
00000000-0000-0000-0000-000000000477_069757	00000000-0000-0000-0000-000000000477	69757	intelligent	2010-07-24 16:22:12
00000000-0000-0000-0000-000000000477_069757	00000000-0000-0000-0000-000000000477	69757	quirky	2010-07-24 16:22:25
00000000-0000-0000-0000-000000000477_069757	00000000-0000-0000-0000-000000000477	69757	romance	2010-07-24 16:22:03
00000000-0000-0000-0000-000000000477_069757	00000000-0000-0000-0000-000000000477	69757	Zooey Deschanel	2010-07-24 16:22:00
00000000-0000-0000-0000-000000000477_070286	00000000-0000-0000-0000-000000000477	70286	intelligent sci-fi	2009-08-17 11:42:49
00000000-0000-0000-0000-000000000477_072224	00000000-0000-0000-0000-000000000477	72224	bad humor	2011-02-05 16:34:29
00000000-0000-0000-0000-000000000477_072998	00000000-0000-0000-0000-000000000477	72998	bad science	2010-01-06 01:05:24
00000000-0000-0000-0000-000000000477_072998	00000000-0000-0000-0000-000000000477	72998	futuristic	2010-01-06 01:05:31
00000000-0000-0000-0000-000000000477_072998	00000000-0000-0000-0000-000000000477	72998	graphic design	2010-01-06 01:05:32
00000000-0000-0000-0000-000000000477_072998	00000000-0000-0000-0000-000000000477	72998	James Cameron	2010-01-06 01:05:36
00000000-0000-0000-0000-000000000477_072998	00000000-0000-0000-0000-000000000477	72998	military	2010-01-06 01:05:34
00000000-0000-0000-0000-000000000477_072998	00000000-0000-0000-0000-000000000477	72998	poor dialogue	2010-01-06 01:05:37
00000000-0000-0000-0000-000000000477_072998	00000000-0000-0000-0000-000000000477	72998	sci-fi	2010-01-06 01:05:51
00000000-0000-0000-0000-000000000477_072998	00000000-0000-0000-0000-000000000477	72998	superficial plot	2010-01-06 01:05:25
00000000-0000-0000-0000-000000000477_072998	00000000-0000-0000-0000-000000000477	72998	unoriginal	2010-01-07 01:13:36
00000000-0000-0000-0000-000000000477_072998	00000000-0000-0000-0000-000000000477	72998	white guilt	2010-01-06 01:05:42
00000000-0000-0000-0000-000000000477_079132	00000000-0000-0000-0000-000000000477	79132	dreamlike	2010-08-01 05:29:48
00000000-0000-0000-0000-000000000477_079132	00000000-0000-0000-0000-000000000477	79132	surreal	2010-08-01 05:29:38
00000000-0000-0000-0000-000000000477_079132	00000000-0000-0000-0000-000000000477	79132	visually appealing	2010-08-01 05:29:41
00000000-0000-0000-0000-000000000477_079702	00000000-0000-0000-0000-000000000477	79702	geeky	2010-08-28 00:44:24
00000000-0000-0000-0000-000000000477_079702	00000000-0000-0000-0000-000000000477	79702	Michael Cera	2010-08-28 00:44:13
00000000-0000-0000-0000-000000000477_079702	00000000-0000-0000-0000-000000000477	79702	stylized	2010-08-28 00:44:16
00000000-0000-0000-0000-000000000477_079702	00000000-0000-0000-0000-000000000477	79702	video games	2010-08-28 00:44:20
00000000-0000-0000-0000-000000000477_082242	00000000-0000-0000-0000-000000000477	82242	male nudity	2010-12-30 15:27:50
00000000-0000-0000-0000-000000000477_082461	00000000-0000-0000-0000-000000000477	82461	action choreography	2011-02-05 16:33:26
00000000-0000-0000-0000-000000000477_082461	00000000-0000-0000-0000-000000000477	82461	Horrid characterisation	2011-02-05 16:33:20
00000000-0000-0000-0000-000000000477_082461	00000000-0000-0000-0000-000000000477	82461	Poor plot development	2011-02-05 16:33:15
00000000-0000-0000-0000-000000000477_082461	00000000-0000-0000-0000-000000000477	82461	sequel	2011-02-05 16:33:22
00000000-0000-0000-0000-000000000477_082461	00000000-0000-0000-0000-000000000477	82461	soundtrack	2011-02-05 16:33:23
00000000-0000-0000-0000-000000000487_112552	00000000-0000-0000-0000-000000000487	112552	passion	2015-04-18 17:59:01
00000000-0000-0000-0000-000000000487_112552	00000000-0000-0000-0000-000000000487	112552	psychological	2015-04-18 17:59:01
00000000-0000-0000-0000-000000000487_112552	00000000-0000-0000-0000-000000000487	112552	suspense	2015-04-18 17:59:01
00000000-0000-0000-0000-000000000506_112552	00000000-0000-0000-0000-000000000506	112552	jazz	2015-02-21 11:52:58
00000000-0000-0000-0000-000000000506_112552	00000000-0000-0000-0000-000000000506	112552	music	2015-02-21 11:52:58
00000000-0000-0000-0000-000000000506_112552	00000000-0000-0000-0000-000000000506	112552	tense	2015-02-21 11:52:58
00000000-0000-0000-0000-000000000509_080834	00000000-0000-0000-0000-000000000509	80834	adventure	2015-07-04 15:56:19
00000000-0000-0000-0000-000000000509_080834	00000000-0000-0000-0000-000000000509	80834	animation	2015-07-04 15:56:19
00000000-0000-0000-0000-000000000509_080834	00000000-0000-0000-0000-000000000509	80834	fantasy	2015-07-04 15:56:19
00000000-0000-0000-0000-000000000513_000750	00000000-0000-0000-0000-000000000513	750	purity of essence	2006-10-05 01:47:36
00000000-0000-0000-0000-000000000513_000750	00000000-0000-0000-0000-000000000513	750	Slim Pickens	2006-10-05 01:47:36
00000000-0000-0000-0000-000000000513_006787	00000000-0000-0000-0000-000000000513	6787	Deep Throat	2006-10-05 01:52:49
00000000-0000-0000-0000-000000000520_003039	00000000-0000-0000-0000-000000000520	3039	Dan Aykroyd	2012-01-15 15:20:24
00000000-0000-0000-0000-000000000520_060516	00000000-0000-0000-0000-000000000520	60516	enjoyable	2012-01-15 15:59:42
00000000-0000-0000-0000-000000000533_000356	00000000-0000-0000-0000-000000000533	356	bubba gump shrimp	2015-02-24 13:57:46
00000000-0000-0000-0000-000000000533_000356	00000000-0000-0000-0000-000000000533	356	lieutenant dan	2015-02-24 13:57:46
00000000-0000-0000-0000-000000000533_000356	00000000-0000-0000-0000-000000000533	356	stupid is as stupid does	2015-02-24 13:57:46
00000000-0000-0000-0000-000000000537_000527	00000000-0000-0000-0000-000000000537	527	based on a true story	2015-02-17 12:01:12
00000000-0000-0000-0000-000000000537_000527	00000000-0000-0000-0000-000000000537	527	biography	2015-02-17 12:01:52
00000000-0000-0000-0000-000000000537_000527	00000000-0000-0000-0000-000000000537	527	disturbing	2015-02-17 12:01:53
00000000-0000-0000-0000-000000000537_000527	00000000-0000-0000-0000-000000000537	527	holocaust	2015-02-17 12:01:50
00000000-0000-0000-0000-000000000537_001625	00000000-0000-0000-0000-000000000537	1625	Mystery	2015-02-17 11:55:01
00000000-0000-0000-0000-000000000537_001721	00000000-0000-0000-0000-000000000537	1721	romance	2015-02-17 11:58:42
00000000-0000-0000-0000-000000000537_002329	00000000-0000-0000-0000-000000000537	2329	edward norton	2015-02-17 11:50:49
00000000-0000-0000-0000-000000000537_002329	00000000-0000-0000-0000-000000000537	2329	emotional	2015-02-17 11:50:59
00000000-0000-0000-0000-000000000537_002329	00000000-0000-0000-0000-000000000537	2329	politics	2015-02-17 11:51:01
00000000-0000-0000-0000-000000000537_002571	00000000-0000-0000-0000-000000000537	2571	philosophy	2015-02-17 11:44:58
00000000-0000-0000-0000-000000000537_002571	00000000-0000-0000-0000-000000000537	2571	post apocalyptic	2015-02-17 11:45:01
00000000-0000-0000-0000-000000000537_003949	00000000-0000-0000-0000-000000000537	3949	depressing	2015-02-17 11:52:27
00000000-0000-0000-0000-000000000537_003949	00000000-0000-0000-0000-000000000537	3949	psychology	2015-02-17 11:52:31
00000000-0000-0000-0000-000000000537_005989	00000000-0000-0000-0000-000000000537	5989	cheating	2015-02-17 11:21:37
00000000-0000-0000-0000-000000000537_005989	00000000-0000-0000-0000-000000000537	5989	intelligent	2015-02-17 11:20:27
00000000-0000-0000-0000-000000000537_005989	00000000-0000-0000-0000-000000000537	5989	Leonardo DiCaprio	2015-02-17 11:20:05
00000000-0000-0000-0000-000000000537_005989	00000000-0000-0000-0000-000000000537	5989	lies	2015-02-17 11:20:29
00000000-0000-0000-0000-000000000537_005989	00000000-0000-0000-0000-000000000537	5989	smart	2015-02-17 11:21:10
00000000-0000-0000-0000-000000000537_005989	00000000-0000-0000-0000-000000000537	5989	Tom Hanks	2015-02-17 11:20:08
00000000-0000-0000-0000-000000000537_005989	00000000-0000-0000-0000-000000000537	5989	twists & turns	2015-02-17 11:20:59
00000000-0000-0000-0000-000000000537_008533	00000000-0000-0000-0000-000000000537	8533	memory loss	2015-02-17 11:59:23
00000000-0000-0000-0000-000000000537_008533	00000000-0000-0000-0000-000000000537	8533	romance	2015-02-17 11:59:13
00000000-0000-0000-0000-000000000537_008533	00000000-0000-0000-0000-000000000537	8533	sad	2015-02-17 11:59:34
00000000-0000-0000-0000-000000000537_055765	00000000-0000-0000-0000-000000000537	55765	corruption	2015-02-17 11:18:39
00000000-0000-0000-0000-000000000537_055765	00000000-0000-0000-0000-000000000537	55765	Denzel Washington	2015-02-17 11:18:35
00000000-0000-0000-0000-000000000537_055765	00000000-0000-0000-0000-000000000537	55765	mafia	2015-02-17 11:19:19
00000000-0000-0000-0000-000000000537_055765	00000000-0000-0000-0000-000000000537	55765	organized crime	2015-02-17 11:18:49
00000000-0000-0000-0000-000000000537_058295	00000000-0000-0000-0000-000000000537	58295	heist	2015-02-17 11:10:43
00000000-0000-0000-0000-000000000537_058295	00000000-0000-0000-0000-000000000537	58295	robbery	2015-02-17 11:10:58
00000000-0000-0000-0000-000000000537_058295	00000000-0000-0000-0000-000000000537	58295	small time criminals	2015-02-17 11:10:56
00000000-0000-0000-0000-000000000537_069122	00000000-0000-0000-0000-000000000537	69122	casino	2015-02-17 11:31:47
00000000-0000-0000-0000-000000000537_069122	00000000-0000-0000-0000-000000000537	69122	comedy	2015-02-17 11:31:39
00000000-0000-0000-0000-000000000537_069122	00000000-0000-0000-0000-000000000537	69122	funny	2015-02-17 11:31:57
00000000-0000-0000-0000-000000000537_069122	00000000-0000-0000-0000-000000000537	69122	hotel	2015-02-17 11:31:48
00000000-0000-0000-0000-000000000537_069122	00000000-0000-0000-0000-000000000537	69122	Las Vegas	2015-02-17 11:31:38
00000000-0000-0000-0000-000000000537_069481	00000000-0000-0000-0000-000000000537	69481	war	2015-02-17 12:46:42
00000000-0000-0000-0000-000000000537_072998	00000000-0000-0000-0000-000000000537	72998	beautiful scenery	2015-02-17 11:30:29
00000000-0000-0000-0000-000000000537_072998	00000000-0000-0000-0000-000000000537	72998	graphic design	2015-02-17 11:30:42
00000000-0000-0000-0000-000000000537_072998	00000000-0000-0000-0000-000000000537	72998	music	2015-02-17 11:30:59
00000000-0000-0000-0000-000000000537_072998	00000000-0000-0000-0000-000000000537	72998	politics	2015-02-17 11:31:03
00000000-0000-0000-0000-000000000537_072998	00000000-0000-0000-0000-000000000537	72998	romance	2015-02-17 11:30:52
00000000-0000-0000-0000-000000000537_072998	00000000-0000-0000-0000-000000000537	72998	thought-provoking	2015-02-17 11:31:26
00000000-0000-0000-0000-000000000537_072998	00000000-0000-0000-0000-000000000537	72998	too long	2015-02-17 11:30:37
00000000-0000-0000-0000-000000000537_072998	00000000-0000-0000-0000-000000000537	72998	visually stunning	2015-02-17 11:30:33
00000000-0000-0000-0000-000000000537_079132	00000000-0000-0000-0000-000000000537	79132	big budget	2015-02-17 11:29:11
00000000-0000-0000-0000-000000000537_079132	00000000-0000-0000-0000-000000000537	79132	clever	2015-02-17 11:29:02
00000000-0000-0000-0000-000000000537_079132	00000000-0000-0000-0000-000000000537	79132	complicated	2015-02-17 11:28:53
00000000-0000-0000-0000-000000000537_079132	00000000-0000-0000-0000-000000000537	79132	dead wife	2015-02-17 11:30:00
00000000-0000-0000-0000-000000000537_079132	00000000-0000-0000-0000-000000000537	79132	great soundtrack	2015-02-17 11:28:38
00000000-0000-0000-0000-000000000537_079132	00000000-0000-0000-0000-000000000537	79132	heist	2015-02-17 11:29:14
00000000-0000-0000-0000-000000000537_079132	00000000-0000-0000-0000-000000000537	79132	intellectual	2015-02-17 11:29:19
00000000-0000-0000-0000-000000000537_079132	00000000-0000-0000-0000-000000000537	79132	mindfuck	2015-02-17 11:29:45
00000000-0000-0000-0000-000000000537_079132	00000000-0000-0000-0000-000000000537	79132	philosophy	2015-02-17 11:28:44
00000000-0000-0000-0000-000000000537_079132	00000000-0000-0000-0000-000000000537	79132	psychological	2015-02-17 11:29:25
00000000-0000-0000-0000-000000000537_079132	00000000-0000-0000-0000-000000000537	79132	psychology	2015-02-17 11:29:22
00000000-0000-0000-0000-000000000537_079132	00000000-0000-0000-0000-000000000537	79132	suspense	2015-02-17 11:29:04
00000000-0000-0000-0000-000000000537_079132	00000000-0000-0000-0000-000000000537	79132	thought-provoking	2015-02-17 11:28:50
00000000-0000-0000-0000-000000000537_080489	00000000-0000-0000-0000-000000000537	80489	crime	2015-02-17 11:18:03
00000000-0000-0000-0000-000000000537_080489	00000000-0000-0000-0000-000000000537	80489	FBI	2015-02-17 11:18:09
00000000-0000-0000-0000-000000000537_080489	00000000-0000-0000-0000-000000000537	80489	romance	2015-02-17 11:17:01
00000000-0000-0000-0000-000000000537_080489	00000000-0000-0000-0000-000000000537	80489	too much love interest	2015-02-17 11:17:34
00000000-0000-0000-0000-000000000537_080906	00000000-0000-0000-0000-000000000537	80906	business	2015-02-21 04:50:59
00000000-0000-0000-0000-000000000537_080906	00000000-0000-0000-0000-000000000537	80906	corruption	2015-02-21 04:50:48
00000000-0000-0000-0000-000000000537_080906	00000000-0000-0000-0000-000000000537	80906	economics	2015-02-21 04:50:52
00000000-0000-0000-0000-000000000537_080906	00000000-0000-0000-0000-000000000537	80906	investor corruption	2015-02-21 04:50:54
00000000-0000-0000-0000-000000000537_080906	00000000-0000-0000-0000-000000000537	80906	politics	2015-02-21 04:50:49
00000000-0000-0000-0000-000000000537_080906	00000000-0000-0000-0000-000000000537	80906	truth	2015-02-21 04:50:57
00000000-0000-0000-0000-000000000537_089745	00000000-0000-0000-0000-000000000537	89745	Captain America	2015-02-17 11:36:16
00000000-0000-0000-0000-000000000537_089745	00000000-0000-0000-0000-000000000537	89745	silly	2015-02-17 11:36:53
00000000-0000-0000-0000-000000000537_089745	00000000-0000-0000-0000-000000000537	89745	superhero	2015-02-17 11:36:11
00000000-0000-0000-0000-000000000537_089745	00000000-0000-0000-0000-000000000537	89745	superhero team	2015-02-17 11:36:38
00000000-0000-0000-0000-000000000537_090439	00000000-0000-0000-0000-000000000537	90439	bank	2015-02-17 11:44:19
00000000-0000-0000-0000-000000000537_090439	00000000-0000-0000-0000-000000000537	90439	big corporations	2015-02-17 11:04:11
00000000-0000-0000-0000-000000000537_090439	00000000-0000-0000-0000-000000000537	90439	business	2015-02-17 11:03:55
00000000-0000-0000-0000-000000000537_090439	00000000-0000-0000-0000-000000000537	90439	corruption	2015-02-17 11:04:14
00000000-0000-0000-0000-000000000537_090439	00000000-0000-0000-0000-000000000537	90439	financial crisis	2015-02-17 11:04:27
00000000-0000-0000-0000-000000000537_090439	00000000-0000-0000-0000-000000000537	90439	Kevin Spacey	2015-02-17 11:04:05
00000000-0000-0000-0000-000000000537_090439	00000000-0000-0000-0000-000000000537	90439	realistic	2015-02-17 11:04:01
00000000-0000-0000-0000-000000000537_090439	00000000-0000-0000-0000-000000000537	90439	suspense	2015-02-17 11:43:25
00000000-0000-0000-0000-000000000537_090439	00000000-0000-0000-0000-000000000537	90439	Wall Street	2015-02-17 11:44:12
00000000-0000-0000-0000-000000000537_092259	00000000-0000-0000-0000-000000000537	92259	emotional	2015-02-17 11:50:13
00000000-0000-0000-0000-000000000537_092259	00000000-0000-0000-0000-000000000537	92259	sexuality	2015-02-17 11:49:46
00000000-0000-0000-0000-000000000537_095067	00000000-0000-0000-0000-000000000537	95067	interesting scenario	2015-02-17 11:42:12
00000000-0000-0000-0000-000000000537_095441	00000000-0000-0000-0000-000000000537	95441	crude humor	2015-02-17 11:32:38
00000000-0000-0000-0000-000000000537_097304	00000000-0000-0000-0000-000000000537	97304	cia	2015-02-17 11:02:48
00000000-0000-0000-0000-000000000537_097304	00000000-0000-0000-0000-000000000537	97304	politics	2015-02-17 11:03:01
00000000-0000-0000-0000-000000000537_097304	00000000-0000-0000-0000-000000000537	97304	Thrilling	2015-02-17 11:02:40
00000000-0000-0000-0000-000000000537_099114	00000000-0000-0000-0000-000000000537	99114	Soundtrack	2015-02-17 11:33:35
00000000-0000-0000-0000-000000000537_104218	00000000-0000-0000-0000-000000000537	104218	Adam Sandler	2015-02-19 12:41:42
00000000-0000-0000-0000-000000000537_104841	00000000-0000-0000-0000-000000000537	104841	cliche characters	2015-02-17 11:40:13
00000000-0000-0000-0000-000000000537_104841	00000000-0000-0000-0000-000000000537	104841	long shots	2015-02-17 11:40:06
00000000-0000-0000-0000-000000000537_104841	00000000-0000-0000-0000-000000000537	104841	predictable	2015-02-17 11:39:44
00000000-0000-0000-0000-000000000537_104841	00000000-0000-0000-0000-000000000537	104841	Simple	2015-02-17 11:39:54
00000000-0000-0000-0000-000000000537_104841	00000000-0000-0000-0000-000000000537	104841	slow action	2015-02-17 11:40:27
00000000-0000-0000-0000-000000000537_104841	00000000-0000-0000-0000-000000000537	104841	visually appealing	2015-02-17 11:40:38
00000000-0000-0000-0000-000000000537_105504	00000000-0000-0000-0000-000000000537	105504	hostage	2015-02-17 11:46:18
00000000-0000-0000-0000-000000000537_105504	00000000-0000-0000-0000-000000000537	105504	ocean	2015-02-17 11:46:10
00000000-0000-0000-0000-000000000537_105504	00000000-0000-0000-0000-000000000537	105504	suspense	2015-02-17 11:45:49
00000000-0000-0000-0000-000000000537_106782	00000000-0000-0000-0000-000000000537	106782	Stock Market	2015-02-17 12:11:33
00000000-0000-0000-0000-000000000537_106782	00000000-0000-0000-0000-000000000537	106782	Wall Street	2015-02-17 12:11:28
00000000-0000-0000-0000-000000000543_085565	00000000-0000-0000-0000-000000000543	85565	Comedy	2013-08-21 03:07:43
00000000-0000-0000-0000-000000000567_000001	00000000-0000-0000-0000-000000000567	1	fun	2018-05-03 03:33:33
00000000-0000-0000-0000-000000000567_000101	00000000-0000-0000-0000-000000000567	101	off-beat comedy	2018-05-03 03:53:36
00000000-0000-0000-0000-000000000567_000101	00000000-0000-0000-0000-000000000567	101	quirky	2018-05-03 03:53:34
00000000-0000-0000-0000-000000000567_000308	00000000-0000-0000-0000-000000000567	308	cynical	2018-05-03 04:03:18
00000000-0000-0000-0000-000000000567_000356	00000000-0000-0000-0000-000000000567	356	bittersweet	2018-05-03 03:59:05
00000000-0000-0000-0000-000000000567_000356	00000000-0000-0000-0000-000000000567	356	emotional	2018-05-03 03:58:57
00000000-0000-0000-0000-000000000567_000356	00000000-0000-0000-0000-000000000567	356	heartwarming	2018-05-03 03:59:01
00000000-0000-0000-0000-000000000567_000356	00000000-0000-0000-0000-000000000567	356	touching	2018-05-03 03:58:59
00000000-0000-0000-0000-000000000567_000541	00000000-0000-0000-0000-000000000567	541	atmospheric	2018-05-03 03:43:10
00000000-0000-0000-0000-000000000567_000541	00000000-0000-0000-0000-000000000567	541	dreamlike	2018-05-03 03:43:08
00000000-0000-0000-0000-000000000567_000541	00000000-0000-0000-0000-000000000567	541	existentialism	2018-05-03 03:43:03
00000000-0000-0000-0000-000000000567_000541	00000000-0000-0000-0000-000000000567	541	philosophical	2018-05-03 03:43:06
00000000-0000-0000-0000-000000000567_000750	00000000-0000-0000-0000-000000000567	750	black comedy	2018-05-03 04:02:07
00000000-0000-0000-0000-000000000567_000750	00000000-0000-0000-0000-000000000567	750	dark comedy	2018-05-03 04:02:04
00000000-0000-0000-0000-000000000567_000750	00000000-0000-0000-0000-000000000567	750	Quirky	2018-05-03 04:02:09
00000000-0000-0000-0000-000000000567_001203	00000000-0000-0000-0000-000000000567	1203	claustrophobic	2018-05-03 02:54:12
00000000-0000-0000-0000-000000000567_001203	00000000-0000-0000-0000-000000000567	1203	confrontational	2018-05-03 02:53:30
00000000-0000-0000-0000-000000000567_001203	00000000-0000-0000-0000-000000000567	1203	earnest	2018-05-03 02:54:18
00000000-0000-0000-0000-000000000567_001203	00000000-0000-0000-0000-000000000567	1203	good dialogue	2018-05-03 02:53:25
00000000-0000-0000-0000-000000000567_001203	00000000-0000-0000-0000-000000000567	1203	great screenplay	2018-05-03 02:53:32
00000000-0000-0000-0000-000000000567_001203	00000000-0000-0000-0000-000000000567	1203	gritty	2018-05-03 02:53:56
00000000-0000-0000-0000-000000000567_001203	00000000-0000-0000-0000-000000000567	1203	Motivational	2018-05-03 02:53:51
00000000-0000-0000-0000-000000000567_001203	00000000-0000-0000-0000-000000000567	1203	thought-provoking	2018-05-03 02:53:27
00000000-0000-0000-0000-000000000567_001237	00000000-0000-0000-0000-000000000567	1237	atmospheric	2018-05-03 03:42:06
00000000-0000-0000-0000-000000000567_001237	00000000-0000-0000-0000-000000000567	1237	cerebral	2018-05-03 03:42:16
00000000-0000-0000-0000-000000000567_001237	00000000-0000-0000-0000-000000000567	1237	existentialism	2018-05-03 03:42:03
00000000-0000-0000-0000-000000000567_001237	00000000-0000-0000-0000-000000000567	1237	philosophical	2018-05-03 03:42:24
00000000-0000-0000-0000-000000000567_001237	00000000-0000-0000-0000-000000000567	1237	reflective	2018-05-03 03:42:18
00000000-0000-0000-0000-000000000567_001260	00000000-0000-0000-0000-000000000567	1260	atmospheric	2018-05-03 03:27:29
00000000-0000-0000-0000-000000000567_001260	00000000-0000-0000-0000-000000000567	1260	chilly	2018-05-03 03:27:41
00000000-0000-0000-0000-000000000567_001260	00000000-0000-0000-0000-000000000567	1260	creepy	2018-05-03 03:27:47
00000000-0000-0000-0000-000000000567_001260	00000000-0000-0000-0000-000000000567	1260	menacing	2018-05-03 03:27:45
00000000-0000-0000-0000-000000000567_001260	00000000-0000-0000-0000-000000000567	1260	mental illness	2018-05-03 03:27:34
00000000-0000-0000-0000-000000000567_001260	00000000-0000-0000-0000-000000000567	1260	oninous	2018-05-03 03:27:50
00000000-0000-0000-0000-000000000567_001653	00000000-0000-0000-0000-000000000567	1653	intelligent	2018-05-03 03:51:56
00000000-0000-0000-0000-000000000567_001653	00000000-0000-0000-0000-000000000567	1653	thought-provoking	2018-05-03 03:51:58
00000000-0000-0000-0000-000000000567_001704	00000000-0000-0000-0000-000000000567	1704	heartwarming	2018-05-03 03:55:26
00000000-0000-0000-0000-000000000567_001704	00000000-0000-0000-0000-000000000567	1704	inspirational	2018-05-03 03:55:23
00000000-0000-0000-0000-000000000567_001916	00000000-0000-0000-0000-000000000567	1916	avant-garde romantic comedy	2018-05-03 02:42:13
00000000-0000-0000-0000-000000000567_001916	00000000-0000-0000-0000-000000000567	1916	elegiac	2018-05-03 02:42:41
00000000-0000-0000-0000-000000000567_001916	00000000-0000-0000-0000-000000000567	1916	melancholy	2018-05-03 02:42:15
00000000-0000-0000-0000-000000000567_001916	00000000-0000-0000-0000-000000000567	1916	quirky	2018-05-03 02:42:10
00000000-0000-0000-0000-000000000567_001916	00000000-0000-0000-0000-000000000567	1916	wry	2018-05-03 02:42:52
00000000-0000-0000-0000-000000000567_001921	00000000-0000-0000-0000-000000000567	1921	artsy	2018-05-03 03:55:02
00000000-0000-0000-0000-000000000567_001921	00000000-0000-0000-0000-000000000567	1921	atmospheric	2018-05-03 03:54:33
00000000-0000-0000-0000-000000000567_001921	00000000-0000-0000-0000-000000000567	1921	cerebral	2018-05-03 03:54:46
00000000-0000-0000-0000-000000000567_001921	00000000-0000-0000-0000-000000000567	1921	enigmatic	2018-05-03 03:54:49
00000000-0000-0000-0000-000000000567_001921	00000000-0000-0000-0000-000000000567	1921	existentialism	2018-05-03 03:54:35
00000000-0000-0000-0000-000000000567_001921	00000000-0000-0000-0000-000000000567	1921	hallucinatory	2018-05-03 03:54:31
00000000-0000-0000-0000-000000000567_001921	00000000-0000-0000-0000-000000000567	1921	insanity	2018-05-03 03:54:53
00000000-0000-0000-0000-000000000567_001921	00000000-0000-0000-0000-000000000567	1921	paranoia	2018-05-03 03:54:55
00000000-0000-0000-0000-000000000567_001921	00000000-0000-0000-0000-000000000567	1921	paranoid	2018-05-03 03:54:37
00000000-0000-0000-0000-000000000567_001921	00000000-0000-0000-0000-000000000567	1921	surreal	2018-05-03 03:54:41
00000000-0000-0000-0000-000000000567_001921	00000000-0000-0000-0000-000000000567	1921	tense	2018-05-03 03:54:45
00000000-0000-0000-0000-000000000567_001921	00000000-0000-0000-0000-000000000567	1921	visually appealing	2018-05-03 03:54:43
00000000-0000-0000-0000-000000000567_002138	00000000-0000-0000-0000-000000000567	2138	atmospheric	2018-05-03 02:56:00
00000000-0000-0000-0000-000000000567_002138	00000000-0000-0000-0000-000000000567	2138	beautiful	2018-05-03 02:55:52
00000000-0000-0000-0000-000000000567_002324	00000000-0000-0000-0000-000000000567	2324	bittersweet	2018-05-03 03:29:49
00000000-0000-0000-0000-000000000567_002324	00000000-0000-0000-0000-000000000567	2324	emotional	2018-05-03 03:29:51
00000000-0000-0000-0000-000000000567_002324	00000000-0000-0000-0000-000000000567	2324	Heartwarming	2018-05-03 03:29:55
00000000-0000-0000-0000-000000000567_002324	00000000-0000-0000-0000-000000000567	2324	poignant	2018-05-03 03:30:00
00000000-0000-0000-0000-000000000567_002324	00000000-0000-0000-0000-000000000567	2324	sentimental	2018-05-03 03:29:53
00000000-0000-0000-0000-000000000567_002324	00000000-0000-0000-0000-000000000567	2324	tear jerker	2018-05-03 03:29:57
00000000-0000-0000-0000-000000000567_002324	00000000-0000-0000-0000-000000000567	2324	tearjerking	2018-05-03 03:29:47
00000000-0000-0000-0000-000000000567_002731	00000000-0000-0000-0000-000000000567	2731	emotional	2018-05-03 03:29:21
00000000-0000-0000-0000-000000000567_002731	00000000-0000-0000-0000-000000000567	2731	gentle	2018-05-03 03:29:28
00000000-0000-0000-0000-000000000567_002731	00000000-0000-0000-0000-000000000567	2731	heartwarming	2018-05-03 03:29:30
00000000-0000-0000-0000-000000000567_002731	00000000-0000-0000-0000-000000000567	2731	lyrical	2018-05-03 03:29:23
00000000-0000-0000-0000-000000000567_002731	00000000-0000-0000-0000-000000000567	2731	reflective	2018-05-03 03:29:13
00000000-0000-0000-0000-000000000567_003134	00000000-0000-0000-0000-000000000567	3134	downbeat	2018-05-03 04:00:34
00000000-0000-0000-0000-000000000567_003134	00000000-0000-0000-0000-000000000567	3134	poignant	2018-05-03 04:00:36
00000000-0000-0000-0000-000000000567_003266	00000000-0000-0000-0000-000000000567	3266	black comedy	2018-05-03 02:43:24
00000000-0000-0000-0000-000000000567_003266	00000000-0000-0000-0000-000000000567	3266	crazy	2018-05-03 02:43:22
00000000-0000-0000-0000-000000000567_003266	00000000-0000-0000-0000-000000000567	3266	dark	2018-05-03 02:43:19
00000000-0000-0000-0000-000000000567_003266	00000000-0000-0000-0000-000000000567	3266	dark comedy	2018-05-03 02:43:15
00000000-0000-0000-0000-000000000567_003266	00000000-0000-0000-0000-000000000567	3266	dark humor	2018-05-03 02:43:28
00000000-0000-0000-0000-000000000567_003266	00000000-0000-0000-0000-000000000567	3266	serial killer	2018-05-03 02:43:32
00000000-0000-0000-0000-000000000567_003424	00000000-0000-0000-0000-000000000567	3424	great cinematography	2018-05-03 03:01:36
00000000-0000-0000-0000-000000000567_003671	00000000-0000-0000-0000-000000000567	3671	dark humor	2018-05-03 02:46:55
00000000-0000-0000-0000-000000000567_003671	00000000-0000-0000-0000-000000000567	3671	easygoing	2018-05-03 02:47:07
00000000-0000-0000-0000-000000000567_003671	00000000-0000-0000-0000-000000000567	3671	silly	2018-05-03 02:47:05
00000000-0000-0000-0000-000000000567_003676	00000000-0000-0000-0000-000000000567	3676	art house	2018-05-03 02:40:58
00000000-0000-0000-0000-000000000567_003676	00000000-0000-0000-0000-000000000567	3676	Atmospheric	2018-05-03 02:40:43
00000000-0000-0000-0000-000000000567_003676	00000000-0000-0000-0000-000000000567	3676	creepy	2018-05-03 02:40:42
00000000-0000-0000-0000-000000000567_003676	00000000-0000-0000-0000-000000000567	3676	cryptic	2018-05-03 02:40:31
00000000-0000-0000-0000-000000000567_003676	00000000-0000-0000-0000-000000000567	3676	dark	2018-05-03 02:41:00
00000000-0000-0000-0000-000000000567_003676	00000000-0000-0000-0000-000000000567	3676	disturbing	2018-05-03 02:40:40
00000000-0000-0000-0000-000000000567_003676	00000000-0000-0000-0000-000000000567	3676	dreamlike	2018-05-03 02:40:45
00000000-0000-0000-0000-000000000567_003676	00000000-0000-0000-0000-000000000567	3676	enigmatic	2018-05-03 02:40:38
00000000-0000-0000-0000-000000000567_003676	00000000-0000-0000-0000-000000000567	3676	fucked up	2018-05-03 02:41:06
00000000-0000-0000-0000-000000000567_003676	00000000-0000-0000-0000-000000000567	3676	gruesome	2018-05-03 02:41:03
00000000-0000-0000-0000-000000000567_003676	00000000-0000-0000-0000-000000000567	3676	hallucinatory	2018-05-03 02:40:48
00000000-0000-0000-0000-000000000567_003676	00000000-0000-0000-0000-000000000567	3676	Insane	2018-05-03 02:40:56
00000000-0000-0000-0000-000000000567_003676	00000000-0000-0000-0000-000000000567	3676	paranoid	2018-05-03 02:41:08
00000000-0000-0000-0000-000000000567_003676	00000000-0000-0000-0000-000000000567	3676	strange	2018-05-03 02:40:54
00000000-0000-0000-0000-000000000567_003676	00000000-0000-0000-0000-000000000567	3676	surreal	2018-05-03 02:40:28
00000000-0000-0000-0000-000000000567_003676	00000000-0000-0000-0000-000000000567	3676	weird	2018-05-03 02:40:51
00000000-0000-0000-0000-000000000567_003994	00000000-0000-0000-0000-000000000567	3994	atmospheric	2018-05-03 03:24:58
00000000-0000-0000-0000-000000000567_003994	00000000-0000-0000-0000-000000000567	3994	somber	2018-05-03 03:25:03
00000000-0000-0000-0000-000000000567_004144	00000000-0000-0000-0000-000000000567	4144	atmospheric	2018-05-03 02:52:04
00000000-0000-0000-0000-000000000567_004144	00000000-0000-0000-0000-000000000567	4144	Beautiful	2018-05-03 02:52:46
00000000-0000-0000-0000-000000000567_004144	00000000-0000-0000-0000-000000000567	4144	bittersweet	2018-05-03 02:52:43
00000000-0000-0000-0000-000000000567_004144	00000000-0000-0000-0000-000000000567	4144	dreamy	2018-05-03 02:52:37
00000000-0000-0000-0000-000000000567_004144	00000000-0000-0000-0000-000000000567	4144	elegant	2018-05-03 02:52:09
00000000-0000-0000-0000-000000000567_004144	00000000-0000-0000-0000-000000000567	4144	heartbreaking	2018-05-03 02:52:20
00000000-0000-0000-0000-000000000567_004144	00000000-0000-0000-0000-000000000567	4144	intimate	2018-05-03 02:52:15
00000000-0000-0000-0000-000000000567_004144	00000000-0000-0000-0000-000000000567	4144	loneliness	2018-05-03 02:52:07
00000000-0000-0000-0000-000000000567_004144	00000000-0000-0000-0000-000000000567	4144	long takes	2018-05-03 02:52:52
00000000-0000-0000-0000-000000000567_004144	00000000-0000-0000-0000-000000000567	4144	longing	2018-05-03 02:52:22
00000000-0000-0000-0000-000000000567_004144	00000000-0000-0000-0000-000000000567	4144	melancholic	2018-05-03 02:52:06
00000000-0000-0000-0000-000000000567_004144	00000000-0000-0000-0000-000000000567	4144	melancholy	2018-05-03 02:52:11
00000000-0000-0000-0000-000000000567_004144	00000000-0000-0000-0000-000000000567	4144	moody	2018-05-03 02:52:13
00000000-0000-0000-0000-000000000567_004144	00000000-0000-0000-0000-000000000567	4144	nocturnal	2018-05-03 02:52:17
00000000-0000-0000-0000-000000000567_004144	00000000-0000-0000-0000-000000000567	4144	romantic	2018-05-03 02:52:48
00000000-0000-0000-0000-000000000567_004144	00000000-0000-0000-0000-000000000567	4144	Unique	2018-05-03 02:52:40
00000000-0000-0000-0000-000000000567_004144	00000000-0000-0000-0000-000000000567	4144	visually appealing	2018-05-03 02:52:24
00000000-0000-0000-0000-000000000567_004144	00000000-0000-0000-0000-000000000567	4144	visually stunning	2018-05-03 02:52:30
00000000-0000-0000-0000-000000000567_004226	00000000-0000-0000-0000-000000000567	4226	cerebral	2018-05-03 02:35:41
00000000-0000-0000-0000-000000000567_004226	00000000-0000-0000-0000-000000000567	4226	dreamlike	2018-05-03 02:35:45
00000000-0000-0000-0000-000000000567_004552	00000000-0000-0000-0000-000000000567	4552	"""artsy"""	2018-05-03 03:31:18
00000000-0000-0000-0000-000000000567_004552	00000000-0000-0000-0000-000000000567	4552	atmospheric	2018-05-03 03:31:14
00000000-0000-0000-0000-000000000567_004552	00000000-0000-0000-0000-000000000567	4552	gritty	2018-05-03 03:31:20
00000000-0000-0000-0000-000000000567_004552	00000000-0000-0000-0000-000000000567	4552	hallucinatory	2018-05-03 03:31:15
00000000-0000-0000-0000-000000000567_004552	00000000-0000-0000-0000-000000000567	4552	surreal	2018-05-03 03:31:05
00000000-0000-0000-0000-000000000567_004552	00000000-0000-0000-0000-000000000567	4552	visually stunning	2018-05-03 03:31:12
00000000-0000-0000-0000-000000000567_004878	00000000-0000-0000-0000-000000000567	4878	atmospheric	2018-05-03 02:36:21
00000000-0000-0000-0000-000000000567_004878	00000000-0000-0000-0000-000000000567	4878	cerebral	2018-05-03 02:36:33
00000000-0000-0000-0000-000000000567_004878	00000000-0000-0000-0000-000000000567	4878	dreamlike	2018-05-03 02:36:17
00000000-0000-0000-0000-000000000567_004878	00000000-0000-0000-0000-000000000567	4878	enigmatic	2018-05-03 02:36:38
00000000-0000-0000-0000-000000000567_004878	00000000-0000-0000-0000-000000000567	4878	hallucinatory	2018-05-03 02:36:30
00000000-0000-0000-0000-000000000567_004878	00000000-0000-0000-0000-000000000567	4878	mental illness	2018-05-03 02:36:19
00000000-0000-0000-0000-000000000567_004878	00000000-0000-0000-0000-000000000567	4878	mindfuck	2018-05-03 02:36:42
00000000-0000-0000-0000-000000000567_004878	00000000-0000-0000-0000-000000000567	4878	philosophy	2018-05-03 02:36:23
00000000-0000-0000-0000-000000000567_004878	00000000-0000-0000-0000-000000000567	4878	psychological	2018-05-03 02:36:35
00000000-0000-0000-0000-000000000567_004878	00000000-0000-0000-0000-000000000567	4878	quirky	2018-05-03 02:36:28
00000000-0000-0000-0000-000000000567_004878	00000000-0000-0000-0000-000000000567	4878	surreal	2018-05-03 02:36:11
00000000-0000-0000-0000-000000000567_004878	00000000-0000-0000-0000-000000000567	4878	thought-provoking	2018-05-03 02:36:13
00000000-0000-0000-0000-000000000567_004878	00000000-0000-0000-0000-000000000567	4878	weird	2018-05-03 02:36:25
00000000-0000-0000-0000-000000000567_005673	00000000-0000-0000-0000-000000000567	5673	anger	2018-05-03 02:37:28
00000000-0000-0000-0000-000000000567_005673	00000000-0000-0000-0000-000000000567	5673	awkward	2018-05-03 02:37:15
00000000-0000-0000-0000-000000000567_005673	00000000-0000-0000-0000-000000000567	5673	bittersweet	2018-05-03 02:37:07
00000000-0000-0000-0000-000000000567_005673	00000000-0000-0000-0000-000000000567	5673	hallucinatory	2018-05-03 02:37:30
00000000-0000-0000-0000-000000000567_005673	00000000-0000-0000-0000-000000000567	5673	quirky	2018-05-03 02:37:09
00000000-0000-0000-0000-000000000567_005673	00000000-0000-0000-0000-000000000567	5673	sad	2018-05-03 02:37:26
00000000-0000-0000-0000-000000000567_005673	00000000-0000-0000-0000-000000000567	5673	surreal	2018-05-03 02:37:34
00000000-0000-0000-0000-000000000567_005673	00000000-0000-0000-0000-000000000567	5673	symbolism	2018-05-03 02:37:32
00000000-0000-0000-0000-000000000567_005673	00000000-0000-0000-0000-000000000567	5673	tense	2018-05-03 02:37:11
00000000-0000-0000-0000-000000000567_005673	00000000-0000-0000-0000-000000000567	5673	unconventional	2018-05-03 02:36:56
00000000-0000-0000-0000-000000000567_005673	00000000-0000-0000-0000-000000000567	5673	unique	2018-05-03 02:37:17
00000000-0000-0000-0000-000000000567_005673	00000000-0000-0000-0000-000000000567	5673	wistful	2018-05-03 02:37:23
00000000-0000-0000-0000-000000000567_005690	00000000-0000-0000-0000-000000000567	5690	beautiful	2018-05-03 02:56:39
00000000-0000-0000-0000-000000000567_005690	00000000-0000-0000-0000-000000000567	5690	downbeat	2018-05-03 02:56:41
00000000-0000-0000-0000-000000000567_005690	00000000-0000-0000-0000-000000000567	5690	grim	2018-05-03 02:56:37
00000000-0000-0000-0000-000000000567_005690	00000000-0000-0000-0000-000000000567	5690	poignant	2018-05-03 02:56:28
00000000-0000-0000-0000-000000000567_005690	00000000-0000-0000-0000-000000000567	5690	tear jerker	2018-05-03 02:56:44
00000000-0000-0000-0000-000000000567_005690	00000000-0000-0000-0000-000000000567	5690	tragedy	2018-05-03 02:56:35
00000000-0000-0000-0000-000000000567_005690	00000000-0000-0000-0000-000000000567	5690	tragic	2018-05-03 02:56:49
00000000-0000-0000-0000-000000000567_006214	00000000-0000-0000-0000-000000000567	6214	dark	2018-05-03 02:49:51
00000000-0000-0000-0000-000000000567_006214	00000000-0000-0000-0000-000000000567	6214	disturbing	2018-05-03 02:49:43
00000000-0000-0000-0000-000000000567_006291	00000000-0000-0000-0000-000000000567	6291	Depressing	2018-05-03 03:50:38
00000000-0000-0000-0000-000000000567_006291	00000000-0000-0000-0000-000000000567	6291	melancholy	2018-05-03 03:50:40
00000000-0000-0000-0000-000000000567_006291	00000000-0000-0000-0000-000000000567	6291	sad	2018-05-03 03:50:50
00000000-0000-0000-0000-000000000567_006377	00000000-0000-0000-0000-000000000567	6377	heartwarming	2018-05-03 03:45:42
00000000-0000-0000-0000-000000000567_006669	00000000-0000-0000-0000-000000000567	6669	meditative	2018-05-03 03:36:58
00000000-0000-0000-0000-000000000567_006669	00000000-0000-0000-0000-000000000567	6669	philosophical	2018-05-03 03:36:54
00000000-0000-0000-0000-000000000567_006669	00000000-0000-0000-0000-000000000567	6669	poignant	2018-05-03 03:37:00
00000000-0000-0000-0000-000000000567_006669	00000000-0000-0000-0000-000000000567	6669	purposefulness	2018-05-03 03:36:56
00000000-0000-0000-0000-000000000567_006818	00000000-0000-0000-0000-000000000567	6818	atmospheric	2018-05-03 02:32:12
00000000-0000-0000-0000-000000000567_006818	00000000-0000-0000-0000-000000000567	6818	bleak	2018-05-03 02:32:13
00000000-0000-0000-0000-000000000567_006818	00000000-0000-0000-0000-000000000567	6818	disturbing	2018-05-03 02:32:17
00000000-0000-0000-0000-000000000567_006818	00000000-0000-0000-0000-000000000567	6818	gritty	2018-05-03 02:32:20
00000000-0000-0000-0000-000000000567_006818	00000000-0000-0000-0000-000000000567	6818	harsh	2018-05-03 02:32:15
00000000-0000-0000-0000-000000000567_007024	00000000-0000-0000-0000-000000000567	7024	bleak	2018-05-03 02:59:50
00000000-0000-0000-0000-000000000567_007024	00000000-0000-0000-0000-000000000567	7024	confrontational	2018-05-03 03:00:16
00000000-0000-0000-0000-000000000567_007024	00000000-0000-0000-0000-000000000567	7024	disturbing	2018-05-03 02:59:35
00000000-0000-0000-0000-000000000567_007024	00000000-0000-0000-0000-000000000567	7024	harsh	2018-05-03 02:59:47
00000000-0000-0000-0000-000000000567_007024	00000000-0000-0000-0000-000000000567	7024	haunting	2018-05-03 03:00:09
00000000-0000-0000-0000-000000000567_007024	00000000-0000-0000-0000-000000000567	7024	inhumane	2018-05-03 03:00:13
00000000-0000-0000-0000-000000000567_007024	00000000-0000-0000-0000-000000000567	7024	thought-provoking	2018-05-03 02:59:39
00000000-0000-0000-0000-000000000567_007361	00000000-0000-0000-0000-000000000567	7361	arthouse	2018-05-03 02:39:04
00000000-0000-0000-0000-000000000567_007361	00000000-0000-0000-0000-000000000567	7361	artistic	2018-05-03 02:39:11
00000000-0000-0000-0000-000000000567_007361	00000000-0000-0000-0000-000000000567	7361	atmospheric	2018-05-03 02:38:51
00000000-0000-0000-0000-000000000567_007361	00000000-0000-0000-0000-000000000567	7361	beautiful	2018-05-03 02:37:50
00000000-0000-0000-0000-000000000567_007361	00000000-0000-0000-0000-000000000567	7361	bittersweet	2018-05-03 02:37:57
00000000-0000-0000-0000-000000000567_007361	00000000-0000-0000-0000-000000000567	7361	colourful	2018-05-03 02:38:16
00000000-0000-0000-0000-000000000567_007361	00000000-0000-0000-0000-000000000567	7361	comedy	2018-05-03 02:38:21
00000000-0000-0000-0000-000000000567_007361	00000000-0000-0000-0000-000000000567	7361	dreamlike	2018-05-03 02:38:01
00000000-0000-0000-0000-000000000567_007361	00000000-0000-0000-0000-000000000567	7361	emotional	2018-05-03 02:37:47
00000000-0000-0000-0000-000000000567_007361	00000000-0000-0000-0000-000000000567	7361	feel-good	2018-05-03 02:39:46
00000000-0000-0000-0000-000000000567_007361	00000000-0000-0000-0000-000000000567	7361	happpiness	2018-05-03 02:38:55
00000000-0000-0000-0000-000000000567_007361	00000000-0000-0000-0000-000000000567	7361	humane	2018-05-03 02:40:11
00000000-0000-0000-0000-000000000567_007361	00000000-0000-0000-0000-000000000567	7361	insightful	2018-05-03 02:38:44
00000000-0000-0000-0000-000000000567_007361	00000000-0000-0000-0000-000000000567	7361	intelligent	2018-05-03 02:39:06
00000000-0000-0000-0000-000000000567_007361	00000000-0000-0000-0000-000000000567	7361	lovely	2018-05-03 02:38:57
00000000-0000-0000-0000-000000000567_007361	00000000-0000-0000-0000-000000000567	7361	melancholy	2018-05-03 02:38:12
00000000-0000-0000-0000-000000000567_007361	00000000-0000-0000-0000-000000000567	7361	mind-bending	2018-05-03 02:38:48
00000000-0000-0000-0000-000000000567_007361	00000000-0000-0000-0000-000000000567	7361	philosophy	2018-05-03 02:37:53
00000000-0000-0000-0000-000000000567_007361	00000000-0000-0000-0000-000000000567	7361	quirky	2018-05-03 02:38:07
00000000-0000-0000-0000-000000000567_007361	00000000-0000-0000-0000-000000000567	7361	quirky romantic	2018-05-03 02:38:35
00000000-0000-0000-0000-000000000567_007361	00000000-0000-0000-0000-000000000567	7361	romantic	2018-05-03 02:38:14
00000000-0000-0000-0000-000000000567_007361	00000000-0000-0000-0000-000000000567	7361	surreal	2018-05-03 02:38:24
00000000-0000-0000-0000-000000000567_007361	00000000-0000-0000-0000-000000000567	7361	surrealism	2018-05-03 02:38:03
00000000-0000-0000-0000-000000000567_007361	00000000-0000-0000-0000-000000000567	7361	thought-provoking	2018-05-03 02:38:09
00000000-0000-0000-0000-000000000567_008335	00000000-0000-0000-0000-000000000567	8335	heartbreaking	2018-05-03 03:29:06
00000000-0000-0000-0000-000000000567_008477	00000000-0000-0000-0000-000000000567	8477	post-apocalyptic	2018-05-03 02:34:37
00000000-0000-0000-0000-000000000567_025771	00000000-0000-0000-0000-000000000567	25771	mindfuck	2018-05-03 02:34:29
00000000-0000-0000-0000-000000000567_025771	00000000-0000-0000-0000-000000000567	25771	surreal	2018-05-03 02:34:24
00000000-0000-0000-0000-000000000567_025771	00000000-0000-0000-0000-000000000567	25771	surrealism	2018-05-03 02:34:26
00000000-0000-0000-0000-000000000567_026717	00000000-0000-0000-0000-000000000567	26717	boring	2018-05-03 03:31:32
00000000-0000-0000-0000-000000000567_026717	00000000-0000-0000-0000-000000000567	26717	psychedelic	2018-05-03 03:31:34
00000000-0000-0000-0000-000000000567_026717	00000000-0000-0000-0000-000000000567	26717	symbolic	2018-05-03 03:31:36
00000000-0000-0000-0000-000000000567_027773	00000000-0000-0000-0000-000000000567	27773	bizarre	2018-05-03 02:48:31
00000000-0000-0000-0000-000000000567_027773	00000000-0000-0000-0000-000000000567	27773	claustrophobic	2018-05-03 02:48:37
00000000-0000-0000-0000-000000000567_027773	00000000-0000-0000-0000-000000000567	27773	depressing	2018-05-03 02:48:23
00000000-0000-0000-0000-000000000567_027773	00000000-0000-0000-0000-000000000567	27773	disturbing	2018-05-03 02:48:26
00000000-0000-0000-0000-000000000567_027773	00000000-0000-0000-0000-000000000567	27773	hallucinatory	2018-05-03 02:48:24
00000000-0000-0000-0000-000000000567_027773	00000000-0000-0000-0000-000000000567	27773	paranoid	2018-05-03 02:48:38
00000000-0000-0000-0000-000000000567_027773	00000000-0000-0000-0000-000000000567	27773	surreal	2018-05-03 02:48:33
00000000-0000-0000-0000-000000000567_027773	00000000-0000-0000-0000-000000000567	27773	twisted	2018-05-03 02:48:59
00000000-0000-0000-0000-000000000567_030810	00000000-0000-0000-0000-000000000567	30810	heartwarming	2018-05-03 03:00:57
00000000-0000-0000-0000-000000000567_030810	00000000-0000-0000-0000-000000000567	30810	off-beat comedy	2018-05-03 03:00:48
00000000-0000-0000-0000-000000000567_030810	00000000-0000-0000-0000-000000000567	30810	quirky	2018-05-03 03:00:31
00000000-0000-0000-0000-000000000567_030810	00000000-0000-0000-0000-000000000567	30810	trippy	2018-05-03 03:01:07
00000000-0000-0000-0000-000000000567_030810	00000000-0000-0000-0000-000000000567	30810	visually appealing	2018-05-03 03:00:41
00000000-0000-0000-0000-000000000567_030810	00000000-0000-0000-0000-000000000567	30810	whimsical	2018-05-03 03:00:34
00000000-0000-0000-0000-000000000567_040491	00000000-0000-0000-0000-000000000567	40491	depression	2018-05-03 02:33:04
00000000-0000-0000-0000-000000000567_045880	00000000-0000-0000-0000-000000000567	45880	cinematography	2018-05-03 03:55:47
00000000-0000-0000-0000-000000000567_045880	00000000-0000-0000-0000-000000000567	45880	lyrical	2018-05-03 03:55:51
00000000-0000-0000-0000-000000000567_048394	00000000-0000-0000-0000-000000000567	48394	atmospheric	2018-05-03 03:47:04
00000000-0000-0000-0000-000000000567_048394	00000000-0000-0000-0000-000000000567	48394	bittersweet	2018-05-03 03:47:10
00000000-0000-0000-0000-000000000567_048394	00000000-0000-0000-0000-000000000567	48394	visually appealing	2018-05-03 03:47:07
00000000-0000-0000-0000-000000000567_048780	00000000-0000-0000-0000-000000000567	48780	atmospheric	2018-05-03 03:41:10
00000000-0000-0000-0000-000000000567_048780	00000000-0000-0000-0000-000000000567	48780	enigmatic	2018-05-03 03:41:08
00000000-0000-0000-0000-000000000567_050872	00000000-0000-0000-0000-000000000567	50872	clever	2018-05-03 02:58:05
00000000-0000-0000-0000-000000000567_050872	00000000-0000-0000-0000-000000000567	50872	inspirational	2018-05-03 02:58:08
00000000-0000-0000-0000-000000000567_056782	00000000-0000-0000-0000-000000000567	56782	atmospheric	2018-05-03 02:47:28
00000000-0000-0000-0000-000000000567_056782	00000000-0000-0000-0000-000000000567	56782	cerebral	2018-05-03 02:47:19
00000000-0000-0000-0000-000000000567_056782	00000000-0000-0000-0000-000000000567	56782	character study	2018-05-03 02:48:08
00000000-0000-0000-0000-000000000567_056782	00000000-0000-0000-0000-000000000567	56782	gritty	2018-05-03 02:47:22
00000000-0000-0000-0000-000000000567_056782	00000000-0000-0000-0000-000000000567	56782	intense	2018-05-03 02:47:25
00000000-0000-0000-0000-000000000567_056782	00000000-0000-0000-0000-000000000567	56782	long shots	2018-05-03 02:47:33
00000000-0000-0000-0000-000000000567_056782	00000000-0000-0000-0000-000000000567	56782	morality	2018-05-03 02:47:48
00000000-0000-0000-0000-000000000567_056782	00000000-0000-0000-0000-000000000567	56782	visually appealing	2018-05-03 02:47:16
00000000-0000-0000-0000-000000000567_057502	00000000-0000-0000-0000-000000000567	57502	abstract	2018-05-03 03:26:06
00000000-0000-0000-0000-000000000567_057502	00000000-0000-0000-0000-000000000567	57502	dark	2018-05-03 03:26:07
00000000-0000-0000-0000-000000000567_057502	00000000-0000-0000-0000-000000000567	57502	psychedelic	2018-05-03 03:26:01
00000000-0000-0000-0000-000000000567_057502	00000000-0000-0000-0000-000000000567	57502	surreal	2018-05-03 03:25:58
00000000-0000-0000-0000-000000000567_058301	00000000-0000-0000-0000-000000000567	58301	dark	2018-05-03 02:49:16
00000000-0000-0000-0000-000000000567_058301	00000000-0000-0000-0000-000000000567	58301	dark humor	2018-05-03 02:49:20
00000000-0000-0000-0000-000000000567_058301	00000000-0000-0000-0000-000000000567	58301	intelligent	2018-05-03 02:49:18
00000000-0000-0000-0000-000000000567_058301	00000000-0000-0000-0000-000000000567	58301	thought-provoking	2018-05-03 02:49:27
00000000-0000-0000-0000-000000000567_058559	00000000-0000-0000-0000-000000000567	58559	dark	2018-05-03 03:26:34
00000000-0000-0000-0000-000000000567_058559	00000000-0000-0000-0000-000000000567	58559	gritty	2018-05-03 03:26:41
00000000-0000-0000-0000-000000000567_063062	00000000-0000-0000-0000-000000000567	63062	emotional	2018-05-03 03:36:34
00000000-0000-0000-0000-000000000567_068954	00000000-0000-0000-0000-000000000567	68954	bittersweet	2018-05-03 03:45:58
00000000-0000-0000-0000-000000000567_068954	00000000-0000-0000-0000-000000000567	68954	emotional	2018-05-03 03:45:59
00000000-0000-0000-0000-000000000567_068954	00000000-0000-0000-0000-000000000567	68954	heartbreaking	2018-05-03 03:45:55
00000000-0000-0000-0000-000000000567_068954	00000000-0000-0000-0000-000000000567	68954	touching	2018-05-03 03:46:02
00000000-0000-0000-0000-000000000567_071899	00000000-0000-0000-0000-000000000567	71899	bittersweet	2018-05-03 02:44:04
00000000-0000-0000-0000-000000000567_071899	00000000-0000-0000-0000-000000000567	71899	black comedy	2018-05-03 02:44:10
00000000-0000-0000-0000-000000000567_071899	00000000-0000-0000-0000-000000000567	71899	character study	2018-05-03 02:43:56
00000000-0000-0000-0000-000000000567_071899	00000000-0000-0000-0000-000000000567	71899	dark comedy	2018-05-03 02:43:53
00000000-0000-0000-0000-000000000567_071899	00000000-0000-0000-0000-000000000567	71899	friendship	2018-05-03 02:43:49
00000000-0000-0000-0000-000000000567_071899	00000000-0000-0000-0000-000000000567	71899	loneliness	2018-05-03 02:43:59
00000000-0000-0000-0000-000000000567_071899	00000000-0000-0000-0000-000000000567	71899	mental illness	2018-05-03 02:43:51
00000000-0000-0000-0000-000000000567_071899	00000000-0000-0000-0000-000000000567	71899	philosophical	2018-05-03 02:43:54
00000000-0000-0000-0000-000000000567_071899	00000000-0000-0000-0000-000000000567	71899	poignant	2018-05-03 02:44:03
00000000-0000-0000-0000-000000000567_071899	00000000-0000-0000-0000-000000000567	71899	quirky	2018-05-03 02:44:08
00000000-0000-0000-0000-000000000567_071899	00000000-0000-0000-0000-000000000567	71899	sad	2018-05-03 02:44:01
00000000-0000-0000-0000-000000000567_071899	00000000-0000-0000-0000-000000000567	71899	sweet	2018-05-03 02:44:12
00000000-0000-0000-0000-000000000567_071899	00000000-0000-0000-0000-000000000567	71899	touching	2018-05-03 02:43:47
00000000-0000-0000-0000-000000000567_074791	00000000-0000-0000-0000-000000000567	74791	surreal	2018-05-03 03:35:12
00000000-0000-0000-0000-000000000567_074791	00000000-0000-0000-0000-000000000567	74791	whimsical	2018-05-03 03:35:10
00000000-0000-0000-0000-000000000567_079132	00000000-0000-0000-0000-000000000567	79132	cerebral	2018-05-03 03:56:30
00000000-0000-0000-0000-000000000567_079132	00000000-0000-0000-0000-000000000567	79132	dreamlike	2018-05-03 03:56:23
00000000-0000-0000-0000-000000000567_079132	00000000-0000-0000-0000-000000000567	79132	philosophy	2018-05-03 03:56:25
00000000-0000-0000-0000-000000000567_079132	00000000-0000-0000-0000-000000000567	79132	thought-provoking	2018-05-03 03:56:20
00000000-0000-0000-0000-000000000567_080463	00000000-0000-0000-0000-000000000567	80463	good dialogue	2018-05-03 03:39:07
00000000-0000-0000-0000-000000000567_080463	00000000-0000-0000-0000-000000000567	80463	loneliness	2018-05-03 03:38:45
00000000-0000-0000-0000-000000000567_080463	00000000-0000-0000-0000-000000000567	80463	witty	2018-05-03 03:38:37
00000000-0000-0000-0000-000000000567_089745	00000000-0000-0000-0000-000000000567	89745	fun	2018-05-03 03:25:37
00000000-0000-0000-0000-000000000567_089745	00000000-0000-0000-0000-000000000567	89745	great humor	2018-05-03 03:25:34
00000000-0000-0000-0000-000000000567_089745	00000000-0000-0000-0000-000000000567	89745	visually appealing	2018-05-03 03:25:32
00000000-0000-0000-0000-000000000567_094959	00000000-0000-0000-0000-000000000567	94959	quirky	2018-05-03 03:39:20
00000000-0000-0000-0000-000000000567_095558	00000000-0000-0000-0000-000000000567	95558	Beautiful	2018-05-03 03:58:24
00000000-0000-0000-0000-000000000567_095558	00000000-0000-0000-0000-000000000567	95558	emotional	2018-05-03 03:58:19
00000000-0000-0000-0000-000000000567_095558	00000000-0000-0000-0000-000000000567	95558	poetic	2018-05-03 03:58:26
00000000-0000-0000-0000-000000000567_096079	00000000-0000-0000-0000-000000000567	96079	beautiful cinematography	2018-05-03 03:56:02
00000000-0000-0000-0000-000000000567_096079	00000000-0000-0000-0000-000000000567	96079	beautifully filmed	2018-05-03 03:56:04
00000000-0000-0000-0000-000000000567_096079	00000000-0000-0000-0000-000000000567	96079	cinematography	2018-05-03 03:56:06
00000000-0000-0000-0000-000000000567_099764	00000000-0000-0000-0000-000000000567	99764	moving	2018-05-03 02:34:13
00000000-0000-0000-0000-000000000567_099764	00000000-0000-0000-0000-000000000567	99764	philosopical	2018-05-03 02:34:11
00000000-0000-0000-0000-000000000567_099764	00000000-0000-0000-0000-000000000567	99764	surreal	2018-05-03 02:34:16
00000000-0000-0000-0000-000000000567_099764	00000000-0000-0000-0000-000000000567	99764	weird	2018-05-03 02:34:15
00000000-0000-0000-0000-000000000567_099917	00000000-0000-0000-0000-000000000567	99917	artistic	2018-05-03 03:44:03
00000000-0000-0000-0000-000000000567_099917	00000000-0000-0000-0000-000000000567	99917	artsy	2018-05-03 03:44:14
00000000-0000-0000-0000-000000000567_099917	00000000-0000-0000-0000-000000000567	99917	atmospheric	2018-05-03 03:44:12
00000000-0000-0000-0000-000000000567_099917	00000000-0000-0000-0000-000000000567	99917	Beautiful	2018-05-03 03:44:05
00000000-0000-0000-0000-000000000567_099917	00000000-0000-0000-0000-000000000567	99917	dreamlike	2018-05-03 03:44:09
00000000-0000-0000-0000-000000000567_099917	00000000-0000-0000-0000-000000000567	99917	existentialism	2018-05-03 03:44:07
00000000-0000-0000-0000-000000000567_104875	00000000-0000-0000-0000-000000000567	104875	quirky	2018-05-03 03:31:53
00000000-0000-0000-0000-000000000567_104944	00000000-0000-0000-0000-000000000567	104944	emotional	2018-05-03 03:33:02
00000000-0000-0000-0000-000000000567_104944	00000000-0000-0000-0000-000000000567	104944	feel-good	2018-05-03 03:32:55
00000000-0000-0000-0000-000000000567_104944	00000000-0000-0000-0000-000000000567	104944	heartwarming	2018-05-03 03:33:04
00000000-0000-0000-0000-000000000567_104944	00000000-0000-0000-0000-000000000567	104944	mental illness	2018-05-03 03:33:10
00000000-0000-0000-0000-000000000567_104944	00000000-0000-0000-0000-000000000567	104944	touching	2018-05-03 03:32:53
00000000-0000-0000-0000-000000000567_105504	00000000-0000-0000-0000-000000000567	105504	suspense	2018-05-03 03:48:50
00000000-0000-0000-0000-000000000567_105504	00000000-0000-0000-0000-000000000567	105504	tense	2018-05-03 03:48:52
00000000-0000-0000-0000-000000000567_106766	00000000-0000-0000-0000-000000000567	106766	atmospheric	2018-05-03 02:58:40
00000000-0000-0000-0000-000000000567_106766	00000000-0000-0000-0000-000000000567	106766	cinematography	2018-05-03 02:58:44
00000000-0000-0000-0000-000000000567_106766	00000000-0000-0000-0000-000000000567	106766	depressing	2018-05-03 02:58:39
00000000-0000-0000-0000-000000000567_106766	00000000-0000-0000-0000-000000000567	106766	funny	2018-05-03 02:58:37
00000000-0000-0000-0000-000000000567_107406	00000000-0000-0000-0000-000000000567	107406	fatalistic	2018-05-03 03:46:25
00000000-0000-0000-0000-000000000567_108932	00000000-0000-0000-0000-000000000567	108932	cheeky	2018-05-03 02:55:02
00000000-0000-0000-0000-000000000567_108932	00000000-0000-0000-0000-000000000567	108932	clever	2018-05-03 02:54:35
00000000-0000-0000-0000-000000000567_108932	00000000-0000-0000-0000-000000000567	108932	colorful	2018-05-03 02:54:36
00000000-0000-0000-0000-000000000567_108932	00000000-0000-0000-0000-000000000567	108932	feel-good	2018-05-03 02:55:00
00000000-0000-0000-0000-000000000567_108932	00000000-0000-0000-0000-000000000567	108932	fun	2018-05-03 02:54:32
00000000-0000-0000-0000-000000000567_108932	00000000-0000-0000-0000-000000000567	108932	imaginative	2018-05-03 02:54:41
00000000-0000-0000-0000-000000000567_108932	00000000-0000-0000-0000-000000000567	108932	quirky	2018-05-03 02:54:38
00000000-0000-0000-0000-000000000567_109487	00000000-0000-0000-0000-000000000567	109487	bad dialogue	2018-05-03 03:59:22
00000000-0000-0000-0000-000000000567_109487	00000000-0000-0000-0000-000000000567	109487	philosophical issues	2018-05-03 03:59:31
00000000-0000-0000-0000-000000000567_109487	00000000-0000-0000-0000-000000000567	109487	thought-provoking	2018-05-03 03:59:27
00000000-0000-0000-0000-000000000567_109487	00000000-0000-0000-0000-000000000567	109487	visually appealing	2018-05-03 03:59:19
00000000-0000-0000-0000-000000000567_112421	00000000-0000-0000-0000-000000000567	112421	adorable	2018-05-03 02:50:33
00000000-0000-0000-0000-000000000567_112421	00000000-0000-0000-0000-000000000567	112421	black comedy	2018-05-03 02:50:21
00000000-0000-0000-0000-000000000567_112421	00000000-0000-0000-0000-000000000567	112421	Eccentric	2018-05-03 02:50:27
00000000-0000-0000-0000-000000000567_112421	00000000-0000-0000-0000-000000000567	112421	introspection	2018-05-03 02:50:25
00000000-0000-0000-0000-000000000567_112421	00000000-0000-0000-0000-000000000567	112421	mental illness	2018-05-03 02:50:17
00000000-0000-0000-0000-000000000567_112421	00000000-0000-0000-0000-000000000567	112421	quirky	2018-05-03 02:50:19
00000000-0000-0000-0000-000000000567_112552	00000000-0000-0000-0000-000000000567	112552	inspirational	2018-05-03 03:37:56
00000000-0000-0000-0000-000000000567_112552	00000000-0000-0000-0000-000000000567	112552	inspiring	2018-05-03 03:37:58
00000000-0000-0000-0000-000000000567_112552	00000000-0000-0000-0000-000000000567	112552	intense	2018-05-03 03:37:54
00000000-0000-0000-0000-000000000567_112852	00000000-0000-0000-0000-000000000567	112852	funny	2018-05-03 03:23:02
00000000-0000-0000-0000-000000000567_112852	00000000-0000-0000-0000-000000000567	112852	Great Visuals	2018-05-03 03:22:13
00000000-0000-0000-0000-000000000567_112852	00000000-0000-0000-0000-000000000567	112852	humorous	2018-05-03 03:22:16
00000000-0000-0000-0000-000000000567_112852	00000000-0000-0000-0000-000000000567	112852	unlikely hero	2018-05-03 03:22:58
00000000-0000-0000-0000-000000000567_113705	00000000-0000-0000-0000-000000000567	113705	bittersweet	2018-05-03 03:34:53
00000000-0000-0000-0000-000000000567_114627	00000000-0000-0000-0000-000000000567	114627	atmospheric	2018-05-03 03:43:43
00000000-0000-0000-0000-000000000567_114627	00000000-0000-0000-0000-000000000567	114627	bizzare	2018-05-03 03:43:47
00000000-0000-0000-0000-000000000567_114627	00000000-0000-0000-0000-000000000567	114627	eerie	2018-05-03 03:43:41
00000000-0000-0000-0000-000000000567_114627	00000000-0000-0000-0000-000000000567	114627	symbolism	2018-05-03 03:43:39
00000000-0000-0000-0000-000000000567_116797	00000000-0000-0000-0000-000000000567	116797	inspirational	2018-05-03 03:47:48
00000000-0000-0000-0000-000000000567_116797	00000000-0000-0000-0000-000000000567	116797	intelligent	2018-05-03 03:47:45
00000000-0000-0000-0000-000000000567_117877	00000000-0000-0000-0000-000000000567	117877	philosophical	2018-05-03 04:00:15
00000000-0000-0000-0000-000000000567_117877	00000000-0000-0000-0000-000000000567	117877	trippy	2018-05-03 04:00:11
00000000-0000-0000-0000-000000000567_117887	00000000-0000-0000-0000-000000000567	117887	heartwarming	2018-05-03 03:32:18
00000000-0000-0000-0000-000000000567_119145	00000000-0000-0000-0000-000000000567	119145	slick	2018-05-03 03:45:28
00000000-0000-0000-0000-000000000567_122882	00000000-0000-0000-0000-000000000567	122882	beautiful	2018-05-03 02:57:24
00000000-0000-0000-0000-000000000567_122882	00000000-0000-0000-0000-000000000567	122882	cinematography	2018-05-03 02:57:33
00000000-0000-0000-0000-000000000567_122882	00000000-0000-0000-0000-000000000567	122882	visually appealing	2018-05-03 02:57:16
00000000-0000-0000-0000-000000000567_122912	00000000-0000-0000-0000-000000000567	122912	Dark	2018-05-03 02:33:31
00000000-0000-0000-0000-000000000567_122912	00000000-0000-0000-0000-000000000567	122912	emotional	2018-05-03 02:33:12
00000000-0000-0000-0000-000000000567_122912	00000000-0000-0000-0000-000000000567	122912	Sad	2018-05-03 02:33:20
00000000-0000-0000-0000-000000000567_122912	00000000-0000-0000-0000-000000000567	122912	Visually appealing	2018-05-03 02:33:25
00000000-0000-0000-0000-000000000567_122912	00000000-0000-0000-0000-000000000567	122912	Visually stunning	2018-05-03 02:33:23
00000000-0000-0000-0000-000000000567_122916	00000000-0000-0000-0000-000000000567	122916	awesome	2018-05-03 03:21:07
00000000-0000-0000-0000-000000000567_122916	00000000-0000-0000-0000-000000000567	122916	humor	2018-05-03 03:21:25
00000000-0000-0000-0000-000000000567_122916	00000000-0000-0000-0000-000000000567	122916	quirky	2018-05-03 03:21:31
00000000-0000-0000-0000-000000000567_122916	00000000-0000-0000-0000-000000000567	122916	unconventional	2018-05-03 03:21:05
00000000-0000-0000-0000-000000000567_122916	00000000-0000-0000-0000-000000000567	122916	white guilt	2018-05-03 03:21:21
00000000-0000-0000-0000-000000000567_122918	00000000-0000-0000-0000-000000000567	122918	fun	2018-05-03 03:35:32
00000000-0000-0000-0000-000000000567_122922	00000000-0000-0000-0000-000000000567	122922	visually appealing	2018-05-03 03:52:37
00000000-0000-0000-0000-000000000567_127298	00000000-0000-0000-0000-000000000567	127298	depressing	2018-05-03 03:37:29
00000000-0000-0000-0000-000000000567_127298	00000000-0000-0000-0000-000000000567	127298	understated	2018-05-03 03:37:36
00000000-0000-0000-0000-000000000567_134130	00000000-0000-0000-0000-000000000567	134130	smart	2018-05-03 04:01:17
00000000-0000-0000-0000-000000000567_134170	00000000-0000-0000-0000-000000000567	134170	funny	2018-05-03 02:51:32
00000000-0000-0000-0000-000000000567_134170	00000000-0000-0000-0000-000000000567	134170	ridiculous	2018-05-03 02:51:23
00000000-0000-0000-0000-000000000567_134170	00000000-0000-0000-0000-000000000567	134170	silly	2018-05-03 02:51:42
00000000-0000-0000-0000-000000000567_138036	00000000-0000-0000-0000-000000000567	138036	slick	2018-05-03 03:53:16
00000000-0000-0000-0000-000000000567_138036	00000000-0000-0000-0000-000000000567	138036	stylish	2018-05-03 03:53:10
00000000-0000-0000-0000-000000000567_139385	00000000-0000-0000-0000-000000000567	139385	cinematography	2018-05-03 03:56:49
00000000-0000-0000-0000-000000000567_139385	00000000-0000-0000-0000-000000000567	139385	visually appealing	2018-05-03 03:56:53
00000000-0000-0000-0000-000000000567_139385	00000000-0000-0000-0000-000000000567	139385	Visually Striking	2018-05-03 03:57:06
00000000-0000-0000-0000-000000000567_139644	00000000-0000-0000-0000-000000000567	139644	atmospheric	2018-05-03 03:42:48
00000000-0000-0000-0000-000000000567_139644	00000000-0000-0000-0000-000000000567	139644	tension	2018-05-03 03:42:45
00000000-0000-0000-0000-000000000567_140174	00000000-0000-0000-0000-000000000567	140174	moving	2018-05-03 03:58:00
00000000-0000-0000-0000-000000000567_140174	00000000-0000-0000-0000-000000000567	140174	touching	2018-05-03 03:58:02
00000000-0000-0000-0000-000000000567_141890	00000000-0000-0000-0000-000000000567	141890	Moving	2018-05-03 03:49:37
00000000-0000-0000-0000-000000000567_143367	00000000-0000-0000-0000-000000000567	143367	contemplative	2018-05-03 02:45:59
00000000-0000-0000-0000-000000000567_143367	00000000-0000-0000-0000-000000000567	143367	philosophical	2018-05-03 02:45:57
00000000-0000-0000-0000-000000000567_143367	00000000-0000-0000-0000-000000000567	143367	thought-provoking	2018-05-03 02:45:55
00000000-0000-0000-0000-000000000567_143367	00000000-0000-0000-0000-000000000567	143367	tragic	2018-05-03 02:46:08
00000000-0000-0000-0000-000000000567_148626	00000000-0000-0000-0000-000000000567	148626	funny	2018-05-03 04:01:48
00000000-0000-0000-0000-000000000567_148626	00000000-0000-0000-0000-000000000567	148626	interesting	2018-05-03 04:01:44
00000000-0000-0000-0000-000000000567_148626	00000000-0000-0000-0000-000000000567	148626	Witty	2018-05-03 04:01:42
00000000-0000-0000-0000-000000000567_148881	00000000-0000-0000-0000-000000000567	148881	Existential	2018-05-03 02:33:39
00000000-0000-0000-0000-000000000567_148881	00000000-0000-0000-0000-000000000567	148881	surreal	2018-05-03 02:33:42
00000000-0000-0000-0000-000000000567_152077	00000000-0000-0000-0000-000000000567	152077	creepy	2018-05-03 03:57:27
00000000-0000-0000-0000-000000000567_152077	00000000-0000-0000-0000-000000000567	152077	suspense	2018-05-03 03:57:23
00000000-0000-0000-0000-000000000567_153070	00000000-0000-0000-0000-000000000567	153070	nightmare	2018-05-03 02:41:42
00000000-0000-0000-0000-000000000567_155288	00000000-0000-0000-0000-000000000567	155288	suspense	2018-05-03 03:36:05
00000000-0000-0000-0000-000000000567_155288	00000000-0000-0000-0000-000000000567	155288	thought-provoking	2018-05-03 03:36:03
00000000-0000-0000-0000-000000000567_156605	00000000-0000-0000-0000-000000000567	156605	quirky	2018-05-03 02:50:53
00000000-0000-0000-0000-000000000567_156605	00000000-0000-0000-0000-000000000567	156605	sweet	2018-05-03 02:50:55
00000000-0000-0000-0000-000000000567_156605	00000000-0000-0000-0000-000000000567	156605	understated	2018-05-03 02:50:56
00000000-0000-0000-0000-000000000567_161634	00000000-0000-0000-0000-000000000567	161634	intense	2018-05-03 03:54:01
00000000-0000-0000-0000-000000000567_164179	00000000-0000-0000-0000-000000000567	164179	beautiful visuals	2018-05-03 03:28:10
00000000-0000-0000-0000-000000000567_164179	00000000-0000-0000-0000-000000000567	164179	Cerebral	2018-05-03 03:28:06
00000000-0000-0000-0000-000000000567_164179	00000000-0000-0000-0000-000000000567	164179	cinematography	2018-05-03 03:28:16
00000000-0000-0000-0000-000000000567_164179	00000000-0000-0000-0000-000000000567	164179	good cinematography	2018-05-03 03:28:26
00000000-0000-0000-0000-000000000567_164179	00000000-0000-0000-0000-000000000567	164179	smart	2018-05-03 03:28:19
00000000-0000-0000-0000-000000000567_164179	00000000-0000-0000-0000-000000000567	164179	thought-provoking	2018-05-03 03:28:08
00000000-0000-0000-0000-000000000567_164179	00000000-0000-0000-0000-000000000567	164179	visually appealing	2018-05-03 03:28:13
00000000-0000-0000-0000-000000000567_164909	00000000-0000-0000-0000-000000000567	164909	Bittersweet	2018-05-03 04:00:56
00000000-0000-0000-0000-000000000567_164909	00000000-0000-0000-0000-000000000567	164909	visually appealing	2018-05-03 04:00:58
00000000-0000-0000-0000-000000000567_167746	00000000-0000-0000-0000-000000000567	167746	funny	2018-05-03 03:30:25
00000000-0000-0000-0000-000000000567_167746	00000000-0000-0000-0000-000000000567	167746	heartwarming	2018-05-03 03:30:33
00000000-0000-0000-0000-000000000567_168252	00000000-0000-0000-0000-000000000567	168252	dark	2018-05-03 02:59:02
00000000-0000-0000-0000-000000000567_168252	00000000-0000-0000-0000-000000000567	168252	emotional	2018-05-03 02:59:06
00000000-0000-0000-0000-000000000567_168252	00000000-0000-0000-0000-000000000567	168252	gritty	2018-05-03 02:59:00
00000000-0000-0000-0000-000000000567_168252	00000000-0000-0000-0000-000000000567	168252	heartbreaking	2018-05-03 02:59:08
00000000-0000-0000-0000-000000000567_168252	00000000-0000-0000-0000-000000000567	168252	predictible plot	2018-05-03 02:59:17
00000000-0000-0000-0000-000000000567_170945	00000000-0000-0000-0000-000000000567	170945	paranoia	2018-05-03 03:41:44
00000000-0000-0000-0000-000000000567_170945	00000000-0000-0000-0000-000000000567	170945	Suspenseful	2018-05-03 03:41:41
00000000-0000-0000-0000-000000000567_174055	00000000-0000-0000-0000-000000000567	174055	brilliant	2018-05-03 03:20:39
00000000-0000-0000-0000-000000000567_174055	00000000-0000-0000-0000-000000000567	174055	inspiring	2018-05-03 03:20:36
00000000-0000-0000-0000-000000000567_174055	00000000-0000-0000-0000-000000000567	174055	tense	2018-05-03 03:20:29
00000000-0000-0000-0000-000000000567_176371	00000000-0000-0000-0000-000000000567	176371	atmospheric	2018-05-03 02:44:36
00000000-0000-0000-0000-000000000567_176371	00000000-0000-0000-0000-000000000567	176371	beautiful	2018-05-03 02:44:38
00000000-0000-0000-0000-000000000567_176371	00000000-0000-0000-0000-000000000567	176371	cinematography	2018-05-03 02:44:35
00000000-0000-0000-0000-000000000567_176371	00000000-0000-0000-0000-000000000567	176371	dark	2018-05-03 02:44:53
00000000-0000-0000-0000-000000000567_176371	00000000-0000-0000-0000-000000000567	176371	dreamlike	2018-05-03 02:44:44
00000000-0000-0000-0000-000000000567_176371	00000000-0000-0000-0000-000000000567	176371	existentialism	2018-05-03 02:44:40
00000000-0000-0000-0000-000000000567_176371	00000000-0000-0000-0000-000000000567	176371	moody	2018-05-03 02:44:46
00000000-0000-0000-0000-000000000567_176371	00000000-0000-0000-0000-000000000567	176371	philosophical	2018-05-03 02:44:49
00000000-0000-0000-0000-000000000567_176419	00000000-0000-0000-0000-000000000567	176419	allegorical	2018-05-03 03:59:44
00000000-0000-0000-0000-000000000567_176419	00000000-0000-0000-0000-000000000567	176419	uncomfortable	2018-05-03 03:59:48
00000000-0000-0000-0000-000000000567_176419	00000000-0000-0000-0000-000000000567	176419	unsettling	2018-05-03 03:59:46
00000000-0000-0000-0000-000000000567_180031	00000000-0000-0000-0000-000000000567	180031	atmospheric	2018-05-03 03:02:30
00000000-0000-0000-0000-000000000567_180031	00000000-0000-0000-0000-000000000567	180031	dreamlike	2018-05-03 03:02:43
00000000-0000-0000-0000-000000000567_180985	00000000-0000-0000-0000-000000000567	180985	bad music	2018-05-03 03:22:00
00000000-0000-0000-0000-000000000573_000248	00000000-0000-0000-0000-000000000573	248	bad	2007-08-09 01:05:45
00000000-0000-0000-0000-000000000573_000248	00000000-0000-0000-0000-000000000573	248	Sinbad	2007-08-09 01:05:45
00000000-0000-0000-0000-000000000573_000413	00000000-0000-0000-0000-000000000573	413	Comedy	2007-08-09 01:00:56
00000000-0000-0000-0000-000000000573_000540	00000000-0000-0000-0000-000000000573	540	bad	2007-08-09 01:01:37
00000000-0000-0000-0000-000000000573_000707	00000000-0000-0000-0000-000000000573	707	bad	2007-08-09 01:01:42
00000000-0000-0000-0000-000000000573_000836	00000000-0000-0000-0000-000000000573	836	seen at the cinema	2007-08-09 01:02:24
00000000-0000-0000-0000-000000000573_001441	00000000-0000-0000-0000-000000000573	1441	Not Seen	2007-08-09 01:00:56
00000000-0000-0000-0000-000000000573_001779	00000000-0000-0000-0000-000000000573	1779	good	2007-08-09 01:01:34
00000000-0000-0000-0000-000000000573_001801	00000000-0000-0000-0000-000000000573	1801	seen more than once	2007-08-09 01:01:57
00000000-0000-0000-0000-000000000573_002116	00000000-0000-0000-0000-000000000573	2116	classic	2007-08-09 01:02:24
00000000-0000-0000-0000-000000000573_002431	00000000-0000-0000-0000-000000000573	2431	bad	2007-08-09 01:01:42
00000000-0000-0000-0000-000000000573_002662	00000000-0000-0000-0000-000000000573	2662	classic	2007-08-09 01:02:42
00000000-0000-0000-0000-000000000573_002951	00000000-0000-0000-0000-000000000573	2951	bad	2007-08-09 01:01:41
00000000-0000-0000-0000-000000000573_004015	00000000-0000-0000-0000-000000000573	4015	bad	2007-08-09 01:03:59
00000000-0000-0000-0000-000000000573_004343	00000000-0000-0000-0000-000000000573	4343	really bad	2007-08-09 01:04:39
00000000-0000-0000-0000-000000000573_004343	00000000-0000-0000-0000-000000000573	4343	Seann William Scott	2007-08-09 01:04:39
00000000-0000-0000-0000-000000000573_004446	00000000-0000-0000-0000-000000000573	4446	sci-fi	2007-08-09 01:01:26
00000000-0000-0000-0000-000000000573_004448	00000000-0000-0000-0000-000000000573	4448	boring	2007-08-09 01:04:08
00000000-0000-0000-0000-000000000573_005064	00000000-0000-0000-0000-000000000573	5064	remake	2007-08-09 01:03:56
00000000-0000-0000-0000-000000000573_005254	00000000-0000-0000-0000-000000000573	5254	Great movie	2007-08-09 01:05:25
00000000-0000-0000-0000-000000000573_005254	00000000-0000-0000-0000-000000000573	5254	Wesley Snipes	2007-08-09 01:05:25
00000000-0000-0000-0000-000000000573_006016	00000000-0000-0000-0000-000000000573	6016	not seen	2007-08-09 01:00:53
00000000-0000-0000-0000-000000000573_006157	00000000-0000-0000-0000-000000000573	6157	bad	2007-08-09 01:05:33
00000000-0000-0000-0000-000000000573_006157	00000000-0000-0000-0000-000000000573	6157	Ben Affleck	2007-08-09 01:05:33
00000000-0000-0000-0000-000000000573_006373	00000000-0000-0000-0000-000000000573	6373	classic	2007-08-09 01:00:55
00000000-0000-0000-0000-000000000573_035836	00000000-0000-0000-0000-000000000573	35836	BEST PICTURE	2007-08-09 01:05:05
00000000-0000-0000-0000-000000000573_035836	00000000-0000-0000-0000-000000000573	35836	classic	2007-08-09 01:05:05
00000000-0000-0000-0000-000000000573_035836	00000000-0000-0000-0000-000000000573	35836	hilarious	2007-08-09 01:05:05
00000000-0000-0000-0000-000000000573_035836	00000000-0000-0000-0000-000000000573	35836	steve carell	2007-08-09 01:05:05
00000000-0000-0000-0000-000000000573_052712	00000000-0000-0000-0000-000000000573	52712	HORRIBLE ACTING	2007-08-10 14:00:48
00000000-0000-0000-0000-000000000573_052712	00000000-0000-0000-0000-000000000573	52712	interesting	2007-08-10 14:01:00
00000000-0000-0000-0000-000000000599_000293	00000000-0000-0000-0000-000000000599	293	Action	2017-06-26 14:49:02
00000000-0000-0000-0000-000000000599_000293	00000000-0000-0000-0000-000000000599	293	assassin	2017-06-26 14:48:26
00000000-0000-0000-0000-000000000599_000293	00000000-0000-0000-0000-000000000599	293	assassination	2017-06-26 14:49:52
00000000-0000-0000-0000-000000000599_000293	00000000-0000-0000-0000-000000000599	293	assassins	2017-06-26 14:49:44
00000000-0000-0000-0000-000000000599_000293	00000000-0000-0000-0000-000000000599	293	awkward romance	2017-06-26 14:49:27
00000000-0000-0000-0000-000000000599_000293	00000000-0000-0000-0000-000000000599	293	corruption	2017-06-26 14:49:15
00000000-0000-0000-0000-000000000599_000293	00000000-0000-0000-0000-000000000599	293	crime	2017-06-26 14:49:01
00000000-0000-0000-0000-000000000599_000293	00000000-0000-0000-0000-000000000599	293	disturbing	2017-06-26 14:49:04
00000000-0000-0000-0000-000000000599_000293	00000000-0000-0000-0000-000000000599	293	drama	2017-06-26 14:49:09
00000000-0000-0000-0000-000000000599_000293	00000000-0000-0000-0000-000000000599	293	French	2017-06-26 14:49:10
00000000-0000-0000-0000-000000000599_000293	00000000-0000-0000-0000-000000000599	293	friendship	2017-06-26 14:48:59
00000000-0000-0000-0000-000000000599_000293	00000000-0000-0000-0000-000000000599	293	Gary Oldman	2017-06-26 14:48:50
00000000-0000-0000-0000-000000000599_000293	00000000-0000-0000-0000-000000000599	293	great acting	2017-06-26 14:48:48
00000000-0000-0000-0000-000000000599_000293	00000000-0000-0000-0000-000000000599	293	Guns	2017-06-26 14:49:39
00000000-0000-0000-0000-000000000599_000293	00000000-0000-0000-0000-000000000599	293	hit men	2017-06-26 14:49:25
00000000-0000-0000-0000-000000000599_000293	00000000-0000-0000-0000-000000000599	293	hitman	2017-06-26 14:48:33
00000000-0000-0000-0000-000000000599_000293	00000000-0000-0000-0000-000000000599	293	humorous	2017-06-26 14:49:37
00000000-0000-0000-0000-000000000599_000293	00000000-0000-0000-0000-000000000599	293	imdb top 250	2017-06-26 14:49:35
00000000-0000-0000-0000-000000000599_000293	00000000-0000-0000-0000-000000000599	293	Jean Reno	2017-06-26 14:48:41
00000000-0000-0000-0000-000000000599_000293	00000000-0000-0000-0000-000000000599	293	Lolita theme	2017-06-26 14:49:48
00000000-0000-0000-0000-000000000599_000293	00000000-0000-0000-0000-000000000599	293	loneliness	2017-06-26 14:49:46
00000000-0000-0000-0000-000000000599_000293	00000000-0000-0000-0000-000000000599	293	love story	2017-06-26 14:48:52
00000000-0000-0000-0000-000000000599_000293	00000000-0000-0000-0000-000000000599	293	Luc Besson	2017-06-26 14:48:57
00000000-0000-0000-0000-000000000599_000293	00000000-0000-0000-0000-000000000599	293	Natalie Portman	2017-06-26 14:48:46
00000000-0000-0000-0000-000000000599_000293	00000000-0000-0000-0000-000000000599	293	organized crime	2017-06-26 14:49:12
00000000-0000-0000-0000-000000000599_000293	00000000-0000-0000-0000-000000000599	293	police	2017-06-26 14:49:41
00000000-0000-0000-0000-000000000599_000293	00000000-0000-0000-0000-000000000599	293	police corruption	2017-06-26 14:49:19
00000000-0000-0000-0000-000000000599_000293	00000000-0000-0000-0000-000000000599	293	quirky	2017-06-26 14:48:55
00000000-0000-0000-0000-000000000599_000293	00000000-0000-0000-0000-000000000599	293	sniper	2017-06-26 14:49:42
00000000-0000-0000-0000-000000000599_000293	00000000-0000-0000-0000-000000000599	293	tense	2017-06-26 14:49:50
00000000-0000-0000-0000-000000000599_000293	00000000-0000-0000-0000-000000000599	293	touching	2017-06-26 14:49:07
00000000-0000-0000-0000-000000000599_000293	00000000-0000-0000-0000-000000000599	293	unique	2017-06-26 14:49:17
00000000-0000-0000-0000-000000000599_000296	00000000-0000-0000-0000-000000000599	296	1990s	2017-06-26 14:55:37
00000000-0000-0000-0000-000000000599_000296	00000000-0000-0000-0000-000000000599	296	achronological	2017-06-26 14:54:35
00000000-0000-0000-0000-000000000599_000296	00000000-0000-0000-0000-000000000599	296	action	2017-06-26 14:52:36
00000000-0000-0000-0000-000000000599_000296	00000000-0000-0000-0000-000000000599	296	action packed	2017-06-26 14:55:35
00000000-0000-0000-0000-000000000599_000296	00000000-0000-0000-0000-000000000599	296	aggressive	2017-06-26 14:55:33
00000000-0000-0000-0000-000000000599_000296	00000000-0000-0000-0000-000000000599	296	amazing	2017-06-26 14:57:58
00000000-0000-0000-0000-000000000599_000296	00000000-0000-0000-0000-000000000599	296	amazing dialogues	2017-06-26 14:54:33
00000000-0000-0000-0000-000000000599_000296	00000000-0000-0000-0000-000000000599	296	anthology	2017-06-26 14:55:31
00000000-0000-0000-0000-000000000599_000296	00000000-0000-0000-0000-000000000599	296	assassin	2017-06-26 14:53:02
00000000-0000-0000-0000-000000000599_000296	00000000-0000-0000-0000-000000000599	296	atmospheric	2017-06-26 14:52:56
00000000-0000-0000-0000-000000000599_000296	00000000-0000-0000-0000-000000000599	296	AWESOME	2017-06-26 14:55:59
00000000-0000-0000-0000-000000000599_000296	00000000-0000-0000-0000-000000000599	296	bad ass	2017-06-26 14:54:31
00000000-0000-0000-0000-000000000599_000296	00000000-0000-0000-0000-000000000599	296	bad language	2017-06-26 14:54:29
00000000-0000-0000-0000-000000000599_000296	00000000-0000-0000-0000-000000000599	296	bad-ass	2017-06-26 14:57:56
00000000-0000-0000-0000-000000000599_000296	00000000-0000-0000-0000-000000000599	296	bible	2017-06-26 14:57:55
00000000-0000-0000-0000-000000000599_000296	00000000-0000-0000-0000-000000000599	296	biblical references	2017-06-26 14:55:29
00000000-0000-0000-0000-000000000599_000296	00000000-0000-0000-0000-000000000599	296	big boys with guns	2017-06-26 14:57:53
00000000-0000-0000-0000-000000000599_000296	00000000-0000-0000-0000-000000000599	296	big name actors	2017-06-26 14:57:51
00000000-0000-0000-0000-000000000599_000296	00000000-0000-0000-0000-000000000599	296	Black comedy	2017-06-26 14:52:30
00000000-0000-0000-0000-000000000599_000296	00000000-0000-0000-0000-000000000599	296	black humor	2017-06-26 14:54:41
00000000-0000-0000-0000-000000000599_000296	00000000-0000-0000-0000-000000000599	296	black humour	2017-06-26 14:57:50
00000000-0000-0000-0000-000000000599_000296	00000000-0000-0000-0000-000000000599	296	blood	2017-06-26 14:54:08
00000000-0000-0000-0000-000000000599_000296	00000000-0000-0000-0000-000000000599	296	blood splatters	2017-06-26 14:54:27
00000000-0000-0000-0000-000000000599_000296	00000000-0000-0000-0000-000000000599	296	bloody	2017-06-26 14:53:51
00000000-0000-0000-0000-000000000599_000296	00000000-0000-0000-0000-000000000599	296	bruce willis	2017-06-26 14:52:32
00000000-0000-0000-0000-000000000599_000296	00000000-0000-0000-0000-000000000599	296	brutality	2017-06-26 14:55:43
00000000-0000-0000-0000-000000000599_000296	00000000-0000-0000-0000-000000000599	296	casual violence	2017-06-26 14:57:49
00000000-0000-0000-0000-000000000599_000296	00000000-0000-0000-0000-000000000599	296	character development	2017-06-26 14:55:27
00000000-0000-0000-0000-000000000599_000296	00000000-0000-0000-0000-000000000599	296	characters	2017-06-26 14:54:26
00000000-0000-0000-0000-000000000599_000296	00000000-0000-0000-0000-000000000599	296	classic	2017-06-26 14:52:40
00000000-0000-0000-0000-000000000599_000296	00000000-0000-0000-0000-000000000599	296	classic movie	2017-06-26 14:57:47
00000000-0000-0000-0000-000000000599_000296	00000000-0000-0000-0000-000000000599	296	coke	2017-06-26 14:57:46
00000000-0000-0000-0000-000000000599_000296	00000000-0000-0000-0000-000000000599	296	comedy	2017-06-26 14:52:58
00000000-0000-0000-0000-000000000599_000296	00000000-0000-0000-0000-000000000599	296	conversation	2017-06-26 14:55:24
00000000-0000-0000-0000-000000000599_000296	00000000-0000-0000-0000-000000000599	296	cool	2017-06-26 14:53:25
00000000-0000-0000-0000-000000000599_000296	00000000-0000-0000-0000-000000000599	296	cool style	2017-06-26 14:57:44
00000000-0000-0000-0000-000000000599_000296	00000000-0000-0000-0000-000000000599	296	crime	2017-06-26 14:52:33
00000000-0000-0000-0000-000000000599_000296	00000000-0000-0000-0000-000000000599	296	crime scene scrubbing	2017-06-26 14:57:43
00000000-0000-0000-0000-000000000599_000296	00000000-0000-0000-0000-000000000599	296	cult	2017-06-26 14:53:11
00000000-0000-0000-0000-000000000599_000296	00000000-0000-0000-0000-000000000599	296	cult classic	2017-06-26 14:55:22
00000000-0000-0000-0000-000000000599_000296	00000000-0000-0000-0000-000000000599	296	cult film	2017-06-26 14:52:25
00000000-0000-0000-0000-000000000599_000296	00000000-0000-0000-0000-000000000599	296	dance	2017-06-26 14:57:41
00000000-0000-0000-0000-000000000599_000296	00000000-0000-0000-0000-000000000599	296	dancing	2017-06-26 14:54:24
00000000-0000-0000-0000-000000000599_000296	00000000-0000-0000-0000-000000000599	296	dark	2017-06-26 14:53:24
00000000-0000-0000-0000-000000000599_000296	00000000-0000-0000-0000-000000000599	296	dark comedy	2017-06-26 14:52:19
00000000-0000-0000-0000-000000000599_000296	00000000-0000-0000-0000-000000000599	296	dark humor	2017-06-26 14:53:05
00000000-0000-0000-0000-000000000599_000296	00000000-0000-0000-0000-000000000599	296	dialogue	2017-06-26 14:53:15
00000000-0000-0000-0000-000000000599_000296	00000000-0000-0000-0000-000000000599	296	different	2017-06-26 14:57:40
00000000-0000-0000-0000-000000000599_000296	00000000-0000-0000-0000-000000000599	296	diner	2017-06-26 14:57:38
00000000-0000-0000-0000-000000000599_000296	00000000-0000-0000-0000-000000000599	296	disjointed timeline	2017-06-26 14:54:04
00000000-0000-0000-0000-000000000599_000296	00000000-0000-0000-0000-000000000599	296	disturbing	2017-06-26 14:55:21
00000000-0000-0000-0000-000000000599_000296	00000000-0000-0000-0000-000000000599	296	drama	2017-06-26 14:56:01
00000000-0000-0000-0000-000000000599_000296	00000000-0000-0000-0000-000000000599	296	drug overdose	2017-06-26 14:57:36
00000000-0000-0000-0000-000000000599_000296	00000000-0000-0000-0000-000000000599	296	drugs	2017-06-26 14:52:28
00000000-0000-0000-0000-000000000599_000296	00000000-0000-0000-0000-000000000599	296	drugs & music	2017-06-26 14:57:35
00000000-0000-0000-0000-000000000599_000296	00000000-0000-0000-0000-000000000599	296	ensemble cast	2017-06-26 14:53:39
00000000-0000-0000-0000-000000000599_000296	00000000-0000-0000-0000-000000000599	296	entertaining	2017-06-26 14:55:19
00000000-0000-0000-0000-000000000599_000296	00000000-0000-0000-0000-000000000599	296	entirely dialogue	2017-06-26 14:53:49
00000000-0000-0000-0000-000000000599_000296	00000000-0000-0000-0000-000000000599	296	episodic	2017-06-26 14:55:17
00000000-0000-0000-0000-000000000599_000296	00000000-0000-0000-0000-000000000599	296	exciting	2017-06-26 14:53:47
00000000-0000-0000-0000-000000000599_000296	00000000-0000-0000-0000-000000000599	296	fast paced	2017-06-26 14:53:56
00000000-0000-0000-0000-000000000599_000296	00000000-0000-0000-0000-000000000599	296	fast-paced	2017-06-26 14:55:15
00000000-0000-0000-0000-000000000599_000296	00000000-0000-0000-0000-000000000599	296	film noir	2017-06-26 14:57:33
00000000-0000-0000-0000-000000000599_000296	00000000-0000-0000-0000-000000000599	296	film-noir	2017-06-26 14:57:02
00000000-0000-0000-0000-000000000599_000296	00000000-0000-0000-0000-000000000599	296	foul language	2017-06-26 14:58:06
00000000-0000-0000-0000-000000000599_000296	00000000-0000-0000-0000-000000000599	296	fun	2017-06-26 14:53:41
00000000-0000-0000-0000-000000000599_000296	00000000-0000-0000-0000-000000000599	296	funny	2017-06-26 14:53:03
00000000-0000-0000-0000-000000000599_000296	00000000-0000-0000-0000-000000000599	296	gangster	2017-06-26 14:53:09
00000000-0000-0000-0000-000000000599_000296	00000000-0000-0000-0000-000000000599	296	gangsters	2017-06-26 14:53:26
00000000-0000-0000-0000-000000000599_000296	00000000-0000-0000-0000-000000000599	296	genius	2017-06-26 14:56:29
00000000-0000-0000-0000-000000000599_000296	00000000-0000-0000-0000-000000000599	296	golden watch	2017-06-26 14:55:13
00000000-0000-0000-0000-000000000599_000296	00000000-0000-0000-0000-000000000599	296	good dialogue	2017-06-26 14:52:52
00000000-0000-0000-0000-000000000599_000296	00000000-0000-0000-0000-000000000599	296	good music	2017-06-26 14:53:16
00000000-0000-0000-0000-000000000599_000296	00000000-0000-0000-0000-000000000599	296	gore	2017-06-26 14:55:11
00000000-0000-0000-0000-000000000599_000296	00000000-0000-0000-0000-000000000599	296	great acting	2017-06-26 14:55:09
00000000-0000-0000-0000-000000000599_000296	00000000-0000-0000-0000-000000000599	296	great dialogue	2017-06-26 14:53:22
00000000-0000-0000-0000-000000000599_000296	00000000-0000-0000-0000-000000000599	296	great soundtrack	2017-06-26 14:53:00
00000000-0000-0000-0000-000000000599_000296	00000000-0000-0000-0000-000000000599	296	gritty	2017-06-26 14:53:46
00000000-0000-0000-0000-000000000599_000296	00000000-0000-0000-0000-000000000599	296	guns	2017-06-26 14:54:10
00000000-0000-0000-0000-000000000599_000296	00000000-0000-0000-0000-000000000599	296	Harvey Keitel	2017-06-26 14:58:04
00000000-0000-0000-0000-000000000599_000296	00000000-0000-0000-0000-000000000599	296	heroin	2017-06-26 14:54:43
00000000-0000-0000-0000-000000000599_000296	00000000-0000-0000-0000-000000000599	296	Highly quotable	2017-06-26 14:53:20
00000000-0000-0000-0000-000000000599_000296	00000000-0000-0000-0000-000000000599	296	hit men	2017-06-26 14:53:32
00000000-0000-0000-0000-000000000599_000296	00000000-0000-0000-0000-000000000599	296	hitman	2017-06-26 14:55:05
00000000-0000-0000-0000-000000000599_000296	00000000-0000-0000-0000-000000000599	296	homosexuality	2017-06-26 14:56:02
00000000-0000-0000-0000-000000000599_000296	00000000-0000-0000-0000-000000000599	296	humour	2017-06-26 14:56:04
00000000-0000-0000-0000-000000000599_000296	00000000-0000-0000-0000-000000000599	296	iconic	2017-06-26 14:54:48
00000000-0000-0000-0000-000000000599_000296	00000000-0000-0000-0000-000000000599	296	imdb top 250	2017-06-26 14:53:08
00000000-0000-0000-0000-000000000599_000296	00000000-0000-0000-0000-000000000599	296	innovative	2017-06-26 14:54:50
00000000-0000-0000-0000-000000000599_000296	00000000-0000-0000-0000-000000000599	296	intellectual	2017-06-26 14:56:05
00000000-0000-0000-0000-000000000599_000296	00000000-0000-0000-0000-000000000599	296	intelligent	2017-06-26 14:54:22
00000000-0000-0000-0000-000000000599_000296	00000000-0000-0000-0000-000000000599	296	intense	2017-06-26 14:53:31
00000000-0000-0000-0000-000000000599_000296	00000000-0000-0000-0000-000000000599	296	interesting	2017-06-26 14:55:41
00000000-0000-0000-0000-000000000599_000296	00000000-0000-0000-0000-000000000599	296	intertwining storylines	2017-06-26 14:54:20
00000000-0000-0000-0000-000000000599_000296	00000000-0000-0000-0000-000000000599	296	interwoven storylines	2017-06-26 14:56:07
00000000-0000-0000-0000-000000000599_000296	00000000-0000-0000-0000-000000000599	296	ironic	2017-06-26 14:54:51
00000000-0000-0000-0000-000000000599_000296	00000000-0000-0000-0000-000000000599	296	irony	2017-06-26 14:54:18
00000000-0000-0000-0000-000000000599_000296	00000000-0000-0000-0000-000000000599	296	John Travolta	2017-06-26 14:52:54
00000000-0000-0000-0000-000000000599_000296	00000000-0000-0000-0000-000000000599	296	killer-as-protagonist	2017-06-26 14:54:54
00000000-0000-0000-0000-000000000599_000296	00000000-0000-0000-0000-000000000599	296	los angeles	2017-06-26 14:56:09
00000000-0000-0000-0000-000000000599_000296	00000000-0000-0000-0000-000000000599	296	Mafia	2017-06-26 14:53:34
00000000-0000-0000-0000-000000000599_000296	00000000-0000-0000-0000-000000000599	296	masterpiece	2017-06-26 14:52:51
00000000-0000-0000-0000-000000000599_000296	00000000-0000-0000-0000-000000000599	296	meaningless violence	2017-06-26 14:56:11
00000000-0000-0000-0000-000000000599_000296	00000000-0000-0000-0000-000000000599	296	milkshake	2017-06-26 14:56:12
00000000-0000-0000-0000-000000000599_000296	00000000-0000-0000-0000-000000000599	296	mobster	2017-06-26 14:56:14
00000000-0000-0000-0000-000000000599_000296	00000000-0000-0000-0000-000000000599	296	mobsters	2017-06-26 14:56:15
00000000-0000-0000-0000-000000000599_000296	00000000-0000-0000-0000-000000000599	296	monologue	2017-06-26 14:56:17
00000000-0000-0000-0000-000000000599_000296	00000000-0000-0000-0000-000000000599	296	motherfucker	2017-06-26 14:54:57
00000000-0000-0000-0000-000000000599_000296	00000000-0000-0000-0000-000000000599	296	multiple stories	2017-06-26 14:54:58
00000000-0000-0000-0000-000000000599_000296	00000000-0000-0000-0000-000000000599	296	multiple storylines	2017-06-26 14:52:23
00000000-0000-0000-0000-000000000599_000296	00000000-0000-0000-0000-000000000599	296	neo-noir	2017-06-26 14:54:46
00000000-0000-0000-0000-000000000599_000296	00000000-0000-0000-0000-000000000599	296	noir	2017-06-26 14:53:28
00000000-0000-0000-0000-000000000599_000296	00000000-0000-0000-0000-000000000599	296	non-linear	2017-06-26 14:52:47
00000000-0000-0000-0000-000000000599_000296	00000000-0000-0000-0000-000000000599	296	non-linear timeline	2017-06-26 14:56:18
00000000-0000-0000-0000-000000000599_000296	00000000-0000-0000-0000-000000000599	296	nonlinear	2017-06-26 14:52:21
00000000-0000-0000-0000-000000000599_000296	00000000-0000-0000-0000-000000000599	296	nonlinear narrative	2017-06-26 14:54:17
00000000-0000-0000-0000-000000000599_000296	00000000-0000-0000-0000-000000000599	296	nonlinear storyline	2017-06-26 14:56:20
00000000-0000-0000-0000-000000000599_000296	00000000-0000-0000-0000-000000000599	296	nonlinear timeline	2017-06-26 14:56:21
00000000-0000-0000-0000-000000000599_000296	00000000-0000-0000-0000-000000000599	296	notable soundtrack	2017-06-26 14:53:13
00000000-0000-0000-0000-000000000599_000296	00000000-0000-0000-0000-000000000599	296	offensive	2017-06-26 14:56:23
00000000-0000-0000-0000-000000000599_000296	00000000-0000-0000-0000-000000000599	296	organised crime	2017-06-26 14:56:25
00000000-0000-0000-0000-000000000599_000296	00000000-0000-0000-0000-000000000599	296	organized crime	2017-06-26 14:52:43
00000000-0000-0000-0000-000000000599_000296	00000000-0000-0000-0000-000000000599	296	original	2017-06-26 14:54:39
00000000-0000-0000-0000-000000000599_000296	00000000-0000-0000-0000-000000000599	296	original plot	2017-06-26 14:54:15
00000000-0000-0000-0000-000000000599_000296	00000000-0000-0000-0000-000000000599	296	out of order	2017-06-26 14:56:26
00000000-0000-0000-0000-000000000599_000296	00000000-0000-0000-0000-000000000599	296	Palme d'Or	2017-06-26 14:58:10
00000000-0000-0000-0000-000000000599_000296	00000000-0000-0000-0000-000000000599	296	parody	2017-06-26 14:56:31
00000000-0000-0000-0000-000000000599_000296	00000000-0000-0000-0000-000000000599	296	philosophical	2017-06-26 14:55:00
00000000-0000-0000-0000-000000000599_000296	00000000-0000-0000-0000-000000000599	296	pop culture references	2017-06-26 14:54:38
00000000-0000-0000-0000-000000000599_000296	00000000-0000-0000-0000-000000000599	296	psychological	2017-06-26 14:56:33
00000000-0000-0000-0000-000000000599_000296	00000000-0000-0000-0000-000000000599	296	pulp	2017-06-26 14:54:44
00000000-0000-0000-0000-000000000599_000296	00000000-0000-0000-0000-000000000599	296	Quentin Tarantino	2017-06-26 14:52:18
00000000-0000-0000-0000-000000000599_000296	00000000-0000-0000-0000-000000000599	296	quirky	2017-06-26 14:52:44
00000000-0000-0000-0000-000000000599_000296	00000000-0000-0000-0000-000000000599	296	Quotable	2017-06-26 14:54:06
00000000-0000-0000-0000-000000000599_000296	00000000-0000-0000-0000-000000000599	296	r:disturbing violent content including rape	2017-06-26 14:55:02
00000000-0000-0000-0000-000000000599_000296	00000000-0000-0000-0000-000000000599	296	r:disturbing violent images	2017-06-26 14:56:35
00000000-0000-0000-0000-000000000599_000296	00000000-0000-0000-0000-000000000599	296	r:graphic sexuality	2017-06-26 14:56:37
00000000-0000-0000-0000-000000000599_000296	00000000-0000-0000-0000-000000000599	296	r:some violence	2017-06-26 14:56:39
00000000-0000-0000-0000-000000000599_000296	00000000-0000-0000-0000-000000000599	296	r:strong bloody violence	2017-06-26 14:56:41
00000000-0000-0000-0000-000000000599_000296	00000000-0000-0000-0000-000000000599	296	r:strong language	2017-06-26 14:54:12
00000000-0000-0000-0000-000000000599_000296	00000000-0000-0000-0000-000000000599	296	r:sustained strong stylized violence	2017-06-26 14:56:43
00000000-0000-0000-0000-000000000599_000296	00000000-0000-0000-0000-000000000599	296	r:violence	2017-06-26 14:53:44
00000000-0000-0000-0000-000000000599_000296	00000000-0000-0000-0000-000000000599	296	random	2017-06-26 14:55:03
00000000-0000-0000-0000-000000000599_000296	00000000-0000-0000-0000-000000000599	296	rape	2017-06-26 14:53:37
00000000-0000-0000-0000-000000000599_000296	00000000-0000-0000-0000-000000000599	296	retro	2017-06-26 14:54:02
00000000-0000-0000-0000-000000000599_000296	00000000-0000-0000-0000-000000000599	296	Roger Avary	2017-06-26 14:58:02
00000000-0000-0000-0000-000000000599_000296	00000000-0000-0000-0000-000000000599	296	royal with cheese	2017-06-26 14:56:50
00000000-0000-0000-0000-000000000599_000296	00000000-0000-0000-0000-000000000599	296	Samuel L. Jackson	2017-06-26 14:52:22
00000000-0000-0000-0000-000000000599_000296	00000000-0000-0000-0000-000000000599	296	sarcasm	2017-06-26 14:56:52
00000000-0000-0000-0000-000000000599_000296	00000000-0000-0000-0000-000000000599	296	satire	2017-06-26 14:56:54
00000000-0000-0000-0000-000000000599_000296	00000000-0000-0000-0000-000000000599	296	sexy	2017-06-26 14:56:55
00000000-0000-0000-0000-000000000599_000296	00000000-0000-0000-0000-000000000599	296	smart writing	2017-06-26 14:56:57
00000000-0000-0000-0000-000000000599_000296	00000000-0000-0000-0000-000000000599	296	sophisticated	2017-06-26 14:56:58
00000000-0000-0000-0000-000000000599_000296	00000000-0000-0000-0000-000000000599	296	soundtrack	2017-06-26 14:53:59
00000000-0000-0000-0000-000000000599_000296	00000000-0000-0000-0000-000000000599	296	splatter	2017-06-26 14:57:00
00000000-0000-0000-0000-000000000599_000296	00000000-0000-0000-0000-000000000599	296	Steve Buscemi	2017-06-26 14:58:14
00000000-0000-0000-0000-000000000599_000296	00000000-0000-0000-0000-000000000599	296	storytelling	2017-06-26 14:52:55
00000000-0000-0000-0000-000000000599_000296	00000000-0000-0000-0000-000000000599	296	stylish	2017-06-26 14:53:18
00000000-0000-0000-0000-000000000599_000296	00000000-0000-0000-0000-000000000599	296	stylized	2017-06-26 14:52:34
00000000-0000-0000-0000-000000000599_000296	00000000-0000-0000-0000-000000000599	296	suspense	2017-06-26 14:58:00
00000000-0000-0000-0000-000000000599_000296	00000000-0000-0000-0000-000000000599	296	Tarantino	2017-06-26 14:52:38
00000000-0000-0000-0000-000000000599_000296	00000000-0000-0000-0000-000000000599	296	thought-provoking	2017-06-26 14:57:18
00000000-0000-0000-0000-000000000599_000296	00000000-0000-0000-0000-000000000599	296	thriller	2017-06-26 14:53:35
00000000-0000-0000-0000-000000000599_000296	00000000-0000-0000-0000-000000000599	296	travolta	2017-06-26 14:55:39
00000000-0000-0000-0000-000000000599_000296	00000000-0000-0000-0000-000000000599	296	twist ending	2017-06-26 14:57:19
00000000-0000-0000-0000-000000000599_000296	00000000-0000-0000-0000-000000000599	296	Uma Thurman	2017-06-26 14:52:50
00000000-0000-0000-0000-000000000599_000296	00000000-0000-0000-0000-000000000599	296	unique	2017-06-26 14:57:21
00000000-0000-0000-0000-000000000599_000296	00000000-0000-0000-0000-000000000599	296	unpredictable	2017-06-26 14:54:36
00000000-0000-0000-0000-000000000599_000296	00000000-0000-0000-0000-000000000599	296	unusual	2017-06-26 14:57:22
00000000-0000-0000-0000-000000000599_000296	00000000-0000-0000-0000-000000000599	296	very funny	2017-06-26 14:53:54
00000000-0000-0000-0000-000000000599_000296	00000000-0000-0000-0000-000000000599	296	violence	2017-06-26 14:52:27
00000000-0000-0000-0000-000000000599_000296	00000000-0000-0000-0000-000000000599	296	violent	2017-06-26 14:52:46
00000000-0000-0000-0000-000000000599_000296	00000000-0000-0000-0000-000000000599	296	witty	2017-06-26 14:53:57
00000000-0000-0000-0000-000000000599_000924	00000000-0000-0000-0000-000000000599	924	aliens	2017-06-26 14:59:43
00000000-0000-0000-0000-000000000599_000924	00000000-0000-0000-0000-000000000599	924	apes	2017-06-26 15:00:22
00000000-0000-0000-0000-000000000599_000924	00000000-0000-0000-0000-000000000599	924	Arthur C. Clarke	2017-06-26 14:59:46
00000000-0000-0000-0000-000000000599_000924	00000000-0000-0000-0000-000000000599	924	artificial intelligence	2017-06-26 14:59:12
00000000-0000-0000-0000-000000000599_000924	00000000-0000-0000-0000-000000000599	924	atmospheric	2017-06-26 14:59:17
00000000-0000-0000-0000-000000000599_000924	00000000-0000-0000-0000-000000000599	924	cinematography	2017-06-26 14:59:26
00000000-0000-0000-0000-000000000599_000924	00000000-0000-0000-0000-000000000599	924	classic	2017-06-26 14:59:34
00000000-0000-0000-0000-000000000599_000924	00000000-0000-0000-0000-000000000599	924	computer	2017-06-26 14:59:53
00000000-0000-0000-0000-000000000599_000924	00000000-0000-0000-0000-000000000599	924	confusing ending	2017-06-26 14:59:39
00000000-0000-0000-0000-000000000599_000924	00000000-0000-0000-0000-000000000599	924	cult film	2017-06-26 14:59:31
00000000-0000-0000-0000-000000000599_000924	00000000-0000-0000-0000-000000000599	924	Dull	2017-06-26 15:00:11
00000000-0000-0000-0000-000000000599_000924	00000000-0000-0000-0000-000000000599	924	future	2017-06-26 14:59:30
00000000-0000-0000-0000-000000000599_000924	00000000-0000-0000-0000-000000000599	924	futuristic	2017-06-26 14:59:36
00000000-0000-0000-0000-000000000599_000924	00000000-0000-0000-0000-000000000599	924	imdb top 250	2017-06-26 15:00:04
00000000-0000-0000-0000-000000000599_000924	00000000-0000-0000-0000-000000000599	924	masterpiece	2017-06-26 14:59:22
00000000-0000-0000-0000-000000000599_000924	00000000-0000-0000-0000-000000000599	924	meditative	2017-06-26 14:59:28
00000000-0000-0000-0000-000000000599_000924	00000000-0000-0000-0000-000000000599	924	music	2017-06-26 14:59:33
00000000-0000-0000-0000-000000000599_000924	00000000-0000-0000-0000-000000000599	924	mystery	2017-06-26 15:00:02
00000000-0000-0000-0000-000000000599_000924	00000000-0000-0000-0000-000000000599	924	Oscar (Best Effects - Visual Effects)	2017-06-26 14:59:51
00000000-0000-0000-0000-000000000599_000924	00000000-0000-0000-0000-000000000599	924	overrated	2017-06-26 15:00:13
00000000-0000-0000-0000-000000000599_000924	00000000-0000-0000-0000-000000000599	924	philosophical	2017-06-26 14:59:19
00000000-0000-0000-0000-000000000599_000924	00000000-0000-0000-0000-000000000599	924	relaxing	2017-06-26 14:59:58
00000000-0000-0000-0000-000000000599_000924	00000000-0000-0000-0000-000000000599	924	revolutionary	2017-06-26 14:59:54
00000000-0000-0000-0000-000000000599_000924	00000000-0000-0000-0000-000000000599	924	robots	2017-06-26 14:59:41
00000000-0000-0000-0000-000000000599_000924	00000000-0000-0000-0000-000000000599	924	sci-fi	2017-06-26 14:59:11
00000000-0000-0000-0000-000000000599_000924	00000000-0000-0000-0000-000000000599	924	setting:space/space ship	2017-06-26 14:59:56
00000000-0000-0000-0000-000000000599_000924	00000000-0000-0000-0000-000000000599	924	slow	2017-06-26 14:59:25
00000000-0000-0000-0000-000000000599_000924	00000000-0000-0000-0000-000000000599	924	slow paced	2017-06-26 15:00:06
00000000-0000-0000-0000-000000000599_000924	00000000-0000-0000-0000-000000000599	924	soundtrack	2017-06-26 14:59:45
00000000-0000-0000-0000-000000000599_000924	00000000-0000-0000-0000-000000000599	924	space	2017-06-26 14:59:16
00000000-0000-0000-0000-000000000599_000924	00000000-0000-0000-0000-000000000599	924	space travel	2017-06-26 14:59:50
00000000-0000-0000-0000-000000000599_000924	00000000-0000-0000-0000-000000000599	924	spacecraft	2017-06-26 14:59:48
00000000-0000-0000-0000-000000000599_000924	00000000-0000-0000-0000-000000000599	924	Stanley Kubrick	2017-06-26 14:59:14
00000000-0000-0000-0000-000000000599_000924	00000000-0000-0000-0000-000000000599	924	superb soundtrack	2017-06-26 15:00:25
00000000-0000-0000-0000-000000000599_000924	00000000-0000-0000-0000-000000000599	924	surreal	2017-06-26 14:59:23
00000000-0000-0000-0000-000000000599_000924	00000000-0000-0000-0000-000000000599	924	technology	2017-06-26 15:00:27
00000000-0000-0000-0000-000000000599_000924	00000000-0000-0000-0000-000000000599	924	tedious	2017-06-26 15:00:14
00000000-0000-0000-0000-000000000599_000924	00000000-0000-0000-0000-000000000599	924	visual	2017-06-26 14:59:59
00000000-0000-0000-0000-000000000599_000924	00000000-0000-0000-0000-000000000599	924	visually appealing	2017-06-26 14:59:20
00000000-0000-0000-0000-000000000599_001732	00000000-0000-0000-0000-000000000599	1732	black comedy	2017-06-26 14:51:01
00000000-0000-0000-0000-000000000599_001732	00000000-0000-0000-0000-000000000599	1732	bowling	2017-06-26 14:51:11
00000000-0000-0000-0000-000000000599_001732	00000000-0000-0000-0000-000000000599	1732	classic	2017-06-26 14:51:44
00000000-0000-0000-0000-000000000599_001732	00000000-0000-0000-0000-000000000599	1732	coen brothers	2017-06-26 14:50:56
00000000-0000-0000-0000-000000000599_001732	00000000-0000-0000-0000-000000000599	1732	comedy	2017-06-26 14:51:08
00000000-0000-0000-0000-000000000599_001732	00000000-0000-0000-0000-000000000599	1732	crime	2017-06-26 14:51:32
00000000-0000-0000-0000-000000000599_001732	00000000-0000-0000-0000-000000000599	1732	Cult classic	2017-06-26 14:51:20
00000000-0000-0000-0000-000000000599_001732	00000000-0000-0000-0000-000000000599	1732	cult film	2017-06-26 14:51:00
00000000-0000-0000-0000-000000000599_001732	00000000-0000-0000-0000-000000000599	1732	dark comedy	2017-06-26 14:50:58
00000000-0000-0000-0000-000000000599_001732	00000000-0000-0000-0000-000000000599	1732	deadpan	2017-06-26 14:51:43
00000000-0000-0000-0000-000000000599_001732	00000000-0000-0000-0000-000000000599	1732	drugs	2017-06-26 14:51:26
00000000-0000-0000-0000-000000000599_001732	00000000-0000-0000-0000-000000000599	1732	funny	2017-06-26 14:51:31
00000000-0000-0000-0000-000000000599_001732	00000000-0000-0000-0000-000000000599	1732	great dialogue	2017-06-26 14:51:04
00000000-0000-0000-0000-000000000599_001732	00000000-0000-0000-0000-000000000599	1732	great soundtrack	2017-06-26 14:51:23
00000000-0000-0000-0000-000000000599_001732	00000000-0000-0000-0000-000000000599	1732	Highly quotable	2017-06-26 14:51:36
00000000-0000-0000-0000-000000000599_001732	00000000-0000-0000-0000-000000000599	1732	imdb top 250	2017-06-26 14:51:41
00000000-0000-0000-0000-000000000599_001732	00000000-0000-0000-0000-000000000599	1732	Jeff Bridges	2017-06-26 14:51:09
00000000-0000-0000-0000-000000000599_001732	00000000-0000-0000-0000-000000000599	1732	John Goodman	2017-06-26 14:51:18
00000000-0000-0000-0000-000000000599_001732	00000000-0000-0000-0000-000000000599	1732	Julianne Moore	2017-06-26 14:51:34
00000000-0000-0000-0000-000000000599_001732	00000000-0000-0000-0000-000000000599	1732	kidnapping	2017-06-26 14:51:39
00000000-0000-0000-0000-000000000599_001732	00000000-0000-0000-0000-000000000599	1732	marijuana	2017-06-26 14:51:21
00000000-0000-0000-0000-000000000599_001732	00000000-0000-0000-0000-000000000599	1732	Nudity (Full Frontal)	2017-06-26 14:51:28
00000000-0000-0000-0000-000000000599_001732	00000000-0000-0000-0000-000000000599	1732	off-beat comedy	2017-06-26 14:51:13
00000000-0000-0000-0000-000000000599_001732	00000000-0000-0000-0000-000000000599	1732	Philip Seymour Hoffman	2017-06-26 14:51:15
00000000-0000-0000-0000-000000000599_001732	00000000-0000-0000-0000-000000000599	1732	quirky	2017-06-26 14:51:03
00000000-0000-0000-0000-000000000599_001732	00000000-0000-0000-0000-000000000599	1732	ransom	2017-06-26 14:51:48
00000000-0000-0000-0000-000000000599_001732	00000000-0000-0000-0000-000000000599	1732	rug	2017-06-26 14:51:46
00000000-0000-0000-0000-000000000599_001732	00000000-0000-0000-0000-000000000599	1732	sarcasm	2017-06-26 14:51:25
00000000-0000-0000-0000-000000000599_001732	00000000-0000-0000-0000-000000000599	1732	satirical	2017-06-26 14:51:06
00000000-0000-0000-0000-000000000599_001732	00000000-0000-0000-0000-000000000599	1732	Steve Buscemi	2017-06-26 14:51:16
00000000-0000-0000-0000-000000000599_001732	00000000-0000-0000-0000-000000000599	1732	violence	2017-06-26 14:51:37
00000000-0000-0000-0000-000000000599_002959	00000000-0000-0000-0000-000000000599	2959	action	2017-06-26 15:02:10
00000000-0000-0000-0000-000000000599_002959	00000000-0000-0000-0000-000000000599	2959	atmospheric	2017-06-26 15:01:46
00000000-0000-0000-0000-000000000599_002959	00000000-0000-0000-0000-000000000599	2959	based on a book	2017-06-26 15:01:56
00000000-0000-0000-0000-000000000599_002959	00000000-0000-0000-0000-000000000599	2959	Brad Pitt	2017-06-26 15:01:33
00000000-0000-0000-0000-000000000599_002959	00000000-0000-0000-0000-000000000599	2959	challenging	2017-06-26 15:02:43
00000000-0000-0000-0000-000000000599_002959	00000000-0000-0000-0000-000000000599	2959	Chuck Palahniuk	2017-06-26 15:02:29
00000000-0000-0000-0000-000000000599_002959	00000000-0000-0000-0000-000000000599	2959	classic	2017-06-26 15:02:05
00000000-0000-0000-0000-000000000599_002959	00000000-0000-0000-0000-000000000599	2959	clever	2017-06-26 15:02:40
00000000-0000-0000-0000-000000000599_002959	00000000-0000-0000-0000-000000000599	2959	complicated	2017-06-26 15:02:03
00000000-0000-0000-0000-000000000599_002959	00000000-0000-0000-0000-000000000599	2959	consumerism	2017-06-26 15:02:45
00000000-0000-0000-0000-000000000599_002959	00000000-0000-0000-0000-000000000599	2959	crime	2017-06-26 15:02:15
00000000-0000-0000-0000-000000000599_002959	00000000-0000-0000-0000-000000000599	2959	dark	2017-06-26 15:02:08
00000000-0000-0000-0000-000000000599_002959	00000000-0000-0000-0000-000000000599	2959	dark comedy	2017-06-26 15:01:31
00000000-0000-0000-0000-000000000599_002959	00000000-0000-0000-0000-000000000599	2959	David Fincher	2017-06-26 15:02:06
00000000-0000-0000-0000-000000000599_002959	00000000-0000-0000-0000-000000000599	2959	disturbing	2017-06-26 15:01:48
00000000-0000-0000-0000-000000000599_002959	00000000-0000-0000-0000-000000000599	2959	double life	2017-06-26 15:02:38
00000000-0000-0000-0000-000000000599_002959	00000000-0000-0000-0000-000000000599	2959	Edward Norton	2017-06-26 15:01:36
00000000-0000-0000-0000-000000000599_002959	00000000-0000-0000-0000-000000000599	2959	fighting	2017-06-26 15:02:17
00000000-0000-0000-0000-000000000599_002959	00000000-0000-0000-0000-000000000599	2959	great acting	2017-06-26 15:02:31
00000000-0000-0000-0000-000000000599_002959	00000000-0000-0000-0000-000000000599	2959	helena bonham carter	2017-06-26 15:02:19
00000000-0000-0000-0000-000000000599_002959	00000000-0000-0000-0000-000000000599	2959	imaginary friend	2017-06-26 15:02:25
00000000-0000-0000-0000-000000000599_002959	00000000-0000-0000-0000-000000000599	2959	imdb top 250	2017-06-26 15:02:21
00000000-0000-0000-0000-000000000599_002959	00000000-0000-0000-0000-000000000599	2959	mental illness	2017-06-26 15:01:43
00000000-0000-0000-0000-000000000599_002959	00000000-0000-0000-0000-000000000599	2959	mind-blowing	2017-06-26 15:02:35
00000000-0000-0000-0000-000000000599_002959	00000000-0000-0000-0000-000000000599	2959	mindfuck	2017-06-26 15:01:52
00000000-0000-0000-0000-000000000599_002959	00000000-0000-0000-0000-000000000599	2959	narrated	2017-06-26 15:02:14
00000000-0000-0000-0000-000000000599_002959	00000000-0000-0000-0000-000000000599	2959	Nudity (Topless)	2017-06-26 15:02:42
00000000-0000-0000-0000-000000000599_002959	00000000-0000-0000-0000-000000000599	2959	Palahnuik	2017-06-26 15:02:28
00000000-0000-0000-0000-000000000599_002959	00000000-0000-0000-0000-000000000599	2959	philosophical	2017-06-26 15:01:51
00000000-0000-0000-0000-000000000599_002959	00000000-0000-0000-0000-000000000599	2959	philosophy	2017-06-26 15:01:38
00000000-0000-0000-0000-000000000599_002959	00000000-0000-0000-0000-000000000599	2959	postmodern	2017-06-26 15:02:34
00000000-0000-0000-0000-000000000599_002959	00000000-0000-0000-0000-000000000599	2959	powerful ending	2017-06-26 15:02:01
00000000-0000-0000-0000-000000000599_002959	00000000-0000-0000-0000-000000000599	2959	psychological	2017-06-26 15:01:49
00000000-0000-0000-0000-000000000599_002959	00000000-0000-0000-0000-000000000599	2959	psychological thriller	2017-06-26 15:02:33
00000000-0000-0000-0000-000000000599_002959	00000000-0000-0000-0000-000000000599	2959	psychology	2017-06-26 15:01:30
00000000-0000-0000-0000-000000000599_002959	00000000-0000-0000-0000-000000000599	2959	quirky	2017-06-26 15:01:58
00000000-0000-0000-0000-000000000599_002959	00000000-0000-0000-0000-000000000599	2959	satirical	2017-06-26 15:02:00
00000000-0000-0000-0000-000000000599_002959	00000000-0000-0000-0000-000000000599	2959	schizophrenia	2017-06-26 15:02:47
00000000-0000-0000-0000-000000000599_002959	00000000-0000-0000-0000-000000000599	2959	social commentary	2017-06-26 15:01:34
00000000-0000-0000-0000-000000000599_002959	00000000-0000-0000-0000-000000000599	2959	societal criticism	2017-06-26 15:02:26
00000000-0000-0000-0000-000000000599_002959	00000000-0000-0000-0000-000000000599	2959	stylized	2017-06-26 15:02:12
00000000-0000-0000-0000-000000000599_002959	00000000-0000-0000-0000-000000000599	2959	surreal	2017-06-26 15:01:40
00000000-0000-0000-0000-000000000599_002959	00000000-0000-0000-0000-000000000599	2959	TERRORISM	2017-06-26 15:02:46
00000000-0000-0000-0000-000000000599_002959	00000000-0000-0000-0000-000000000599	2959	thought-provoking	2017-06-26 15:01:41
00000000-0000-0000-0000-000000000599_002959	00000000-0000-0000-0000-000000000599	2959	twist	2017-06-26 15:02:23
00000000-0000-0000-0000-000000000599_002959	00000000-0000-0000-0000-000000000599	2959	twist ending	2017-06-26 15:01:28
00000000-0000-0000-0000-000000000599_002959	00000000-0000-0000-0000-000000000599	2959	violence	2017-06-26 15:01:44
00000000-0000-0000-0000-000000000599_002959	00000000-0000-0000-0000-000000000599	2959	violent	2017-06-26 15:01:54
00000000-0000-0000-0000-000000000600_000273	00000000-0000-0000-0000-000000000600	273	gothic	2009-03-23 01:24:24
00000000-0000-0000-0000-000000000606_001357	00000000-0000-0000-0000-000000000606	1357	music	2007-04-17 08:16:33
00000000-0000-0000-0000-000000000606_001948	00000000-0000-0000-0000-000000000606	1948	British	2007-04-25 23:50:49
00000000-0000-0000-0000-000000000606_003578	00000000-0000-0000-0000-000000000606	3578	Romans	2007-03-07 05:29:04
00000000-0000-0000-0000-000000000606_005694	00000000-0000-0000-0000-000000000606	5694	70mm	2007-04-04 07:08:12
00000000-0000-0000-0000-000000000606_006107	00000000-0000-0000-0000-000000000606	6107	World War II	2007-05-07 02:49:07
00000000-0000-0000-0000-000000000606_007382	00000000-0000-0000-0000-000000000606	7382	for katie	2007-02-12 07:46:59
00000000-0000-0000-0000-000000000606_007936	00000000-0000-0000-0000-000000000606	7936	austere	2007-03-09 07:18:54
00000000-0000-0000-0000-000000000610_003265	00000000-0000-0000-0000-000000000610	3265	gun fu	2017-05-04 05:39:44
00000000-0000-0000-0000-000000000610_003265	00000000-0000-0000-0000-000000000610	3265	heroic bloodshed	2017-05-04 05:39:38
00000000-0000-0000-0000-000000000610_168248	00000000-0000-0000-0000-000000000610	168248	Heroic Bloodshed	2017-05-04 05:44:30
