user_id	email_encrypted	email_hash
00000000-0000-0000-0000-000000000001	gAAAAABqkllUuXN9d6QgJxmfGKKGmE8plMSlBG5jkeWS4AMEAC_PxBqwM_LxyKv8kSQCXEguWd-YjWk4ezgx2AUzLE6DyL_wrw==	9e369cf213b68113ae904f3b5fea43608472057e830423132a2e45299d41b6b0
00000000-0000-0000-0000-000000000002	gAAAAABqkllUWyaAK9nMIBWDoCZ1sHaPw4S70MeOG-rphEbskfvZrocASZAkiVJcRGbfmUYJ8dvEF5Rqxa162kr5QVzP2Bs9nQ==	e3a28ae0370dea73cab7bb343919a223980a8ac2d14da12579738a034861f960
00000000-0000-0000-0000-000000000003	gAAAAABqkllUX7FWFS36oLDDG7xUk2d_ohE59t95ql7-Vqn6t8H_3tB_0xuMIORAqdjElIdv0h3Bol7MNk6jnD0e5vROokzKHA==	e4d584428fa0972eee1d3f6e0c8d1a00647c8809f7173bcee26e9c90aed78547
00000000-0000-0000-0000-000000000004	gAAAAABqkllUdahiUZCygbqe32BqHIyFyJjARt02pMOCeJ90281833mZRKrLP57rp3KErw_kEmRnuGAQThyWFxljmrU1mflbgA==	c278ca0d24956bdf2d28bd92a88bd3c310c94306ab113f80ff73023ce0a86cff
00000000-0000-0000-0000-000000000005	gAAAAABqkllUyAQ2j5xJNcpyi_tBQeXrqkECPFaTSkpTPryQeiTE7Kdr6-qHBZYXfrmd_T1QDCCc-yhGJC6HnMASNFOUob_0cQ==	02fcedd462a988607f87b4b68dfa5a2c5d43699c43aa66b4fc423013784567c4
00000000-0000-0000-0000-000000000006	gAAAAABqkllUQbmVTWoyNQIBtfb2ymVO1io8LdmJL126AlJ35pQ0-F-jF6ZQA7lenTbe3trVoKLsBkjaL18eJPtcp7nYNYAhwQ==	f367bc4b199ebb3c2f11248e17a5298a44d9594d449ab4254fc52e6deb750adc
00000000-0000-0000-0000-000000000007	gAAAAABqkllU8WW7V3kDHmDch7Adji7BL3soEdP9uqEOHDuIhHvSujs-GmniMnGGFSfNyuvZRoVwLlgko69G0hP7pkAtBnBTvA==	f95aed5fa69bf45448a437c91ec69ae312662867b913565646a41bc3f7868510
00000000-0000-0000-0000-000000000008	gAAAAABqkllU6YF30Onqx9xYDRf1KANer8plgTdZAsElkMU-Ixp5tEmUTd29VBXFg245SsMLchJPDvXzlRpZGQmKFaz5JYzSRA==	99f438a6a6eff3be0903036feb6570ca68220de4ed7195011b7f9023d7db4a0b
00000000-0000-0000-0000-000000000009	gAAAAABqkllUAbSJdL3iqSXIuIWzZfoHwd8t8BRcvnX-alAWARHcYcFNOwzdxDV39QaZFmDRcSugKjvrvC_-tYRHlOkNrfmzvg==	4d688cfd7f12a6b4f067be21571afb6f8179d7bf95c39fe8211b9aed41722dd1
00000000-0000-0000-0000-000000000010	gAAAAABqkllUz-oVYkDe-r1B4cwIYy-S7iQl0xMDENkGxsq2NhTOnNu1V0StJsqR9BLRD9_oA0OgAJ-gS4gukMWAzZBvVFd8Hw==	1f4a1c4e3018c83279df558bc59f0ed8b3162c251bec0d78fd308054e06ebca6
00000000-0000-0000-0000-000000000011	gAAAAABqkllUzOsGVzRdZzBrhnX2Ruqkgi8dUkRA0o9viXfmgAmf7SrjuOaWJkMMacUKOLCVrirSzYUW3Nxiy12087DJUwVyVg==	f23afb4b96bba8e8d7b7ded8d1b73347419ec9a7d4ee936c9ceafb995d431cc7
00000000-0000-0000-0000-000000000012	gAAAAABqkllUbCpiKghU8Qm6t2v7Y9gs8dq9Xs351Mnqa6XTBR4DYzyeBz3WYKRYyR1NbYC1lM32AK0CYqOiZiwtjGOqWWbbdA==	d086fc840cba98395bdfd77d92b9763338767bafb5241a34cd8c00bc59bb61fa
00000000-0000-0000-0000-000000000013	gAAAAABqkllUVYAUDMjSeTpWsFIxsjAbqt7I0VIyZ1myaeTnwVO30b6Vf2j-j6fDt3ihd1BiYCEpXUyeYfFyI7qfEguOJo6IPw==	f904df2023d353640fc99abeab8dbe252d477bad641c961a56479cf7912875bb
00000000-0000-0000-0000-000000000014	gAAAAABqkllUOcuyWPFjae0fcq3Cb2FdZFC27VFUaP8vE-nXqJ2guFQwsScvA3jRmgFwj4mP-6f4RAYfmNHNy3g-_oihzftTww==	bc1f234e6615b77ff1f8fa13f00de66442df8b18fca03b4b97438cff751fc58b
00000000-0000-0000-0000-000000000015	gAAAAABqkllUDD31kVVvrbupBdqCb09XYznhn_xV7UqllcSWqu9QGD5hsQ_HyUi79HKlienSsYtolDQna7nmhf8n9MMzC03TdQ==	47919fabc7ec80c603aff6bf8645376f82b5ae3f4566d9fafd15706a202839fd
00000000-0000-0000-0000-000000000016	gAAAAABqkllUX_0vmsapFBlQ_n4ublVqWlsPk8Zrs5p8XOhD0hfa-kBak27gAcWhFNNgtAEIXiT7spMnpufx6RMFP3nA40sCZw==	4ef6cac5dfbc7b80eb5cc634fe52f85b88aec260c40ec003786349d19a9ecc39
00000000-0000-0000-0000-000000000017	gAAAAABqkllUdVFcHqlQPw-idOtgm7k8viwY9QVG71r9W9fmkoTnGR669n_4yHmP9qIZiGtB9zd-k2yaIBFa7-IZY6qk8WMPdA==	4c52129612e7d56cdbf2e0f19209e18adcc6d0bb50f01547912e3b9575c723f6
00000000-0000-0000-0000-000000000018	gAAAAABqkllUhEDAC4BogrhZYOy9CMJdt5biDG4fQo6Bgpy_vGw5qGb9tgGySbRS9Ev28P-kpGyMZJQ4pOlCx9UCf7VhyPxUtw==	06e39b10f780a0684e8d9d0689374d10653c1b1ffacf619b8d90d8bc56b597f0
00000000-0000-0000-0000-000000000019	gAAAAABqkllUabh4hmfzVOhUGjevoLZDUSjwJ0DoY-ZuWySdG0PCXrCW62sk-E_jvO0cIL4JA65y2uzEa8ODCd50WUnA3zxVxQ==	1cbd790797b74dd59a2d501126ae4fb1baa3f78efc23fc537d96392b8620a386
00000000-0000-0000-0000-000000000020	gAAAAABqkllUWOsG1hMeNZIzLd7OGficmXNz2pNtZePrXw8CcaHu2ldKVBRod9UzSbMXsogOAJkEbgxHKeKUkzD08kVi23gVnQ==	7da33ad93f1b70fc41ba9616b786149b52922f0bfaea5992f07d85c259ddb999
00000000-0000-0000-0000-000000000021	gAAAAABqkllUy67pmG8zbbdnYFirByqEJN9uTXywnrELpJHMTm2CSbapnou1Dr7mvECPuofyxdeBEqe1Z_lHdN1lz51CfE8iYw==	edd3ec646cd82c60f2df264ac979b5fe1a2db20c9488b12e37ae98e4f0f5a190
00000000-0000-0000-0000-000000000022	gAAAAABqkllUd2WTMJF0eXgY4933hOSu8MsiHdeK6H3r56deVdhk8eMmNgBspHbeg15wByxXC_lkooNRVokhbCetaZt2osBmYQ==	546eabfb38f3595e921a3e01bdbffbf129763cb9d4cce4c7c4bc1fc1930de045
00000000-0000-0000-0000-000000000023	gAAAAABqkllUhlbQ7do5ttX8URbPaUyccE3InH6AMgvko6BkBPmW8o-e8LHOEvLFyKjP0x48vaC7Xe8N3DgBQCTtMqcS3dnl9A==	0c18e1c55ee262556b8891a887e8571b8257a3e7df5f09fc6f35cb9c384d35c0
00000000-0000-0000-0000-000000000024	gAAAAABqkllUmBIbaU-Rd-agbiC5JfXOWRXc4vhgLsEKIyOygjMUR3_1eVtGXCgZ6nm5ifTs8LfoMZIYJb9UIcyirlRpD6GN-g==	8d5cf348319febb42005945b51b8a9231879fdd3bde070e49ebbb056bb0b1d62
00000000-0000-0000-0000-000000000025	gAAAAABqkllUVylx64s8kP-Z-xnVM9FGWvKuNb6zavq5iOXiHAhm0tdhiHrw6aDUweTKQXOw3560e8r_qVgt232RTZp2C3ThpQ==	332e0e885b9240b2fd1cd6a93060a2b84cccd0ea3bef56f52c1bd2c1ad9146ed
00000000-0000-0000-0000-000000000026	gAAAAABqkllUgXY9s203bLGfLvsh-FrlW4PCt6fTI1Zx4ESCqBcV_spLsAtXfYghmx_iMn38cvvx6CYSnMbqjAWWLNlEfNkvdg==	c2ea51412ae95733f1aae8d1567ce9c3176b3344a0982193ae0ce03720450681
00000000-0000-0000-0000-000000000027	gAAAAABqkllUTpv6h1slnVydN9NPvW2F9PjchlktOAkII_8fY9e6ldOFhMsRufE67tTs3b2LgAB5ejlI-K8OV2Lg5ZNVm5bwmQ==	49416f4d68a5be7965a76a81494d7aa0f32f59b5b3393bee350bb9e5712c8731
00000000-0000-0000-0000-000000000028	gAAAAABqkllUe5cW0fxZh9tSM1IyK9wVmw_ejXdia9L7Nrfk8s3dQTvFnyvigT7yvsUZ4wo4gj8yp5ltdEvnSR28dMgeSUlb-Q==	5f7acc7cdea3a31b76b78290b600d71c575eb89c29d8ea2b21deb7fcb2a0da71
00000000-0000-0000-0000-000000000029	gAAAAABqkllUeTqSFbhy2bjrMBfVYHVN70_DfXKcagsYAKzL_uV2WQ4Xuv0LUSBLvzjDHzZTUueFJwIBEpT-YXbKpiqkwFMurg==	1c1061837f7b2046b1136711d4aa072f26cbb2b95c56b4b3390469c4c1c4dc1f
00000000-0000-0000-0000-000000000030	gAAAAABqkllUGR9n6F-kpXViNZPsMfOpqBPdmyRGKt4peg2W8LjPlt0VnBfh2GvSQDHi5qluDO5VjFCjoBge171stqHfLMh98g==	13307e739dd861f4a71703f94b77239891e65a711c06c664c67bf41b6aba233d
00000000-0000-0000-0000-000000000031	gAAAAABqkllUJL-gkEwT8HYvcYXK_tAJ5hIyE4vtjygspr-w_KQujsfuJ3lcEv0BaLKNTB5nnnS5r5dMATj7Gp4ZryPPJTX7wg==	8f18c065dc88411b0b5b7879fb9287638a4865d15f43a6456842202c82f5138f
00000000-0000-0000-0000-000000000032	gAAAAABqkllU4nXB0hzCJupvPTdW93P4udQ0mtfVC-QBIA1LxgQIGOVtQmO8t8G2N32DPtOH49B4avisroxbglK-4slx_CAM6w==	619ea7b79350fb33c8bab189b012782f13803cbb5b18aac1af58348da146e63a
00000000-0000-0000-0000-000000000033	gAAAAABqkllU088qPh08bJXbdhi4tkKjp9iZ_9joApE4493q4jB6hK209N0Cx65fi4fBS-H6pPCh5xo3dLrh9ttfg6YQNgTlDw==	b942ce5e8c7147eb04b8c49da0d6517ec750e073dc75625c7b12cbd361a5facc
00000000-0000-0000-0000-000000000034	gAAAAABqkllUsUPfz7syt5gDp1vKxlazAVZWNnDVBWKt8MBKcRgzPbcHJoEVYfxV2a0w1S-AH1QixOOnqnT3O2wlTczXRPbObA==	f798706089120952a0d2a31fe0a430208e16b3bbcb905127e6d79610d0e77569
00000000-0000-0000-0000-000000000035	gAAAAABqkllUd8R6VuWZ1GVwv4E3CmTPrdiLbUcUKxq2-3g6R5ttw3LIvXtJ0EXI3898iWkTQqSm2EGcKq0tvc75YdU5gJ7qSg==	c7dad2400cb3f731e1ac1d9e5a24077553536fa23fbc6dece7528dd12178a13d
00000000-0000-0000-0000-000000000036	gAAAAABqkllUqOgTntFVnf8e91gS26UC3kZ4AAfBeAHNN3NWFUFPQklTVic01yL32BskhNcd4xFnvg3-MpIfIsW18vc5tT-zoA==	e087ac61531c3639e97ed24a8f9aaebb9b4294eea3dd73daa3c1fd604002e57f
00000000-0000-0000-0000-000000000037	gAAAAABqkllUBGhDOGvBMcjBdcYed2T7rCW0Y8OfKAaJ3JP16yaFvqdtOw8l5FuZgSqMoIeIlzfTG6q83Ll7KJD1ofkiPXB0ZA==	4d15032622ecc51a1fcc3ba8292f651ea7904a9dfae18b9bbc714a8ce2712a05
00000000-0000-0000-0000-000000000038	gAAAAABqkllUq5cjefVYqzFGhSp7TxH-bDNzDdgROFjFiC3ZRfpRzjrBX_74LieL7nkd0XLpfGAmxtHVV56bObq7awbxlKqedA==	ca2631333279aaeadd0d46735d311f60624a6a893e606fe16fdbd780d4fb3bc7
00000000-0000-0000-0000-000000000039	gAAAAABqkllU0bQtZDBeZMt5sIj7HVmAjk-os2SHJiPpKiSejJFKJubhJrxl7tHHlAytk7ss7h6Gg-9nAT8zRUcBZycKTAnOSQ==	d40a7527ea103fcf894ab970010bd0a82c8efc1e61ee39e725d562119f1abfca
00000000-0000-0000-0000-000000000040	gAAAAABqkllUkLVOklvPv2cP020OlprnV0jghXoxEycU8emhfyCCCmIooXe0TpeMceIGrfuihz1v3QXN491NYwitBuDJjvbyVQ==	e0ab04af87f65e4a212ac8f248b052f93a5dce54c5eb43cb177c8e4fa4e7f7b1
00000000-0000-0000-0000-000000000041	gAAAAABqkllUMXvb8oDXBJ_vMTOZALzQBSmckHKlz2mxt3aKswcdfRp5ikECW6oa-BL7fNALFAqbIJ61V1W1wmyJzwSqVtzVSA==	3411fb17f2954a739e05c408a449a98e77924bdedce68f3994e79e7ffbf90361
00000000-0000-0000-0000-000000000042	gAAAAABqkllU51H_1psuTOEQkSMQVMWWx_SHVey6OwueHUPQ82AZF4jopEt5Ot63M3VnePnzMNZSDWXby1rycGAc9Ghl6XyVLA==	c0bd74989d67ad89caf876babc2bcef9005d0da21225ccec73838b31017fa4a7
00000000-0000-0000-0000-000000000043	gAAAAABqkllUwHUzR99Pkb0RHPs7tHbGe1-Dod4kKn85EyNBs47PNKp52IWv4x_17aOEjLRWYBAu6Mj9D1U6BrUzMSVwG3k6MQ==	f551471fc990c7f378ccf4e9c31bb152dde03864cb5601dfcf20987b01465962
00000000-0000-0000-0000-000000000044	gAAAAABqkllUTYp8ZVchARu4Eoj3PQbcLYAoCXnHrd8nyzmJhKr4wuOKPUwoO9eXVbTFvaOEHDtyZ3ySeLFm0gxNHTvpoy3tCg==	2601b83ba8f448654a3b990a0c0d6edede6b1908a36561103a0a5ffd6341589b
00000000-0000-0000-0000-000000000045	gAAAAABqkllUKeTV8vWEsU5onpKxbbvJj-dN4xilb4cM-OJpMXUJZPHpzrD4vGPUC0zNj210VZwQhcekJI4HCGbzSX89R4bd5w==	df09ac1cedb5f3992c42c3e862ae50b77363a3919c76a6506ae0c0ceae497030
00000000-0000-0000-0000-000000000046	gAAAAABqkllUNX5GgGHqtCNiKMGiGyF_Td7k4LOkaWDjVMZrdB3Ijnx4haWA04hdOgDbNYYukol8bE6GD3BUUYcESkfXhuMcjQ==	c97790f7795223800280c220631e800918e4d308dac899793641ec3f23069168
00000000-0000-0000-0000-000000000047	gAAAAABqkllUfBHI6P72mAnI_qK7TpBDmhkmW-ByQAhbHhCbDuXJOHEGcx9eJfpWnlJa5vdHQZSkCc9VIX0MWMV1L9Iw8znp4w==	b31272ecc4920487ddcd33c48a79132a364662948b9ba407289c9494940ba5e2
00000000-0000-0000-0000-000000000048	gAAAAABqkllUWtMFyy7dCX4aKbOYc9QroOOZlsJVi2xdNW0nz4RO5V2E6LHRMuacik4YIzaINp_m-_3cj3kyjx5JwwYT4p6qgA==	3f7ac1d5ff39d872d71e7c921c04ff96b3c754e739f515ab6d9f09b60d5be59e
00000000-0000-0000-0000-000000000049	gAAAAABqkllUQjCkaBa7_grvowGxVTQAx5MLmr4caVRBnjLhZgZsJ5gTxv1swsOwgxxsLJcDahxdZYnvuCv9ThD6WpDKIZQpbg==	5c4d4a690599db66b75867553da5ecefeed20e000cf88161782cc0d22829cd38
00000000-0000-0000-0000-000000000050	gAAAAABqkllUocphxv4sullR_-ueSV-seKhKgbZqazCN4qrjQiQG9HYGbweu3u2Bx4nlbEKN5XB1fgqyMdTa1nxdjt6m2Hf_SQ==	ca010018b73729a7a4e2bcb2e576504c141a6c5320bbd55c19a5e640cbbc22b6
00000000-0000-0000-0000-000000000051	gAAAAABqkllUqnnZHR87QvhqYo1ih4sy0f6-FPkGOCdK2ylqpzhB6LliNRa49POXMH8RNNWCIT2_q-IP72vE0r9naDzIsjWZAg==	152594ab952692da93e978690f31d19b2d63b662202f307ec541e88b93160098
00000000-0000-0000-0000-000000000052	gAAAAABqkllUnh765l0zmDZhqNc3mur9e7NPXo_UWyUmRx1gjCp0dy0rXqvfUFAsr53kLI6rbOo3UlUUsIN8Uff-dzTzkfekmQ==	8416166b1b79f3e1e06fe3e25a639925a240f97e58b34054267af830e0b1d83d
00000000-0000-0000-0000-000000000053	gAAAAABqkllUbo7HxcqSL100as34UbxZAVoPVt_Zm8HD90cQUQOUdRej7w5Py84Be9oKBg7MapFiEgLC76_m8KcArpiHaK9I7A==	da7980fe58944b22a1bb1512163ba04cce5186eb0ac2556332fa1d762647e5e0
00000000-0000-0000-0000-000000000054	gAAAAABqkllUJl24emgCTrycxdAkdTlsvaRpp2PWlPT9NX97onQleUkvU8QLNs8FRs6bm7vfJSSVrEkNk27JxiVcwzAsXaAGnw==	26085efb68b671707e98978836f77b2132d902c9e705cf245fd73eaddb0e28b7
00000000-0000-0000-0000-000000000055	gAAAAABqkllU-1BSo7uHA499m45kDtB8Ml2fwI_nRYM7yn_9WGslNy8nhqiNbKGIPoTqYf7zxOO9LqUzqY3zEuWoyLQPwtR9uA==	cda8836021dd3e9ab7bb0b42f1030e13509f8f50660ca6f49a07953aed362407
00000000-0000-0000-0000-000000000056	gAAAAABqkllUS7TJqZJb5SAAQpbepo-bRhVV5BknRJiZKHFvsFU1Gv5s0du_C4MnRCXq0LXfwW39St0BwWvq9jYlvx31rBMUUA==	d63c5018aa2b7e93670fd02a1748919ac8b2b4c3b922103d12cb8fb2e2fa470e
00000000-0000-0000-0000-000000000057	gAAAAABqkllUHZOehMVbYjaq8iNvrA8ZVZ3AM-3yPwAA6wRPjq_L7Zq8RZxQhGasBGJG3ht900nA45yZUiBCPckv_riMmPS_mg==	c1432786d6fb23c6dd440c0b7715e130f8f83c807ef0ee676bc76d41183bcff3
00000000-0000-0000-0000-000000000058	gAAAAABqkllUMa4eu3UupgUF79JUs1kNKcCTUqsxRYAMNxW4mFVj9t-q3XC_RKS3kO9LoJzBG9J0aWCL5e0nW45ERO8q5p7I9g==	6ecc6d002af83eb9c23913a8bb960e0d67d1f31c7f0213a212fd9fd3110e5859
00000000-0000-0000-0000-000000000059	gAAAAABqkllU3gbI3L06NFgAr9Z5V4G7mmu16NagZqtK8A3VZmA-T0ssZo5BC70jbhv2FDV9hwvdnjEOH80CFPeiOoekJuVZww==	242380584a5a2916e610842f07c8f33e04e08a3fb85b0c23847503363d1bd5d1
00000000-0000-0000-0000-000000000060	gAAAAABqkllUuak4uhVnxoPRRb-yTXx--GHiWPPx9bNXPoW2vNTeY9BQetLnygATUFHqf4kzXQkVcFoBpkLTjm9sqaBcWfvIYQ==	79b5689807eeb2e6a872472b5be42433257a45b932031d90217f0085e779b5e7
00000000-0000-0000-0000-000000000061	gAAAAABqkllUYJ769FcduT0j0MTtQUzUWwZEwaLUVDBea8vQ6JWHuv5WR3Tuky55Pthha26dnsWd35cG8viD-Me3HvKuyRzaGA==	96ddcbe41cf2357a1e6b55ef794545ad8ab67b3518d5dd5863d5591f684b800a
00000000-0000-0000-0000-000000000062	gAAAAABqkllU_Y6BoGic-UWxTD5JBeFM5smGg6baog1RFTH_XIxJ32R4h5Yv90QdTvl6a3rBRAjgCAT2wnvmRnh7KwDc0S3jtg==	d050ab89e7b9d2af807c1ad44b5783eb482d3a85dca45e889c14eabe507dcb2f
00000000-0000-0000-0000-000000000063	gAAAAABqkllUvYE7_amGvC5fvKpp4HMjDoYSgTJcgu4QKwwmUJuQHPBuh40ytQW_dbliozeRlyBXw9BxI-b-ntJF0kONT5EjAg==	a5f33af02ddeb5a64a6ed3b0e1a9fe647a81ed3852aa114e87b6ccaea921c42b
00000000-0000-0000-0000-000000000064	gAAAAABqkllU9tecpngLK4jpl5h-BVAL1t0jDb3QWStx2_jdJ5eO9dxDC4Aov1yAn4SO0hilDYbp2aJ0g9rjPVt3Rk7t8V81iA==	a2d197554520315388a3edf049b2a65d8f0addabf94189e843099c1fcfaaa201
00000000-0000-0000-0000-000000000065	gAAAAABqkllUKUX4MqHk4zDBNcWyJFGMLJf3M_Hqs1pjx0OksEn_dOdjBqDRx1_ITdO7m2b5Z0WjXC3-gvluT0Ib6xYkS6cR-g==	1aa537e1a7f9f407812b879205345037e0b3ffe96f9a84733649cc5334d9e7b5
00000000-0000-0000-0000-000000000066	gAAAAABqkllUnlUKfAthiu-b1KTfW78fXx8gbQqULeEMIV4DGaA6oht_t2AsL0lFlvDWXTrSddKB1Jm6-4GeyCHIvsPw48Ec4w==	9bc948605646efd4e81ce1d7eb54c894b7d4f26fb8ed6ab4ce4a7745c65a58b2
00000000-0000-0000-0000-000000000067	gAAAAABqkllUns_iuOIj9Lw3oUbRY1wSJbcVFRF-P1JppnYdEBRzrfuI80J5gfQN4x_Esju2BokGJRRU5PpSEUqmESY28jJi6w==	4771d80d78cacad6bcaa0a3b62e051627d00f246d0b7e93a234129dce94fd004
00000000-0000-0000-0000-000000000068	gAAAAABqkllUQFW500pCzNXm2AXPlzbcoPAV4Ne7uIQq1T1NQ5rr931XSMrC0qWdnp-uQDqO4384HkW5SSHNHFBnn5WK2x2Baw==	cbeed435b9f11a129c6c3f6436500e16f4a64a7f73971a00af08b8899b63f479
00000000-0000-0000-0000-000000000069	gAAAAABqkllUbfD8gSduZ213haS9X8-WoLFGZWEs56AVZ9uMv1mBoHktoC8xazRp2K4c3N9nXFk17M5OGN-XWu6iq-cX5KDZAQ==	4119fe4575aebfe6423900371592ea6a382534dd6c5a512ae6b944a6d784efc4
00000000-0000-0000-0000-000000000070	gAAAAABqkllUEWb-er-8uV_OIIsyi3jcLUkqN4z44im0E6-AwZo1QLEoOAw0OCmLUsUZqlTWxZ073lzw8-45RC7eb2NXttqqIA==	3043dd6cdc15f0308477bc331afd32207636f369fff583e9bca4b2da8f696f1c
00000000-0000-0000-0000-000000000071	gAAAAABqkllU5OoFB8c2OVPAufCKzJ-wEGMXdyN-U0rKmm618OwTCiwkukdEwfRbzhTfrR08uHHRDn4QQqfX6PYpCFdgu84ESw==	04067dd105b35008ae30f4476bd6020d95ae03779d077b61dee4a840b3a49d39
00000000-0000-0000-0000-000000000072	gAAAAABqkllUbeFwxd3EJT4bg1p01NgtvuSKJpgoqJnueNOJ3knyoHV0kFsiu9g0a-0R6iRuM0MKztdTTqCxs07ATx4fBP9H5w==	bd6aa5de0db274e9f41df193ad89b5561d6b7b91eb232b4674f8975f9b0a6091
00000000-0000-0000-0000-000000000073	gAAAAABqkllUgSWrIIqPQmIuX6hzIC8lcHQQqoeoyc3W631cvTlNdMI9XLQ191Ox7dbu94x0rd5rIQyXYCYN-pihDGknQWAe-A==	8c437a6b304d3578d4621cf021bc72b090ed148c3659a7ff49aa8b314d81b4bb
00000000-0000-0000-0000-000000000074	gAAAAABqkllUWTJUL7lXNwkJQ2BKOHgXLcsX2FjLN42pz9jOFfF_Igo3CCG0E5dcQbhfseg6lhlBvsgYYvgHzG05A1gdUPo7Ww==	4247b0e06d88b6d843386173b790479e51f92ebb9d2bc574e6076c0c4e665276
00000000-0000-0000-0000-000000000075	gAAAAABqkllUeDHm0RBdi3i530zpnPuWCgjgtKNWkYqDJsudug-pRhahHk-jb0ZAUS2exLjA4yGyuwFXdRF03tiyOeen-uyQpA==	1a56a7bfe6a0fee632322fc4e77acb414d69a875d119e40499e2cacd59a3f01e
00000000-0000-0000-0000-000000000076	gAAAAABqkllU6LBAncrFFgdrQYcNpUMqlLh4mq6Ucu9pKiHAhbX3wvEm0jkoay69-HqHKdELk9ffeQkSHD7GQ60ERe1hvHzd6w==	7f9aabd82d964355e9d21a22b674877f51b8ba61e3de8db134ae0375c6944627
00000000-0000-0000-0000-000000000077	gAAAAABqkllUXPsRtzni2IAx_GmJWQFDaBdMMQVeRchDGLhOui9Z4QyYGLICsZ1KNpMZPmc5Q6zDaYqYPkx39QI5HuMukG9czw==	19b64350ced0072506da0514ab971e356d5fd9851ae5ec27c3764b8f84533dfb
00000000-0000-0000-0000-000000000078	gAAAAABqkllUychmy-dIF-3xFz35NHcVofr6UfqqyfeGUmYUx5XNJvXm7PM_tUnBODvpbPlz_gVdUmBy5IcZsHetsZ7SU7D1Kg==	9e20fa3892d4a44963bde6a9d6d9f520d073b7feb04d83b28cfb0414d41b0b66
00000000-0000-0000-0000-000000000079	gAAAAABqkllUqmfW1IifW2Oy6PzzASpG7IoySpVZWpA4CI0XE9bCs0SuRXgXTAoKw6O7Uzr3iHb5FQ7_IiGABC9CQakgO0wHQw==	3a68af57bc7c6cd0f866c70e53373fb45475d0c33591376ee9f4a772b868791a
00000000-0000-0000-0000-000000000080	gAAAAABqkllU0t225iewNuGpgpjESKNE9tryvvRzHspr702k5TEOiwEuPCEg2_zQC7WFr2Swl8UFZ8Xwpp6D7Kj2MjLOqdVVXQ==	1ed71e6d54f2697d060059e9497005995999015c61793d5ba13d03fe29c109b9
00000000-0000-0000-0000-000000000081	gAAAAABqkllUSfG03pzhQ53qew8noGHPtWRU3xZN0fBBCkbmvUga7eRy4lbPnWOz54FREUKsFuiZMRnkY9aPRjc8zOikmFWC8Q==	5d3dc0d5a2f52ac8edbb0ce528e0065ecadfa1c5d04ffd52e8be63de7fe252cc
00000000-0000-0000-0000-000000000082	gAAAAABqkllU12ahb7b4K8uMwNOJ7hMlbyu5jfoRI-unNz-Dpsev9hnkS3BKN6ZvEz3V9MpU_TAdpMXuOiR2RoqIJIUeS22Yjg==	651c33f1894952c13219a2aed033e15e1bb49638273037ad25c5e182cb3876e0
00000000-0000-0000-0000-000000000083	gAAAAABqkllU5hV-JJmI4k-yBfqFZp0uy8tAvu-rPBwgGQ6sYypeoDGfDyQHCIPAun5g5u_juCJgDiWeH9vUec90ab7aQxrcmg==	1a25d253f6fd63fe6508ac7ea2aabe25632051737624c6974e8684b057ca5ddc
00000000-0000-0000-0000-000000000084	gAAAAABqkllU5CxKIaL5LTz0yJcLrZkuCkpDuj-8YU5DPt2qRP-qp9aRENrfzK3f9xN0y7B1TYqPYk1z-eJLmQ2bq_hselVRxw==	ed9f729ced7fe364184e6ab827bf5b715c3b3e74027720a8c7660bd7d7a605a8
00000000-0000-0000-0000-000000000085	gAAAAABqkllUXe5mvvrilss_3joT73Cnw2sPB0jLI57LEem2uPO2XhT9URJEuPrHPEivBmz9uP0vYxeGfz3Z2sHVb5pGkGKKHA==	93ad780b05265477dc46e8129cbade1b32e3e8997a19b2f90aab86b947546185
00000000-0000-0000-0000-000000000086	gAAAAABqkllUg_-SewVKNBjNudeT5szjEtFtpQm3oKL0T_Lm2hJkrdNwNupkQEr51zkegPdLhLHm_FG838GDfVcESCR_t6d93w==	9d0b23b81abdd212da995d8d23da00e32691e1891570ff981b977344df675e7a
00000000-0000-0000-0000-000000000087	gAAAAABqkllUXA2y6kzsPbs3sHf5NawuZak7EjFo5slR32_dlMHhxwubOkcTUKgIVz8BC5UhlSnu8-ViQIE6SjKDaMgmyLREng==	a515af8a458024aed16a3c74e0336c133b2aa3b40563cbe08d9c326eb098b740
00000000-0000-0000-0000-000000000088	gAAAAABqkllUuJiJUlGpI-26ZpgrLhEWmvHDHqIFv9aOH7uenCn46dK85h9NBCQFoznmfHsrsgN4zJWniP596Jqy7czag4eLUQ==	699ba6ffa2cdd203dfd194d44b8bb9148c57e7a6292f19beaa1133ddddd8b2f8
00000000-0000-0000-0000-000000000089	gAAAAABqkllUhS8InUux6BbA6-JsejUuP1iT_3Oe5BfjBrts1P1fcR2vmzHzHQrsOiz3JMbyIIMSZKUcVb7YKrCpUwqn9Vgjug==	86218f81541bf7a2fdb627d647ae464e1fd55a1f1162ad3fce2b19ba3b90fa28
00000000-0000-0000-0000-000000000090	gAAAAABqkllUr508bCUdYpAbw2bgqgS0RKwXbYMF0mZIh3sgsjIPzA5UYVyWgyWvyR8ffl1xblEllnazd4ZUis9U3-GSnrjVtQ==	664060ab18d9bd48c0dc763e3b8a4cd064fbd0cb01d1f798683453bc96f0df2c
00000000-0000-0000-0000-000000000091	gAAAAABqkllUZptvA2yNjTQHBQpXAsXXcYbg7kli1F8IiXtFDbcrqTcWIp8szig2rE7x30BfdE2vewSp3pOX2gwMTaj2hs3hRw==	ec376b64e63a66e146f552d663cbc1ea5c91fd959c8973b25a32015c6bb3f56d
00000000-0000-0000-0000-000000000092	gAAAAABqkllUHkXMqc64aizTFdndPtiSZHaFw8a8Aklpti918ISJX8tIiNfNBjFqbvYS23o2kEu8JWZj6EIJMz5GYOsYlLpuwA==	b71d575a5135ec1174f2b7c923e67dfa5d0a3e0454269a4861e5fa1212ce94a5
00000000-0000-0000-0000-000000000093	gAAAAABqkllUvqWn-e0yTKSqfB8-_UFZEBashvdCjHufzR7Ue6eEYv2M2x2PplZq21EfKkM5nhq8HJMQMyrwRFhjIm_lem6eww==	a1a29a71a2a56c7146c6647f3fce389fcd2630ad256ee28f2acc24818a63f1f2
00000000-0000-0000-0000-000000000094	gAAAAABqkllUzTAJVVX4lMr6GTsZLx76tMxq_H-0_5FpggexuiRP4ndV8qxZ3xEE8P4OGcagAmF5VHpYSP4N_prsCEsQlwkxQQ==	55c0ee352bdcf337cea06c3f1c1d3f5c3a4167581e9f43dbc7df17f70ddd26c2
00000000-0000-0000-0000-000000000095	gAAAAABqkllUPQjkBi0WaMZZgG_3kxiUeQPxBBAEp1VaeTGDGkK7SWuzEHORUG6ofKlHvgX2zR-LPvVnKQ5KYFsB7v6cH0ucAA==	edb88728f01135d4fc9f003109230ad99b15255030e3a5f2c58a5de44f4dcdda
00000000-0000-0000-0000-000000000096	gAAAAABqkllUUzC-I7JySp0CRCdOGDw6Yr8fqIyjzGSfvrz2VT7CcAIY6Vcpbq-1nmdClYWNhN5nbBg-3snWTFk09jrSJFrXUQ==	a09bc2a318375ad541d2d34af555b5ef2996b73e463d527ffa0b167ee05e5711
00000000-0000-0000-0000-000000000097	gAAAAABqkllUSMv4JegqVRqe-cMaq9Z4sVYF6lH9CdIPmrAm2ZRnf1a_nzD44-h401IgLWmIUNA1OCwNqk_l-dgIidvHmNbDHQ==	c5075d7f424c2edb47ff710cf5e63d0686382ec6afd01f5ae9bab265ed1636a5
00000000-0000-0000-0000-000000000098	gAAAAABqkllUmDfxChN6QO8U3mgCEvz7q4vMDDbFuOnYCIGDzXSdaEmBxtaS1mvRRmFPByBE7MNbTWpNoYnuFwaBMk5WRQUp-A==	94be6d8c5860de5cc2b3869ef0204c148a5f6e35a8351d5a98ff7f9f402ff4b5
00000000-0000-0000-0000-000000000099	gAAAAABqkllUK4n60s8hq6zKUAxdeC9jLbe4_syEPKu4ww7tP2pFRdrptv5DOZ4ugSvQbxses763PqPqQhsiYDgYEhj0uFtXGg==	dc4940355ead7b91842f1affa302e875b2f4e2f768ac46db875855436a7483c5
00000000-0000-0000-0000-000000000100	gAAAAABqkllU8gxG6zN8gRVJGQTfsJtavNnbd3gWakMR0vhJFK9X7EMroD_Kvx0nXcW80QnVfhx3KuxoWYthT-C6QK_F-R0ydQ==	a6569b1939349599283e6d2d02dd9938d2fdacf9b2ebc5de4564eb84385e854b
00000000-0000-0000-0000-000000000101	gAAAAABqkllUgraWefgDPRL7kRKICZWI0f-g85V_UWHhVW2BS5AQ9_vKs5wCKwdAuBFqRrtBps1dRc-LAUYtio8LBTN5KvOWGg==	ebc188f58482491ac1a51b784ae9cfa163d9f4015259adfcebbc2c32277e4572
00000000-0000-0000-0000-000000000102	gAAAAABqkllUJD63tj8Z8Y3o-JOVpgiRjd7JBhNd4yrdCICuigk0BvINNQMIF4o9bWuSZKuARtv9KxJ5hP4m1a0NdK5u-ar9Vg==	ddfb97753ee5066b1133c64abf6151bd8f82b77a7df5e91ba4e5655926167b85
00000000-0000-0000-0000-000000000103	gAAAAABqkllUlR-Z5uhePjcNhpM_GodY8GzLQ--ySAM5r_lIZgIkAL9Br1I-ai3zJqkxttWNvqycwhF5NUGgr0NBy3quXeZ4Kg==	6ae9cf53caf3bb46590c6a58f62b2967349b4735e1597ff1240a1308a50f97af
00000000-0000-0000-0000-000000000104	gAAAAABqkllUWN_CPKaeLOp6QbQg-ZPVK27of1rKggBVrevK1YlBL9EFZKlZc5nZ56unxUaLP6x4YL4jyJavKJq64l76Eckhgw==	a742912b8e8b489ccbf962abaccf77b41c16ccc5afc1db61895bef46e6e51609
00000000-0000-0000-0000-000000000105	gAAAAABqkllU3-ec9AHhxzcknsUWpchGwnxpfDQ6e_R8HXwwhQDzQzwsa6PGDJsQLTgIqGIUhhpK8wrsQtdscYMpeHlFz5zZHw==	ea19a7fc37d409461a5a6e812987167ac209f713609cd3c7b28b107c3a68b9b0
00000000-0000-0000-0000-000000000106	gAAAAABqkllUPqvVM7cUirYgwj66VVrnr5D9Cdl0LEqeGrjZ_-33fE1b55kdsiXs7Inw3VG2foamhY1xJfZ7plpr2Ttcs4-y_A==	555f9ac89181a9248905d5268a58631b01c306c92e0a6ebb6acfff09d18205f2
00000000-0000-0000-0000-000000000107	gAAAAABqkllU960CLcbhG2gA4RdL2OmNhwoLRydqVJbL5EkcU87y7Q7louiroHLsuuLEgvCzDRCReHVMBh7UuMFx0I3UiEqILw==	998085d957a8b929f95362f42932e5340a458cc792b26531f14a6a415bd55b10
00000000-0000-0000-0000-000000000108	gAAAAABqkllUxVZ_wNWVW0_thV1acNs4ztWRlep6Z12U74Xhl1dzfBeienWldJgyPuGBdINhGEHFrzzfQrctT_LGtvHPoRCNFw==	b3ecf3f7d5b300e365c4373a5636f3f22f09be8641216d8129b811bb7e079cd7
00000000-0000-0000-0000-000000000109	gAAAAABqkllUqkxbsEkJngjMRh8EZg1FRcPocMFSQgddJ9zQmTONYVFKaEai8cU8G8B8RRoOIfU136JMXXjM3LdmYGH4ouSSsg==	f460ac3ee44b4c601d0517676920fe3f90205915ecfa24d62850f41950f34f0c
00000000-0000-0000-0000-000000000110	gAAAAABqkllU8XEmBz1Cc0pyAB74sHvz8khXVc1KAYK1znMCJgL2RZ_h6VN8SHSloBSzdmHN6Caqgvbqxv51WLMKRVo493nuJg==	88f66cadbe1f52e21c8dd1431af9f02274c25b8f9b901066cf911e1288677d9c
00000000-0000-0000-0000-000000000111	gAAAAABqkllU4jTQ235gsydOoPpBMl9GCXwO2PumamLylG8rWW7zxdqpILsltqhCIl_Cdk9GgeKJyNI3mvqclvFkQ66pbrN9Lw==	63969d90ea34a48e9ce0fd01a5c2b1cef37e9ce60f14d1985a0de340c294ef29
00000000-0000-0000-0000-000000000112	gAAAAABqkllUSIXWXgcimsgBuyR1rWeh0XQpAIn1ktRHgy4hn-7m388aMXz2crvmsWHjbuLavWP0WAcBIsGJkKcbRZo6eZzAIw==	54e42f5171efe6de0bce5e7323df2e0a1ba8fb396371cf24756912009140b9c0
00000000-0000-0000-0000-000000000113	gAAAAABqkllUlc9JP7GKQiCE3pQa2hmSAQ7dWilJ5BShOT_RPy4czW7DngqMp7ru42Ws94Mg3pqUBMpHjXg3fmm3-yaZROa4IA==	0b3a67487a4c7f3e4ebef74df45dc39dd95bd8292e5fa2cba8957fc909162362
00000000-0000-0000-0000-000000000114	gAAAAABqkllUCQIDYbs3eNgjb0-dqHQOUerVT9-S5sKsypsxX78NYhC7QpEQC1olfxS8GuFcgsdu9kyVWKE8SgmAFgHJEVwm8Q==	4c17dcb0c6f76dfb352cd2ef69b4e3684cfc0d9dea3af2432a505d46b26af582
00000000-0000-0000-0000-000000000115	gAAAAABqkllUONqKXCciQl-xZ8kGn_j6Ixf6dHBCNh6GnyQ5PnbIuw2PPKpePJH25QWyDOS3pAlcOv1WsDKa_gYPnRrO6NdUgg==	105f84283cdfa46eb16d052802ad6e30f8bee959033e93a4bc76024de1196a3b
00000000-0000-0000-0000-000000000116	gAAAAABqkllUpn-jQAihXArGR_Crjr7WLpfMaXnpXQHOvkg6_bAQnrJj4eENlaQ69YWkl6gE7lAP3GDNfLYOm6PlrKPyqV1PvA==	c94dda81d6afcbb2a88384ab8541d7b9e5ebdf0c9a9efb2e77082a1ed40df949
00000000-0000-0000-0000-000000000117	gAAAAABqkllU18BodsOASZMmwNY9tlX-ly-v1BTz1y_vn960x-04Uf4sqKiH5Ttrj1C-O7pej2BdkAyU2Cp7NARdLo1Bf34Szg==	5a0a74d52e13670eabc0bfcacf5f1e0d203a75e18644454c42d4cab554a4f25d
00000000-0000-0000-0000-000000000118	gAAAAABqkllUed_dYyt0LKcQebxlSYexOFmfHgrNSxf-VOFfJ5TGdwPLi-7FxqkSOCRZQIqwpnTtnpyqQk9Td9Gcf9Boq_qFnw==	9c191544e6707a6bbcceb5dada138e67927bcbce111ab18dac43e29f91fa5cca
00000000-0000-0000-0000-000000000119	gAAAAABqkllUdWxzwidySW3t60-BKOPpxTHlAfSDBvEtqfd9EUZuWhOlEBFEgyfSLXpaYz-HA3-Bl3m2zopFMCdh8mdiFhpGSg==	bea4895028add3c84b894f30ddc0a0e2d80e3a9343dd9edd8601dd67d69761cd
00000000-0000-0000-0000-000000000120	gAAAAABqkllUGv1w7owPtEObpEVWqfLXLgUCj_fLi3M1JqIvhy7YRBRgDjmXCGZVDo1cj5fqNpCOSpMC6jdR-K794SJm2ivkZg==	a30c323cd59ba3649bf646256eaad8130d18838d424dbf59ef5a05d541a7c171
00000000-0000-0000-0000-000000000121	gAAAAABqkllUrpoZdRgZdWDR4-Zw9vDMPwa2Xw2IpLQ5KFMgPhsElP7LTp5PPOaU79CjHBdXPYX-C2YL8xr9ToDPvPAE74gnXw==	515be8d493710a6e3a09b6e2f470e7f6b05236cc3270bcf928cb18100cdb859c
00000000-0000-0000-0000-000000000122	gAAAAABqkllUhyXehS0wPAmjJcwS-wdGyb3b879r_63NShot3Pzq_TRC4Dg1dNq6tBRYa2hxlCj36uJbQjF3cK1I7KZbPXkBXQ==	16255d303889fe3ac8981e8a27607b943ec62a817fcc482e50c16201096cdf69
00000000-0000-0000-0000-000000000123	gAAAAABqkllUCHJzFcJlEjrpb1xUI6QTi9PGuL2yBzj1D36WctfNbyazFcxbIdSzL0Vgd6YLi1uDNpAJmqRLmCCT8P2lgqfEDA==	5d99b1f7361944e40d0e32949eee63775860ffa3d7862e8e6d82c3a679c43067
00000000-0000-0000-0000-000000000124	gAAAAABqkllU9cBDJbGKNdt4GcY0GP9zLnsa6EqzSCTuLo3D-m5s6L-2GkcPUDMx9jWYhVmfVdDARM0ro2HSKvKf59V7Q3zHBA==	5f8265ef843b30fd2e4b13bcf297706024739efc813ec33e1ef21538d4ef1918
00000000-0000-0000-0000-000000000125	gAAAAABqkllUg2-y03IsjwJGPHaVzTASuK3MRLn89Ts-hhWJb9CLWcUI80S9dU1AlXJ0wDe3SBg9Z_4cxU518SKfsxblCZeAIQ==	0bce169e62a347044934bd21f24801746f7ccda1aad4a7cd1fe4ccc548aa2367
00000000-0000-0000-0000-000000000126	gAAAAABqkllUiKFiDkp08ZVskWVl0MA1WVaVP6s94OLwfqxk2ZEwVRIpB-Wpj1Y8zic0LReWpmkFveyEJ4sk34q2KfRJH_if5w==	1b8dc352134bffdb47df0a761965909ef001681a9724ecaa0c7f890b6c11fc80
00000000-0000-0000-0000-000000000127	gAAAAABqkllUZ4tUBCCOi6z62ViirvUNbn5dfWupaAugDlNFT8sP6G-Ab-GQOPZyiiOavaftjW8eNNxnfqz_bYTAp8SqRVLvAA==	36aac43319a4eb39809bef05c91aec2b3eed9be660a277914065a34a378ebcdf
00000000-0000-0000-0000-000000000128	gAAAAABqkllUQbs1jWGe9dQpKOFbrVHs0iojciZSFlwsfBC3w0WMjVI5Y3SMbqjolguLn8C_dcAIvqKhD--kgy8uqhr3fSpFHg==	a3dbe190320de8f9bda88b440cb987fd6bb755aea8a01e3e4f44d814736a1859
00000000-0000-0000-0000-000000000129	gAAAAABqkllUtoafdRJfaPq17iDDsRGU-Orvede5ZqXpyYHH2x5gC3NaHhn_8d3yRBGUBDDXXhmZ-712SkKiTU639CqVFcznyQ==	8cda1b6bb84f33ddc9018b16a21a223525820c78a0e5d749e62333d6a850b00e
00000000-0000-0000-0000-000000000130	gAAAAABqkllUqng0z0-1Zl97bfNK1_TsG9qAPXQ9QCtHBi_5R5WUgdDY4aYP-BQqa7lhG-ovvy6h78e-rRM8C4lHRFCJHeOAUg==	a41dbdeb9d4f5f0c40ea0d5f44cc0705cd8f96e6bcbbd126c0a9347a6adc3c5e
00000000-0000-0000-0000-000000000131	gAAAAABqkllUtHTn6Oa_i97an1WmBsqqz47YuSO37Y6tJbRQZuWgTt4IO_14LguumJ_BqynrL6otR5W7u83G9KLXOBK-0ffBbg==	3e8fdab55e6ef5dd6e0cb0d8ac07c60b2a84460c7dadf2f4c6c27938606d5072
00000000-0000-0000-0000-000000000132	gAAAAABqkllUNprAWS90g160SqJe1MYLTvbT_s0uTcDApO_WjJN5CUCCHTfiADKdtWBpjAHyXKhETBZwkLEGVlTtBCCyrexpSQ==	573face71ecd295fef90b05698e2042a004cc4bc313b89ea47de8f3a5d369361
00000000-0000-0000-0000-000000000133	gAAAAABqkllUAEb9Hbf9bFuLamjGv2VTsdOuItYV1o8R-an6Gw_7cgmjXdcYCZQyIgMlVeH4ZLI0SVCwHKqrOysdkn-Ukb6e7Q==	81b33942e7bc7cdf8d71d5fefd356ad476f0402c3a10455dd22871a1f8dc1aa3
00000000-0000-0000-0000-000000000134	gAAAAABqkllUB9xavjcfQWdTRUxhCVoEr2vVQSAdH0C-5ZhO_vaOfh6rvKqWj_EGm_lTQkAOVaX8bSGvZLgMYDK6pCQnw7NVJA==	374f75e6039904944eeca5951216ebd012b68dd1bad4d3d235c7ff336016bac7
00000000-0000-0000-0000-000000000135	gAAAAABqkllUSwYICk4SpoeqTIFpJmolPVLa_RlBprsThxSSiLfKZU3o67anuFUiwwcYCokmYTLNAmu6LhkEbRqP2kmxJ4opEg==	069027077ddc584be54b0638e236ae86e5f8f9879027daa456d637e00f6f3319
00000000-0000-0000-0000-000000000136	gAAAAABqkllUHIuWGzN01mwjWcIXXG62RsrUzTHoIrFl9R0uniRRuXODNVxJNaOl0eOtLExaDQ06ivMXs0H_giAfxI4N-vgWFw==	76dac100ec6639268647bb884e67b03ebc878aa83e9d8e03229496fdf409195c
00000000-0000-0000-0000-000000000137	gAAAAABqkllUowuemw5b4O-RHXaiuRY6uOFd4pco5B_zXR8ASYKAqFk6a-KRzpsOiQjdRFvsBH4iCzKamD53OvIjH3W8Wi_PjQ==	e0bb161c425bbe3b3f9a8a1b6ce5c5997aabef4ea33457394fdd313526a61b4b
00000000-0000-0000-0000-000000000138	gAAAAABqkllUQVPUTPIxz-J3N9n1ZiKjU-cpGUs7kSSvLHxyCYvpk9k84rQ_-mKhDp3WEj06Hd87XEWKhuDsDn5rz_i9RiOeCg==	7fe8a024f2da534d0f81e3c85e334ddc51999eb5872f7fe699cc0b416aab6f2d
00000000-0000-0000-0000-000000000139	gAAAAABqkllUC-OZ9O8xR0XZMMuTqFPYwepYvCifiU8S6kb4g0yZzNv0OLLeRNuZJxKUMkCt5b0y0uRNCOrxKACb9FRdGxjKzA==	e0fd169412f05cb5b138b0bf11e5cb875e34ad8b09404f850c223245d893ef13
00000000-0000-0000-0000-000000000140	gAAAAABqkllUEz51KamFASiH_y5oMKOLomjDDt5aRH-8MGJWfcKDR5hC3EJjHkKfZqU0lwGeMrwGxfvbiwkQRG3gSzPIasqtUQ==	b9db42ccbf271c5b535c018fb04d92f45fd0565f1d801c295bf251249fca283f
00000000-0000-0000-0000-000000000141	gAAAAABqkllUbUJ9Ds4xmQCOJRySystn9gTzm_8ccS2hNzFYXdIJDSHotoMhpfRlwAGyx2E8yVxTB09AnZncqpt8is7EkiyBDQ==	36c680f8d7800361ed24fb462d77cb8b56a28c8019b1a785ee6900386f1fb7cc
00000000-0000-0000-0000-000000000142	gAAAAABqkllUNj9P0XAPKhFZmQm1AhbF-7CfBd3jWUar98BTcbpiUR0OCIMeBIyMkOdioAj2y9M4R5-9aUdSeqpLGRRUCgOfLw==	da10ea73e61b669bb3b7a1271e71f627e752d026dace0ad96a064b00f7e47cc6
00000000-0000-0000-0000-000000000143	gAAAAABqkllUhr9Vt1upR2s_b8xXYfbw8DPZlqg70yy1kVVioTnYWQucikMklZlonq-Gw3BU4mv9KlyH-j8GS-FraLlUtwHdmw==	e2109e2308482033a26990245e7930fdebed7e4b15ce8d94a4a3adbf605ff273
00000000-0000-0000-0000-000000000144	gAAAAABqkllUbjy3r0YLrzEcgRX2ChfK7dvCTeUObG_A9ihypQY0Kc7wlhKbX8HY51iWc4HT5HACXUSSP_n3Cmvz_umK2p-pYA==	5c6d15b47156742ae1df29737896877fedbcec8b1bf24cf6f82db6c610bc0d55
00000000-0000-0000-0000-000000000145	gAAAAABqkllUk1WgaUiXNMJUVZo3ysqZWUWz4f7j1eEtY3VcRMgsxu5dc65KYoRg-5neGIHEfmGPEphqgdyC8Arj8isfwHM5hQ==	10e0b2e7595087a328203480c80f4292cdd9f9cfbcc56cc2bb86a1e5bb998c85
00000000-0000-0000-0000-000000000146	gAAAAABqkllUVc1ha50ud7YWOH49q7bK7Mn5DHfriwoOYRr073Ba515lvpVWoqkXjKvlmdr1omtkQ8AEyE-w3x2dhy1Mu7uNQQ==	d9c1421b8b09e4ab5372d5cab6c8884a9c1d72b8dd42092d391e7002e1354bf1
00000000-0000-0000-0000-000000000147	gAAAAABqkllUEF9zA3hPPWAT3ff8V3zPRfeAZkOZ_KnOhItR7Lpqi0ECIHLboWjEwS-pOumhSyip6uYnG8LKK49Hp1U0zcHK6Q==	f875b108e33d408d37127144b4499b230bf621ce7af10ad43eacc0355867bfbd
00000000-0000-0000-0000-000000000148	gAAAAABqkllUJqBKNYW0mzoCSz5YJc5NOzlJdNF_RvZNTLXtTxUzKwn9ZfsnijubizG39agfugoB9dIcaIvBqUHRko9BBMtMag==	1feba1da83aa046f4ae8a57300de8e33ff08db7bd0017bd425a17911ee54b5ca
00000000-0000-0000-0000-000000000149	gAAAAABqkllU9Aqv__4dZueqIhiOdcmiGpYJ1J8WKCorDCCR7zaCutuLaXfWhva2eHePJsgOT3omsfCBmRxj4p3uu4Lia9UOxg==	7cb1c1763941abf77286161dfe877974037a11b31be065db1df73af5c06c94a0
00000000-0000-0000-0000-000000000150	gAAAAABqkllU6S14-M5gPb1OY4ezA4C4DBDz1T_SaY7DRFFp3CqOwClQbC4nkTwMtXekE-c6k426_AHaGJH5diGW1f9RdwLcxg==	1315cecaf3430d4482165ebdafacc2cab2260f7e02d81481d7e266b047595e4b
00000000-0000-0000-0000-000000000151	gAAAAABqkllUiuJx3VC1t9p6j1fPTmNGGWBePbzvfj1nVppUOvdGMM954B5gDB_ifzwFNZtnNoiCFdxCl_MD-YzxhxKOPNXvOA==	70162e39d3c01323043b79ca1c6f0b852feed01fb2c516fe64b9a7c920bdfef3
00000000-0000-0000-0000-000000000152	gAAAAABqkllU42_wtFcZGchdAuXi8-wgGMPV6j4CjHPA24y-MgVao-gHnDlMedfUX8WqzxhC1Q8szXtmtsWsJ0ffCf72soNbwQ==	d3c0160123723e3f9a89c653502661e014b4eedab1be66db8f17b3c124a9c033
00000000-0000-0000-0000-000000000153	gAAAAABqkllUJzFyDnHAm2QHXIEdGizA4F4msHJT8c5SizJifnKX9X12Qpsmq12hvZQbgfLzYewE4amVJ8T_ZiMc6Lc7arjP7Q==	a4f71d074adfe6e25923b984a46fed684dacaf164c018123ba4b0527ab693ca8
00000000-0000-0000-0000-000000000154	gAAAAABqkllUWkk542Wr_5WO7QfZUpyFko1HGo9HoA4mdPeOVMh4J3jQZzCi522RUW6nzr1eRkyJW5FvCNGp2gPkCb7bUe02IA==	be9a17341b985e00796f2cf2b9cbb8688d39dde9c4e85db6bc3cd0f90a076f75
00000000-0000-0000-0000-000000000155	gAAAAABqkllUWfSH59a46hJYwOInrtswC4hw2VR8JoNZcGHxh8R4xmRvEpfiQKa9ZgEgzbRkNzGPCfOj9Fx-7THevDezE6O46g==	c8b4c36a9b8c9108551871a5c4af63afc512b18351b18b37dbfbe23ace96c955
00000000-0000-0000-0000-000000000156	gAAAAABqkllUyd7VTgHG95_xmfKvli1pPs8GHiXUEIAZXUqwIlNVqtSZVigK51kDVZKeCFmjkBH9_OqEMMrc0Pvs6Te_6S7lVQ==	cac5d347f12366fe1094a62c707622234f99290e29698a3d99e93fef2c12bda7
00000000-0000-0000-0000-000000000157	gAAAAABqkllUYS5TCRM4MifK5rUAOTVIg3d_6AOr8IUCGkesU4KhdGpz3PYcqTuHX56vndGQFWwC0vMC4NkMVqzpXAnfY81k-Q==	4de36ad40360df68964a706bcd3e3f2df70e5b8baa7d95c40317a477bd768da2
00000000-0000-0000-0000-000000000158	gAAAAABqkllUINTD3i0uZq1Z1bNauBJ-QmuuztOEhVjyGr8bdABdXv5bNyKMGsKjIpO2tiUmCI_4ONeQVcr9dBG510vF4mg9FA==	1bba29fe3714f00e02de2a9e6b652959f8d716b39875ee1e37d024a3eece87cf
00000000-0000-0000-0000-000000000159	gAAAAABqkllUDT__He_pWTxWZOwLMDQDCerpebuuCG4ZVRP1q0jYDFyY69elWqrnowGdmc5onv4-pTA2F-whhP8IOimici_9sA==	53c4c3af640da64459b91be937b0aabbcc140d38f9e14e84e8fd7dbd2251734b
00000000-0000-0000-0000-000000000160	gAAAAABqkllUFfnYxteQZVFUBmQpALJok72W_tvNS4o5gxR02grGeD4FndKqMBWsxePHL-iUDZ0iwOYIPF3KS4bW5uBPaDAdyA==	4b418b8d2097e14793b649c2dac011ae4ec47fb2f6cfe468ba09872ac5194be5
00000000-0000-0000-0000-000000000161	gAAAAABqkllUYwhDfJ3G2dawdEpYux2DzGfvc9j-63qcuPDb0G7hhcH89j9kgATEwfB-Qw4ij72v6nFGfTCyOtHNEJw8Z84jqg==	125b463b179200250137f8a2663835d76397edb6c4b8e6449296d0d4b1b6ed78
00000000-0000-0000-0000-000000000162	gAAAAABqkllUHET1nXosguyMYaJ7Kb_gWAg2ufFRxCe-2uVSulL0Kdy14Er-0Bau_Bxo1CnSDtjROd4rEi085R1Ow4LkkTqYyg==	aba48ce4043f81faaedcaff441ea3447b9c6af7db5ef69fb8dfed9e7d3204de5
00000000-0000-0000-0000-000000000163	gAAAAABqkllUlT9JjZI0hGGwyUyVBl7W5nSVBBb2pfZQVHKU5aeMY50mUgAJA9WDPAaOJ3r5EqXqQjKfqSLCieVc_Q5np0V0-g==	effd639c33068692cbec3eeee7134e51cb270a07d35755f6207cc59549ed05af
00000000-0000-0000-0000-000000000164	gAAAAABqkllU0JyJZXBRSa1W_W1bNG_7JKsXhy5wapQsL3lfHbyd6QRF7zLHiJxkRGY_nvtzHddkd3PHXeu0TMoDly2kLJBpnA==	1251e83e3d2efa31397174d059fe4fa9f92f5b391733e8b5db5c6c191ea55f60
00000000-0000-0000-0000-000000000165	gAAAAABqkllUlw15OtqQzTJlZR9v3HSUyDaJEvHsUIH4rUJWtzpHpRxkP2R4iZtvBX-Z5qr_BIZWLIVBlWuV3v9pUOP5IzZTww==	66196b868ce6ce9e9cebc691476c48fcf97c24f7c4a508599b4f10331566f5ca
00000000-0000-0000-0000-000000000166	gAAAAABqkllUVebwwk2gPvlw0trxOvSrnLBvCgL5cdoeQgPB7n99uslIU-L5KdDpy4gTxn45s6o4WG8ptOlV8EDp9N4wrkGWQQ==	5c1fbfac71ce22f401cb982e17ab530fbb7f91bf2e5eb200a9b76170ce7ca8a3
00000000-0000-0000-0000-000000000167	gAAAAABqkllUCJfQYZt-VzxmkZBIoemF02qiHj4TboVssOmnpB6hOXEx41FFOVA-hCHl9h6lQqVKzYTu0rQBjaXJWkCCYN5hAA==	420f92fc03329a38047eaa2ef463291c9162f234ee879843a53a836cd6dc3b64
00000000-0000-0000-0000-000000000168	gAAAAABqkllUdq-Ol139ZSpel24K_xLpO2YhPB93KHKEp32tsXT3wJKPbRG4TdYtP338xtRR19CQD-ij_5tjHRHTyrE4LdkWog==	7e573458191901f423c68212af971cb64c3dcadc6168a30fb57325973253a370
00000000-0000-0000-0000-000000000169	gAAAAABqkllUA5GrSRJrx5wu-HK4WVL70ipgi2RNuzJ5zWDNFU9UVIV0cKFEu1BFwG9d2NVDalZrjeDG1ds60xzAuVYMrxkhRw==	9f9711f236c568ad2815d71a210d237324537f218bcd5df90103530b01e14e5d
00000000-0000-0000-0000-000000000170	gAAAAABqkllU-Ny3x_nQj0UFLDFFBUC2b5Tsuyq9Ef0nlRu6JufZYh9slZDikAkloPL6G4Zpo0cqiuxY2hNAhnNK0nU8PaKZPg==	fc9c514af5737fe00ff35c47e7d9d6a3bc06824fc3e89162a3b1a4df6bd1e641
00000000-0000-0000-0000-000000000171	gAAAAABqkllUv1LtLb2SZYyhLiijyGeMks3ov8qLsNkFSR3UQRi1UUf1749VTQgIeaRRxmHRu88aL0gcJ3ap_HhLYO77W-ub9g==	eb32bc162264b6c6b31d5b691db21dc1d37a97db6cad346bbefba6e15df05647
00000000-0000-0000-0000-000000000172	gAAAAABqkllUBmW04h8v58TUlVFCyJyDX5Ok5P0Xi85lYr53yexHoV6_YKEzi0a5Iby4Vtz8VJflEMgNmLxEsd1oNasTBhtYuQ==	a8f1ecdac3c672c54000d54aee5c40b6463cc35f8cc85e5bbee500a80bba2cc1
00000000-0000-0000-0000-000000000173	gAAAAABqkllUivp63Ux44l4L6AqxKiONdAfuM8oZWbmfOiCd-D3juDfggvYXwqwfqSbLB04oin4WMb0mpnFNB9BdeMxJwksDiw==	71243d6f043576e2fa399486eb7797deabbafbc449ce3233335d6e8acf55a433
00000000-0000-0000-0000-000000000174	gAAAAABqkllUnJmr1FpE7ZBU1sGmSaFtulFpOy-un-g5KINPGcbWsKQN4hxoRHMzybrtXLAD-r9AmeuKTed4mgAW3XyTeHrwHg==	1a45be3e2786038c29f783500c26a76158ca2021512b350b81869a11867969b2
00000000-0000-0000-0000-000000000175	gAAAAABqkllUvit20CfiHVoewdMY-_ktYPa3xfj6S-UCrUUYG0jYtrNUymu-plAVazm4rcCiEKP4P0qiUM4lY6ow21iHxvS7Jw==	9b68d6afd3817153282b466ea33240671147ee070a5c7f0f7c1dcb07d50c58d2
00000000-0000-0000-0000-000000000176	gAAAAABqkllU36xeeWwui4HyFdT7rT-z1HzJWBis0ejt7OFvMAehoz9fMHShTJzyxvsLw3loxoUS70nKzF0mzvBNi94_dVe54g==	30bbd9ad5118583c3b22d7c0c039bd997a0e00dcb3f03495fb26ee092f66053d
00000000-0000-0000-0000-000000000177	gAAAAABqkllUCoyg7MWp3_WvC2pHAh8IGyVNDDJxRV9a4Dnx--g0tOAIBaIqaqZbBMuTA-oATP6Yuu60P67M0TtoO1oMYhBKxw==	77f2a32160b6a9f54ddfe45bd5ac3a5df330d2070307dee5221fbceca79a2648
00000000-0000-0000-0000-000000000178	gAAAAABqkllUJNWz2lM9GST67RO7k70dEcl26JXEz8TNtwNxvp-xvlqjid4dxtQncq8HsJXNO6nOsPgI0u0p5hy5UAzodS5Uyg==	3dfe427944058015ba155ddd8a419e3856ba0ba41c25d1f9821e0ad6c8ff8d83
00000000-0000-0000-0000-000000000179	gAAAAABqkllUl5uQ4_DroycgYUjdJKJZH7FblOy4UB4dzIvXMugvosB-ofDaV5Rdf9z3i1GB_6KQFgN0rZzzezIVgIUVZwFXpg==	1874bd19675f22ecd1bd5690bdeff647b1485ef4923f050bf256697a841b008f
00000000-0000-0000-0000-000000000180	gAAAAABqkllU9YOPoK-2wqx4XqsBCuT7UDw7G9RIT0SS4MDKlqXK2ZQxEoaQNunLDLZ_I54pkvUmeMngyRUpCXhykU6PGNZWGQ==	1257ff58e5dc2a5ed49d1a52a335475140cd7888404fe6d072380ed7410e58cc
00000000-0000-0000-0000-000000000181	gAAAAABqkllUX1uPceHy1fWS-9K8fe-5ZI0CJRVX8A1AA2nc8cvEiuq3HjRKWjgX8gKzr56ho3kjqk_WHDFRpRgIXycjLPo2fA==	23fa0986c7c3432971b1c162845fb5ecfe0e2c120f493338f99c8c4f255cfa14
00000000-0000-0000-0000-000000000182	gAAAAABqkllU36NjQ3BknYDhwP-2or-TdQ6a5AyL7y6phAu-NE2att5eCyig3rlI6PBN1LqlU-nFH1zJkxc5uOtjnAG0mGfJeg==	3381ca7e9b0baf612f234e1883554b09c3735b1a8dcc69dd40f8cbfbbe6c5cd1
00000000-0000-0000-0000-000000000183	gAAAAABqkllUBYtq1B9jJJSzjDIoXBmbow0in5mcCxa-HpDmsWYkLPS6VD5HsoZpVwOLTtw0vWbX7fIFV4VgAsKJvH3mIuKG2A==	f9ca5b212fa5eb0ba795ae3cb4968658e7cfde286d7f7f394b7b8c4812b0559a
00000000-0000-0000-0000-000000000184	gAAAAABqkllUExhB2fVL72Cm497bUj4rnbqSsAfL3VMhLRKlGBJX25LiCsCbSMuwN0RrSA_Em7bWiSLOLgSA4971W9_BtwMKAA==	9bae0b18a14f0b2819bb2e54039de6ef9d487632a922bf8abb9f54f8138aca6b
00000000-0000-0000-0000-000000000185	gAAAAABqkllUMq1Y4TBvu6RV2Cj2OdTGhad_26de7Sss3r9yBrWnJ7E3_G7NnjBcuCt4EaUKpZ5afGDWN2RNiYOv9rkVvMxCyQ==	ea07ad6636e6d1e6ceedc2bd317a7b258e17016bd4418a953c66d186e7d18078
00000000-0000-0000-0000-000000000186	gAAAAABqkllUS70jneWx_5hY3ryO79KUH6quToCG_QBNu-NaNNxUWGXpRgu03yriuuLcX1f7hABxw0nVYZVHKRpggvE8yXCwGw==	f27a7dfe4f4d08cab496983087123486440be5ae61aa57c25aea0cd4e7d9ef4b
00000000-0000-0000-0000-000000000187	gAAAAABqkllUgrbVbbEcJHwBUVQizHA1cccRL_SdajPHjnRmFqyE8uKStrceE8SJyTnPiy4RtQti8Hir8LExvehTn8GnVpaPZw==	b1ba41e63cc0f60b4e664babb79d114aa776ba545f7197f3902948b8adf6642b
00000000-0000-0000-0000-000000000188	gAAAAABqkllUgAj8yzw2QHDKkrPvF2aZfN7cWqhbuidbsxjEtEOtkXHQzZsa1-k0Faf-fxemelWxTNpHv_7iGBo40p34bHH14A==	ca9e1c124247f6162be682537b32c2590c9e692875ede3d762148fa0923081f9
00000000-0000-0000-0000-000000000189	gAAAAABqkllUsZHOrVM2UZ1-KvuH-iSLIDxxtfnqLsk4ko1-cs314GVzkMriH5XQr18M6v7SLIVirQ2BOCL8DDVYDL773pJyJQ==	1ad7219db6d9c81a3b29aead12d14d97e7be66218b4ab92af942e582e362b47a
00000000-0000-0000-0000-000000000190	gAAAAABqkllUPNiffC9rl5sZ-5_BRlwU4DT95mESB-9kVtqF_OVIW2j8jLLL8z0QfXdaSZoLEDuttXPBw5T9NdIKEQjN7I9rAQ==	296a5408165f2f02088e3ccf8978cd64ee9343446cbf374479f4ed8daa8f183f
00000000-0000-0000-0000-000000000191	gAAAAABqkllUiISIaaRMiRnN50Bq-A4-_mKk9LA-DnJLjUGGliw0xMLvrZoRaPK71NiJSQ1c-rYC2hKRTuF19vVq6kzzITGq3w==	20d735d99827e176bc245a7b32777556a3edb5cf329a66af40092eba4474fde8
00000000-0000-0000-0000-000000000192	gAAAAABqkllUprqplRGtLW94YZwDtBdX5dHAIeORMJaedVG4Bf0OxO_GtE17-rf0G7B7P-k8qGbKnAwH05B69jxiRxbc51bpAQ==	870a92d928fdf9f51f545b1df0c4bb01dd4ee1dde50690b22a19d384daa8d673
00000000-0000-0000-0000-000000000193	gAAAAABqkllUxgxT8Pb0sf-8z8uf_pKjrr_B_BaBPU83VPHtvhFCfhCG9YYzadu78FC9sjKhI3M4MY2tugR4yFquARFsb3xRYQ==	68fdf1181645da0607588f88f1536bbe29ad6e842ce434c0dbd8be3d64fd229c
00000000-0000-0000-0000-000000000194	gAAAAABqkllUVyi-MPLgGsVUCLsyFAxLv4WY83BqEWLJFR7Y0qbJOQbYx4ZPIXy-RjQxPs7Rpnm1uPzVfDseAs3zrA23KdAtUg==	7f2d891a7651407e7d503ddf792c234107ecd86d1d0d98928e40e93883cd8134
00000000-0000-0000-0000-000000000195	gAAAAABqkllUHXIdvYtTa0zy9zu2ZoT2aUAaJZK1jHYWA7Ycg9MYHBR1GdhDRcu_b8u15iXC73sJnuUTfY2VrqgjZP4l_4ExCQ==	afa9ee9fda158840f5d25c38d0c853460c82a27d6f64f2b723188ad82a5c7cc9
00000000-0000-0000-0000-000000000196	gAAAAABqkllUZBTkBGo1i4kN0973sRTFDo5KrTF6SvULthVSkIBoBRVHR276tp7tY8PYFi2Y-MUqf9M1qcTN5VlV8IpzjsfKsA==	df743fb9bd72f9194f2cc483b4fa03ab183201ec86bbaf464de9804723d4f33e
00000000-0000-0000-0000-000000000197	gAAAAABqkllUdOFxxzY5FFd712W-pLYCg08dASkL7LpXnxhrmzyheN3UOAIuUd6g0o_k2BSEBxUkX44bz2qcI7ntOSCGZhOEjQ==	0137162c925d172f0d691c74e39411accf0671a881456fe1e3a3beea13a2c3c1
00000000-0000-0000-0000-000000000198	gAAAAABqkllUTRmAMbpEAz4ikpwXRvJPpCvqIeDzBbyOHHOBUUxQrqEW2tLK6X2UBcdrYAivtRGZSFCaVfRq1AT21qQgUlNKwA==	d4bae626b483ae6d868785887134dca0e808b8d4069da4b5b981c3a32f911efd
00000000-0000-0000-0000-000000000199	gAAAAABqkllU8hBl-N1_6wD4qf7shqMM4iFY9yjx4-Gp-AN9xqADdWqKCdMdB8mXlNqMz1lx329TYakwf5vPb2fNAKgyylJxAw==	517342e7af797f7894acfb0e91ce7c029b332e46b266faf4650b0b8d7dcf5620
00000000-0000-0000-0000-000000000200	gAAAAABqkllUSwN9XEEQMULB-J2rkjw__WjDR6_Z7O9iuKwtBT_sVJUuf2AYOmhXOV8Es-kBj4P360erF9YZZ_aQ6Uisj_FZZg==	d342493b80462fdac2a925d9bc2a8005237f430f5c1f724c83a6fb353e4fe8f7
00000000-0000-0000-0000-000000000201	gAAAAABqkllUJWRTLibeDQn8ORH7uTPPIxMCTqr9xz_gvuf6Z_cpl_8h2xUQ2GyspxZfYZD3eTtuVnbqdtY4agh4WXSKfbMWsA==	f2eba1fde3313eab76b203dc8742f2b4768ac190c50b2686e05223f4087843a7
00000000-0000-0000-0000-000000000202	gAAAAABqkllUotvdyePudoIiHyL9DSrNDQwaorO53fA7y5HDlY_Qfs7OaBF9_KUAal_evWtpTsbKynanKte23VdsCdd0sKIYzw==	1c5a9c9fad79f0ef04b48ef7473c8cffccb432bb6d69557952dcd57acba48bad
00000000-0000-0000-0000-000000000203	gAAAAABqkllUJMndJ5kGut1hzemFmHlWNqIS752FnU7DsTFCsL58nS7t4RDjIbFp3YHg4KMwIpo3pYtFI_MUHrQEj_W1_zX2Lw==	204be7d5b6fd265bb6960811dad4508c21e217050496fe0adc0de3735d399b4b
00000000-0000-0000-0000-000000000204	gAAAAABqkllUo2TpGQ8EM9A2a5TSKp-NWlLHWkHjJP4Uz7huNIsMymSysKse6_t6H6BRMqhB4-R_knmx9oaXw7U3NxjgmfJYNw==	33ee9de54221168ab59591ed59b50555bd19f6c1f40300f04d9eb2de803be6a6
00000000-0000-0000-0000-000000000205	gAAAAABqkllU2iZcd41Q6RrPdjVuuua5h0i7DPvsR5pMYZdCLZ_Y_t3SZHrfWwPvWCg-gf91G-xLH6CUVPGsgtm-kbFQZfFZrg==	19548bf74d2ddf2bad896c7d54344d5ce96b25b27b8afdc4a8b8d4da322041b0
00000000-0000-0000-0000-000000000206	gAAAAABqkllU0Wwiv4yxwXWb1S6dFN7ka38hjB_n4_7jC9zF3sdkqGVWIvzGf1hwbXySVqUs_BqZI-Z6dnD12Y3hY_2tUwXiFw==	8c9dcecf55688f190c79164bc4e0e27ff019540b46b50b12a4129cfd14bf4113
00000000-0000-0000-0000-000000000207	gAAAAABqkllUAt1NA0O0rzgdnvNdRmuw5qe6LdWURxYtdJ3RIGyA0T7Z5B0cvRiPKCin3MPe5omwmwQk7m__DQjuoqTZcELaKg==	f40139047f217ddcb724401df8a289e9a8e13ab6f7da6987d8515cc172508f8c
00000000-0000-0000-0000-000000000208	gAAAAABqkllUYVexGG3psrmU7Mp6jRaOXxBgxGiMwhxQh8tKhDCiomTBid4grlrydPrG4N51gO9fmGNjmLLHl9Eef9f7jTD7MA==	c3017eab789d72aa6d9cd18e40eb2c3bbfaaec6a2800ac61b476bbfc745de4ee
00000000-0000-0000-0000-000000000209	gAAAAABqkllU7N7N5zCzUz4Bv0gjjBoBpfL5GtwoaOrBZF0La_FVgD1jLB6KQicQjZL2jrTm9izca17ODPSz6va40WRuEJ1H1g==	973bb88220e6a33d333ca1fbcb7cc37578ea7f3f50e9d658b5c4bee09ebf6f4b
00000000-0000-0000-0000-000000000210	gAAAAABqkllUj54P1kSEpp2ihVWu1MNRnsh-OJXUex9jJIjKcc1hdxRVfRscmrn_fYRk-bP6l56ddktDMnr6rqqjpxC8hgHuLg==	5ee5e0a0edcf9b1dbdefddeaf0b464478310fb879b468f748c95aa91bc34d130
00000000-0000-0000-0000-000000000211	gAAAAABqkllUCb_-5vkgi4JJPMzNVU-2cZR0oEU8ksIcgwh26wC-XGF0xTCzxPwUv1P9wLTCOK4X8NhrigpvG8FBoFGVly5LTA==	1de91c3124adbdf5c94106083bc6651de8cfbac3b70da0a00b5f0f046f957fc7
00000000-0000-0000-0000-000000000212	gAAAAABqkllUfkkxSaF4VqCBS3pv1xC6ybLNIMpcmfIUqKUmPlfK7K7Tm_esPENR0_NKrBpD6yojsyyJLd3K407L3H-PuRVmcA==	42065d368656cd4cba71e372aa1e06db3a68072adbf76e091c1415f94cb85f34
00000000-0000-0000-0000-000000000213	gAAAAABqkllUnt-JYmfd8_UrUOCgYwtT3PMdrLRS7T790hWfKBY-l1tcr53y7sja9d7t1VuIwikF0QRrE0Tu8INjHfTr3bRDPA==	73ba0c627fadc18758f58a6f5919c0e1a8a27f76b3563279d391fd3fb7c2e232
00000000-0000-0000-0000-000000000214	gAAAAABqkllUWAezwAAkVWMccjwuOTIDlhXNX8-RAeKy7Ec4YUOlV1AcZdnnQYXA5Oumkz16JTHaiwxSfk2pki31PlwiEye5Pg==	37f9a7598a073c76aed719410e7c34216499bd2a74509880f5d494526f954683
00000000-0000-0000-0000-000000000215	gAAAAABqkllUIW0zand-nEDDObW5yeiw1yrf9KC2WEJFNJNnKNCyjOKzxsOXmW6GM9Q18TyQmWcX5Zfg2ayrqs7Jx-2R_b9nVg==	ae37189bba71fe2b38a133cda078b71afdfca91c6285538ed3e17c213dfcef2e
00000000-0000-0000-0000-000000000216	gAAAAABqkllUKIT0QLQNPFR4bgpD8Ig64DrKWBbEf6M6uZTzfl-_ia78-56MAHfHzpBY-M7FEiuUYZ6PeGn1kLYH75zdFGX8ow==	0f3059a76dbea6445172426f094e596de68d74f4469a4bc1fd6181e5bfaf5085
00000000-0000-0000-0000-000000000217	gAAAAABqkllU5K_dnDorNS_jEhV6_Q3i4zsadvbewS1uHmXho2UKOwWI4-w-3MrcclYxENrxnMiL_E19sPKzUMcZCbWd53sP0A==	024b3a2c1af4ff6616991203dee79968a9e4536bb76e22e7d4aee7e094973fc5
00000000-0000-0000-0000-000000000218	gAAAAABqkllUTFmeFfNMkMSk5Rbg_ZbYO7wRR13Qoo5V7hDkEBlia2gnE_TfEFLPJ9dBqmSNVsIhCaulpKGUEd-FKqamFY10JQ==	ddcd8f1666d2e2493749b8a110ca743ff62e0b292144d0a0efb789ae9d9c509b
00000000-0000-0000-0000-000000000219	gAAAAABqkllUOt4zId8FMEgkRnjkeSyuX6pp-zMa3hFCYR2VO3f6T3yMYjntb6yTWq5K_tTAhnoU3jkOROU5pkf3IQp1w6UIIA==	0fad17f07d5767a848917150219ccf9ea2dd206a3f956aa9b161ec14450150ca
00000000-0000-0000-0000-000000000220	gAAAAABqkllUabhsf2GQsPA0NlhiR2C6n3F3sCDjHIHuisCq8M0N3X5YZr03AaFuQahSl28jSYaez10IlWEMzxYGqd4jctN4yA==	06cf1e21d3721053a8b1957a47fc3e0300f7dcd867f9fc666f1a1865fd524e0f
00000000-0000-0000-0000-000000000221	gAAAAABqkllUn4yVAf9ZPAMff1-9cGk4OiLPNiexjNqA9IkR9dNgH33q5MmyUZFvvDJ6zEtNtnD24cm3NmIufsJnMqsMI11DNg==	84467905341ba1a9bf18bd6b61bae3a781b05973b186460465da15868227c8e7
00000000-0000-0000-0000-000000000222	gAAAAABqkllUgoqHIyQVjVxS9n1yJSXHz7-pEuiXIf4eaQjTTYPw8HlN1LRR6BMdG-R8qcK0pIxOYAGGIlQzqH_CMA_mlQLi1g==	7ac706d33cf6543d7b75c7585ac8de5c145d7fbc7d29df15629ee20d2170b0f1
00000000-0000-0000-0000-000000000223	gAAAAABqkllU5_vO8gYtLlde0PzMv2CW-x_OJmAZJ9ODAoEDdQUAASNOYG0lgaXz6ui166nMmnEHxMTDFiKrWi5-Zf2aHJ442A==	e8c1304084a85d893d4020e87982dedd92bed4447935248bcdc69c0b90106862
00000000-0000-0000-0000-000000000224	gAAAAABqkllUnCFYWl4rC_tVR3n6R7xpXXvmnbZggEQ9cymNgCLs2ItrCj_t3l9Y7c-FcsnhakasJ7tmuckH0ipHLxu5fqzwsg==	a7a81710659affcc34e5e452a7314ea5d6829b4e38e2ce0dedb35a61edac609c
00000000-0000-0000-0000-000000000225	gAAAAABqkllUMh6zx0OORsOfFpF19IfbrFaipi3baYQIYPihn0nafg8SsIQMDOlgc4RUYg1pTOOl9xwtx-GNfCBTIzGeE7qNug==	68ccfe49ce4a4736abedf60836b69980cce780fcf7b190a4e64483ea1502704e
00000000-0000-0000-0000-000000000226	gAAAAABqkllUkTZ8cchT90sSNqh87sOMVsiiBQYuzcdYHVfKrd5MbnbPXw5OYkHtLYtBUc1BWBkTdbIGeL4UO3yWWZohQf7KQQ==	63c692293819c92f32a18f335c55a136b97bfd880a0b3a3bbd2f517ec27e4a14
00000000-0000-0000-0000-000000000227	gAAAAABqkllUiChDlElGadeAsumTtgYWZ2wW5PvKH-JoWq1FQXTpPtUzOWDxAY77EqHd-7FCIVH_pqvA3aog0yjEF83NR3nCqw==	b85fedeb1c4dbed2e6619f09a0e54c03a779ce3aab8eee98f8e22e5b30d34e36
00000000-0000-0000-0000-000000000228	gAAAAABqkllU-aq9cczZq0MZkLSudzZrM_3n4ese0BdDcOM4vtOkkCRZGkRr2XeKc-XLN20RaeikSeCsxL8B3NBDvWhV2lhOwA==	1fcaa10229ed34997388b5d430a0c741acf048b50700ccd07b83c2eddb3593cd
00000000-0000-0000-0000-000000000229	gAAAAABqkllUgNaO6EzeLazsGWoTkxoOQl87P7AJpxfjP_W7u4VliOySoufN__1OpL0QuUFtvQfF0izOsxoNQZhUFmz4WeT25g==	6e1de39ff992f527c4d749fac3c95bf300edbad772dcaa3215746c75eaea2246
00000000-0000-0000-0000-000000000230	gAAAAABqkllU0mrDWoSwNYa6TZDWLWNO4ObQltEp85DmfGczEx2jrx26iATaeeD1ALPn7g3pnMIx2JlpYcKFY9KldGEXgBcpbg==	53dfe60d4397fcaabdafd6460bced793c5dc0e76f424a34ca4cd251e88402663
00000000-0000-0000-0000-000000000231	gAAAAABqkllUTxAMhpeAoctC5cRFrnDn2P6caupsPGWp3MnGYYaqkwHBqWdzcvHQkkY4-OSzpcJUyAKZSr_Z4ZNPzbszP_nahw==	84969843daa2f70b53ed96365feda40535247fb11d5d093bc1641571299a2a8b
00000000-0000-0000-0000-000000000232	gAAAAABqkllUj4Av1RzuA0oxjrCX5_15-tWetE-ghmzS5gPV4g0cOHo2cTBK5dKWrV1LlBsSiZe1lqwpDQP17P10JeuAwBhYlQ==	01ddfd3af130942cd3b7d9f3bc6e2eceba68acba5a7f41cf323fca047aab312e
00000000-0000-0000-0000-000000000233	gAAAAABqkllU2pvC3H2WZR9NMLI6W7d1fxEl_4rixkkb5VtJm0t-UigAOgoIC-JoEQAna6SwOWgGJEnbKWSlltW2_W9rIrU-eQ==	4abdbf20778b8b7ee3c15c87cfde0a1b3db925c3455cc9a09b6e9bd1cae9b36f
00000000-0000-0000-0000-000000000234	gAAAAABqkllUqK2wDqV921v5JzZ37PESI-tFnoE8fEqO2D7kzY4yrTzTjc48R1Gu5RBACY1LQNCU7GBXIi9UY2pxX-K7Fhwtzw==	c0ffe20f84f0cabda053874d99fc54d3d2ea9683bc595990da0aa8a6faa8a4cf
00000000-0000-0000-0000-000000000235	gAAAAABqkllU9-gq8etZPaGAQBbARuC90UQctP6q1MI_HxSGTDPt07R9n0hhOVgVUUEiKY8OvgBRC6Vlq7nL-vVpLfmyXsqO5w==	05bee1bebd4ac986f84c2b507e327a6ffcc369740a1535c8837ff42604f057a8
00000000-0000-0000-0000-000000000236	gAAAAABqkllUAuWXKvd-OAGZ0ehzu06Fs9Qkm1DB-qm1uG67RONjEFdVMER6DcmJtnyQ92vfQh_Si8X7-m6JgNpHBKpBpJGm8A==	7ec6ed26a2c2b4c227766c6470f89084937c84a16f8ee838f53cb2c3d59dc394
00000000-0000-0000-0000-000000000237	gAAAAABqkllUCeGPMJWCvfC9Xjrqw6zuv0MwkUaeW0KiAh8Lz1vL_tDzZYb1bJuUziNC_hoou1vTlkG5qdvTgM213tJ6HVPC0A==	69b4674815165ec963d2469faa9f926ede9e110c3cfd44d0cf9236874cbb9a49
00000000-0000-0000-0000-000000000238	gAAAAABqkllU6IcAEztCVawry8xoT3M0lSWitb4XF-9AB0w7R2gxI9hgqSPaX8-duSAgZpLzAcN__5ML4fKBT4XLzhU76Mpgyw==	dcc264201ac10c9d4666bbfed32b36978525c3c66ae30d31dccad582b39b9f70
00000000-0000-0000-0000-000000000239	gAAAAABqkllUg-LAcoflbmjOtB69ER8Wc5cuujizHn1r-cW7Tt5dcfnVj6Ha4zBGdJcIr3KzMcH3Ik8lESC_bPMg6m4iTtpZJw==	1547e561a37676629643d4bae20f25071221eda819031133955a83c3826863ea
00000000-0000-0000-0000-000000000240	gAAAAABqkllUNExdVjQHkRrZHrjI1AVa-W2sSQKTiEwpP_p6yDPRenuX0EIhirnZLCB1YqIygdOLs0aSLyPS3Wf56_i5TLdNXQ==	a1c470ea9c0c54ebfce8511384c5a6ea428d137eb4e64d35c1c4e9cb3ee5f997
00000000-0000-0000-0000-000000000241	gAAAAABqkllUJT9n-weCQpLtx37lB2S-k0WhpXg-kTsI6wlfSX6ZktXzZDpGInIMMMAsssjjcOZdidyYgcA48FQ7Je4bfp7xYA==	6bb448a344b488b98e1dc71a806b3a8f3ee54dbfd6bef4d216000fed059a7b56
00000000-0000-0000-0000-000000000242	gAAAAABqkllUMd1NHOkfQFxoiLHXcORq6otJF7ODkFvWfapUFHCeGO2UwHml68TEKdMwYh4IXNXtf5jOTizfMULPjTXg1kZlUQ==	e27ab7816e83a569c08c35ede9bf1c47fd23db37ac027c6d5314b9db3980889f
00000000-0000-0000-0000-000000000243	gAAAAABqkllU-J-WT9w6lN5umWKjFChKK-dUyYn09PPNjm856bW7NJqOWoxBekuUqWto-r3IZ3jTVA1_RKIKsNLnxI0fhacJnQ==	47fdb770255cec666a682cb486c08d78916cb468168dafcb6ab18be5dfd0e051
00000000-0000-0000-0000-000000000244	gAAAAABqkllU20khQg0p8OlDtby7KGPs9EVSVPJNnhywCCzXuV6wD3vJDB3XPX5zFSQ9HJhh7nOCpezkNc0gWny2K-ntSQskUQ==	456a3deb39f0c2cdc71c3018735e3e9b9ef26aa56cfddb7a8a31cffa8fc54047
00000000-0000-0000-0000-000000000245	gAAAAABqkllUglUsiMpm1195Lu3BuRVlf0JTqV2A1uSpTUeR-OOC2udklQljI_iwAsYL1iJUQaBgE7yT08mN1O0Nwgh36_b_9g==	7e087f977fdf2bd1500a9681652bdbd03d2ef661d95282f82acb0179daab2d14
00000000-0000-0000-0000-000000000246	gAAAAABqkllUzV-9bz9eeMdM54-S0xwrqj4_cUz-m9BVl92EiwpE5gG_xC8f2CQOAUUKHtOhjbX6i67ZJ5yvdZk0ESlm1vr_gA==	9901e6b86fba85c8a9e00627f613c7d6d6df1b3fd59ce0a0522af33b7f68d594
00000000-0000-0000-0000-000000000247	gAAAAABqkllUN8KLbZdeiblWw2obC4ee-7BUnJBwcOixnUnTyCm9rw26aP7aQlsvdrh0l75pSXzaeAecbDgQj9WLhCCvd7ATyA==	caf80139b35a24779a4f2f54478307a450181475042738ca950f5290492f9c26
00000000-0000-0000-0000-000000000248	gAAAAABqkllUugUYUXBXyBTPHNPXuTtEBx_E7Z0_AmNV-ZbO5zLHVdsbE9os0qWzi9Jf_Wpfm9HNc49HfXldu2Vpn2Nv29m05w==	ace48c355c8a07f75c799cceaa661603db056dbaf2d49a173320c71942cda235
00000000-0000-0000-0000-000000000249	gAAAAABqkllU22cZPV7cHtPc9qNiHO7uUOWmpfhPpuxtegNFn1hktcEWPklCG0elXfiJaJ6xeL4vdf_AZnGAUmNmPUIh7eaz3A==	d8bb1cd581e7c7747a4b89bcbc308e7a351824355881c909938c54beab9009d9
00000000-0000-0000-0000-000000000250	gAAAAABqkllUZZn_u9BCORhuEF-UcapMt7R_Mx8cGA7BBZm5Xc3zXZPiL_yTev6Nh0176-LYeEbCPD6py0jwWTDQVfaDc2POyA==	b1671ea0eee580d274f1199623490dd315a062628ab454c4a73a2941fff9c7a1
00000000-0000-0000-0000-000000000251	gAAAAABqkllUjKdFgCTTSQ5jupMvLbdCC7inEdpVLUwW5aN-khoSt8f0AJarx0n4evJVnEAJ60-0nRiP1r7vuDsq5UFJ2zky4w==	3a0e47bc8de59c65fa46b572c6b2523a880d311711f26e4840d2b3b279336a94
00000000-0000-0000-0000-000000000252	gAAAAABqkllUOj91zDTLLdiibm7g9lLZcca53y0RZJw5N5npVkAFa_HhJPxqlWhX4R6fZG7-glknYUzhH54ko5hSRHQJOGhs8Q==	82fee0876f159bbd3430bc9d542cb12cac9eee68d99585d13a017934a418e72f
00000000-0000-0000-0000-000000000253	gAAAAABqkllU4p2oSYg2-mBUfM5fhLOFbbcwWs0SCqZi_dJxFQsR0oV2pG-zL7aR6wZndq3L06qc4mxwArUTixVw3AQvywWoZA==	4f4555f58b8a631f745fb4e1a412ac5a944142350276208f5b18ca104788c65e
00000000-0000-0000-0000-000000000254	gAAAAABqkllUKu-EYSYZ1OZGOpVtxGfKV5HzHT58aSpiLTG98NDM5GMM4ipM1rahdGSbixkqkDRy_wxInUSaQk51PZS_QeHM0g==	05d3e54d279ce0941164bbccff4bc12e8c0442577bf8059a541ae54ec1a5aeae
00000000-0000-0000-0000-000000000255	gAAAAABqkllUkYt0wNpaBEx2B62eqnv8jDZSHVtEs-FlzlLEAMwN7F5fZTmS8ejNdmJHnrVN9e1DoWXtBMNLic3L743-qmhyqg==	6e590989240588f6254623d43a64fb0535c2bb29f8f32dd8d9516a6c11c8f2ee
00000000-0000-0000-0000-000000000256	gAAAAABqkllUngPLgsmJ2cdwe4G8UQP9z2yEnYRNf5jK1alZjTjfWLgNiUdqOIjrOResRV1oUP6eBJNGNVvge_d54aZaMjjjig==	ba3e9590457e72f10a8d90c4df17138e0dc4899dae8c35b127a98a6370d9f5fe
00000000-0000-0000-0000-000000000257	gAAAAABqkllUPWnbxi-Nptc5-hwcbABwMF1SxNSscnBc_F63EVzspfuNGku39Wra1mh2wAf3It90Ror2dk2MZMdc-Je9O3_btw==	9c2b4407be47b88ebec31975b06f08deb101618ac36bb4399cdc8f1503291435
00000000-0000-0000-0000-000000000258	gAAAAABqkllUdO-_mOpC1hVPxJ55uXzdEwD2NeGyRVLzRFvxXa6yYbLw9zD09GWClNDtfz_7Xx-X0qXYGjiXGlsxL_iAZA59lQ==	cc398efffc8df67118a310972478f66830aebb955f741fc9ac96285f5fcbb6ed
00000000-0000-0000-0000-000000000259	gAAAAABqkllUvNMudeD4xdCCqcZUlbCxU-aDKv7AU45n3C5q2q6pWjkICO94cddcewWGPYDNiy-iVYyi13D3l1pDwZ1yzexiaA==	a9628b1887c3db2cab42fc353595e22c5456e83ea7eab3584f3d845a5691e02e
00000000-0000-0000-0000-000000000260	gAAAAABqkllUIUp6OkrO_lwyuTYcO6xkh-vZkiB23NsGWjHz0h9sEUzHl_bTDGNgpVyc4heFzJt72xe3rlaS5XTj_SPMtPRY_g==	5c4ec33d093dc16134d53c4fe97a1e6e46055cded593ae7291ec1ded67f71396
00000000-0000-0000-0000-000000000261	gAAAAABqkllUqNK01AgIctcouMzvESYqvcUtgZpG0cdfTA0EIeL-hf0H1pcYs6vK-YecVGopxAcGf1Ga3Z72ZoDtjejFGSkbMw==	9d1bc8310f3ba2eac03fa34929e8f8be7745161b7a7fa5b9a25167ae81be89d3
00000000-0000-0000-0000-000000000262	gAAAAABqkllUv68jj0fx4r_AW7rqk4GglQmSafSI1sH0j3DDzZyQpe0JGH4CtZ1BfsHPZUiBnr1UZfUKvfkubtQ9lzh2T-GZ0A==	83370c4c37dad65df6d506f0d186b214d097a57429de5b8e5405b50a14b45f4b
00000000-0000-0000-0000-000000000263	gAAAAABqkllURRhKEIhLO_sokmwU2d0KsH7xMKBbW067weL8mUmmZEpeZXKOL-HYrUr4lR9XKflA4CFH8fl_BltoH9FBO1RTLQ==	7104f544657b3c32dd73d9538c1f818b01a83977235733b37311f7b48041035d
00000000-0000-0000-0000-000000000264	gAAAAABqkllUW3ryh6yGdNEKdrRM3xS2UH2Q5iNaJwCZ9nO84T2yv_5hZEAO1p_RdzlCdWuHldkkQdivDZhdmw8v7TyNKqwpqg==	0d89d9629bce162f2338803b54f675a0c643a3668ce175fcbec003086b63047e
00000000-0000-0000-0000-000000000265	gAAAAABqkllUiTqPbhOmFeBmrexqBUUC-DMFBGDbLtvT53kK1j6Q7I6QslYkLvj4rs_SBMYKmyCcifeZ_XmTa0VKkj-zTd4AtQ==	3b965299244d4e17fc649fa1c2e020e832873fe046c6f13849b8dde47b932a5a
00000000-0000-0000-0000-000000000266	gAAAAABqkllUbHFtOpAPKlWN5ahO4D9L93o6Rexufg_ohuPrJGtyiVp2S3y-cGFYKAjv0haXUxGy8rTQU23qSIEWXHuZKlf8oA==	23187c10e0d3fb2264fa6a8d288e83f4a9ef93586940b69bcb5b888d12eb7080
00000000-0000-0000-0000-000000000267	gAAAAABqkllUyT2Uh8uQ-DCKGNTGLaCDWzmHOPIkNptsNc3VqS6UgyQhq4_LHCxGmE_iCYFjsIqSGNJBsIGZJRP8Ik6EUbWwwQ==	8477abf7e5623760e52ef7053480b4dbf08a7fa336e691b2c38d97ef1f7485ca
00000000-0000-0000-0000-000000000268	gAAAAABqkllUBJAmJ2hWDdHIBdEPraRwefv_iGt4tp2DjI88DbJnH6M-VGihaevIOfITrkPiDPHstWlbYOEmUg_ThPi0qwTa2A==	e3f561734a6d17abcc0d3e5cf9775fe4dd6da473675cf2d2653705e05c908fb6
00000000-0000-0000-0000-000000000269	gAAAAABqkllUTRoQeUAEKrGsItKF13SZllKMVIWRkzBohNinq5yNOm0pgfs1AX16oGywyf0NvYd3Vl3Mf6P1MVaTfswJJqaZ8g==	58cb996ea62aa158e468624af93862f8c297397919be288bf2edc3e678434672
00000000-0000-0000-0000-000000000270	gAAAAABqkllU_TPyUMOS8FXH4_joafsNXInvP_P2YbLgY_ZfTF1WVplYbpHuPxqXFG-1c9M1aiiqLBiJzcDuJunPGEjn2uileA==	1ba2f126c296695e6f9e2ea6bb5af30139a829924c18b8e51bc0e9acd0952967
00000000-0000-0000-0000-000000000271	gAAAAABqkllUGzazxgvN9tbd3by4XojLwfXiq8B0HcUrrp_zHq_W2GTsh7w7cywb-v3a3HgKNsmywrzt8Ehjnz6Rb2ROgVwPWg==	0ac5b81936e443f8427bb784e82bc74ff3d6acc0873103656f5a299d8140be2a
00000000-0000-0000-0000-000000000272	gAAAAABqkllUG71M8zYuElUbrm99OpLdhjolDgTJiOnJdVtSuL0r6v-EPZv7Jl-pmBi0zwl1IUc2bBkGO9EcSBM5-P6wWa6kiA==	b4db18b074e5fbe94dedbb8287f5b3735ba887df339faddb7e341e6f27988c7e
00000000-0000-0000-0000-000000000273	gAAAAABqkllUw_MVG6m4BwyAY-H1Bhf5kOQU4VDlul3ScP2044aCpnvqLBpw9kdyOltd5q4eiJ97eKT4vlORNoaX3cudz_ZJiA==	2f8d06a68e07538aa9150ed9e7bd2286a31f5d3e317ad23a8ff4078837fdad2b
00000000-0000-0000-0000-000000000274	gAAAAABqkllUkmr6darPm-hAoAZxlwXXk8B_NDwAodA08InsF8du7auZr9aKOesZ5jU6HK4mrNWOxff6XP3JiMiQmqeHCfAymA==	29effff3085f967032e400c78753e447fe63dcb10b035aa8af2a57619413f01f
00000000-0000-0000-0000-000000000275	gAAAAABqkllUO-u0id81e1qYTIHvB-kMLdTx_dB9i2TpWt-XeBBg9QF8Wr5b64IwDcaM5b8dGCLTTu7KufMoEra_H9HEj3xQoA==	34389dd0944a4b16be4e2a6b7157dff442a860042dd047ccd67b82f238e017e9
00000000-0000-0000-0000-000000000276	gAAAAABqkllUwdDAjUKceg275hc_ttAgmq57p4Mn2KNHn4LdhTLtGbnVr-FGXISlHS1FlbJyISZLT70eJYFw9k7JyweSrXYA4A==	2b779bdc359303520d798b9a1c8f1eae126c9d61b4e40cec13c3c9a68bb945c0
00000000-0000-0000-0000-000000000277	gAAAAABqkllUw2aIVZAK39FfCMt9U_hOmw61hw05Be9uTDatKZSz7gzCPU6Xjt1eaLopdZ3aQslQIN1M_d51duorakGVZ4kcxg==	354e087db5a7acbccc17302c27f453bb9f36a77594e64762ceef20a044a38d10
00000000-0000-0000-0000-000000000278	gAAAAABqkllUiicwuv3XMsc7wJaeBCiirWKiVNg8ZpfrYFPeTEckDpJ0nejXpm2i1oBDyAi5pBaww3Vo6P6RbDCwb7VyFL0cKA==	c01a9b399b6ea565fe2a32da91123e30c156b0adaa446ea2f3758e8839e35823
00000000-0000-0000-0000-000000000279	gAAAAABqkllUJqIyQmpYoVgoIklBuEWiqpXVQjaIyJNIvMzDLj46KDJaUG7SFYx1WZA2ADnGktUjDgdilJqbU37sAtJFSsEU5Q==	5db249628d021ebcf34698bff4b591f6da6d10ea0fc508a54fe3f0a26a2f915c
00000000-0000-0000-0000-000000000280	gAAAAABqkllUbyfmVC4GlCXOhIgaFvDV9hVecv1v3i5DVfIQUo2cptNiqvkqmEoSDGzow-F9L2CkhfVL22uwWMp7zMoOfr_0Ww==	e2322c0226c28afb979a8af826db6ab4449416fecdf3365b6dedac6adad6ca3d
00000000-0000-0000-0000-000000000281	gAAAAABqkllUaCQ9XSTvygLt48bg8YvinShgTI-vnEBGegjikmdnvhBxWGC2FANxWG3IxDLhrt57omSIHP2THiuWN_3nK7XhAg==	0c5612dbe39bd1a7e71ef1918087f97c54020b8953f610ed6f84d6bde00d6b58
00000000-0000-0000-0000-000000000282	gAAAAABqkllUaWB5sbUAnD1esF4_SMf3qDOvjhFAWrI_wOIoxj_DjV84Xhcp86XMk1Cjyo7jTalUT8MUoAoLz0bPdjbvuR2RbQ==	b90092a3da468aded3bc773084b25a516bb01ce9f4be55b994987aa1be413497
00000000-0000-0000-0000-000000000283	gAAAAABqkllUe5i5u53k1oEOvO9IG9oREmLDuUnIZeBlKD1EVMpb-ktiytcuwDgDsgplSFtLX7tccvK0mEFVQiDokk2jw9o0mQ==	8ade393c0ecdb1aaa9b5859c42bd32997470c3f439b419acf38154b0390d2e34
00000000-0000-0000-0000-000000000284	gAAAAABqkllUdPzddp6mLOQ55Pfea28NzDMJDn90iXM0Ebx23SVRnWX2A-KGS0dqEYBpMqtz7sTJm2A1SbcUopovL0ApW_Ljzw==	ce9b5e4f67bb31aaf7df6b448ab6422bbf0439d0769e4fb14b4783090e100896
00000000-0000-0000-0000-000000000285	gAAAAABqkllUlwMC1Y7XgsZnUkfpbvgOpglR_dlIKe8Lwaqfnv6oPzInh7MB_ZdxI5glf9mp7Xvt4p8uwaUNOhxVGktrb59LFQ==	678202a938af4e173ceabc4eb4a9b98ad7313e3b18c2bd5eb657d7730c46e000
00000000-0000-0000-0000-000000000286	gAAAAABqkllUAkBzepJu0i6W__5siIQhFdXwtpG3WocQ_hlutJns0redlIDzCeJxiyf1PsZJaLWa1JXECU9hvEXcbGpw1LQVGw==	324c994532df244cb285127066c7c18f656c2571dd2985ab5a7d88ed4719c83d
00000000-0000-0000-0000-000000000287	gAAAAABqkllUyC-hqheE8Nhdh_0_pugBs7NREj-kMHngU6d-dXNYoFhlv5m4El0NmXYMmd9mLpRpG-1kFTUSKsa0iRm2hke87w==	fe9d6c96e6f7d6141ad6a708903df4486eeb48f160e260a9af0cf7e80711229f
00000000-0000-0000-0000-000000000288	gAAAAABqkllUVlNMMIpfH7wt0f8Zi29IFPDF3BGAcl8OxTiW5ybtTop3siIzElFfSNvw3I11xCa-jRZ1-9hNDM8TY211KNG-Nw==	d2a52a40e7fdc5dcf6ef471edb7ea748c4c1eedbaef91f3d905427c6c1a16ce0
00000000-0000-0000-0000-000000000289	gAAAAABqkllU0qqBrguL94t4-lFNtCOgyKGgMvo_vM_urIxni8eoPpDpGJ32380gDEBYiHmrlHPwxLXOzPHh3vke6pW_V4toTA==	25cfa684d3692be4b9448f6c56e06cc5a4e1d245b37422028f8ede1366c0c35d
00000000-0000-0000-0000-000000000290	gAAAAABqkllUb5MvJYo1CkZbh87oe-PF31r9V--7L0GMpus-m177rNZ6UTDcTwWj8GARiVGXgVeToeZnxOi1RbWr-BgLcEohRQ==	f9b096985cdf9be4ec31b6836f786e62c85d84ac6870df3bb8e148a5d4bc0798
00000000-0000-0000-0000-000000000291	gAAAAABqkllURq4Sl7xGy8KPta-0mqT0RRdLZUYzI-eGm5bVa_ZKkEuFCaRrtJflYIm0dDOFmTfnJ9qIGPdRrax3d0vKfsjRuA==	7bb2f0e8f9a6ccced359e797a13c08a0455e3497170930eff620f7fb3c3e1ab3
00000000-0000-0000-0000-000000000292	gAAAAABqkllU-v9NUrveIVfwLDPD6C73F3-g__yiYREycrXOeK3UbNwCscpy1dWi180AJwPF92hTSJrQcje_U0g6tTWfZJi5ZA==	9620ca1f08e73dbae37c066157cac80ed3aac85a19157c9daa0dd293eb44bf71
00000000-0000-0000-0000-000000000293	gAAAAABqkllUNAKYidRPibwQjCxE9tmoE6YIy5I-RWWuDe2PjMGCLKILcrKnF99XA2xP0WB-FvXrqaFOxWSAWZnqtirEoj8Q5g==	2de7e0ff41dcdb34c24fc2b4b159d3d464b04081041bbe3ebb29d39506944aa0
00000000-0000-0000-0000-000000000294	gAAAAABqkllUk148rvZMMrudihGb9ntYznU4smZXBc4fxn5oVun97XlXA_a3ZwMa1UqxTZ3C0RYBkPk-QvU9PNFjAsSTGXfOWQ==	f1b8da0040d4a3f09f77631f9dac5afea63a12db0825ff79233e6e33fdaf44d4
00000000-0000-0000-0000-000000000295	gAAAAABqkllUmmJKuDDDhl-5rDf433EEHmu0naXoIGXoZx6QSyMkETJTdjDzP7Y3CIrE7CdmzgsdKEtGFQL7QUczju2VMBAANQ==	2925d38051b4a5e9493ba193be158efbfd79fe339507b166d5509afd00beaa7e
00000000-0000-0000-0000-000000000296	gAAAAABqkllUKkpW5CuCYCYJhDWgh4aS_J0rFNfldQKgUb_EnAvxH5pkW47_TJtFmj4GBCYv_CcOGMCRJMJ12GtEejHALC7omw==	e457e02d5e78e64f1776e981647446fb3d06c7151a017b642c1722296ad24cb8
00000000-0000-0000-0000-000000000297	gAAAAABqkllUhaDlToPsxLk-B_UUFo_cHTjCwJHLZdzfL4VJ4YafKtPvpR23VfjAvskko53rS3DMY8yY2FkvPzQsnlzzh9RQmw==	d6ca0b3f788282b472f58ba4b421bf433641c0202c89ea7b0846405dd23a66b3
00000000-0000-0000-0000-000000000298	gAAAAABqkllUu7q9h2bvRQZh-StMSAssXjnuqRYsSijsNiyE5X8DByI9skiiKzu3HMq2D2HhUHwUqf8hkKcQ8Pp1Pe7pfCJjvA==	dc6b4d55575ef2ea2c140bcfde69733b3263ef342c79d1ea9b38fd32d34f8529
00000000-0000-0000-0000-000000000299	gAAAAABqkllU5yaoR4THBn8qDyvlfHqvtOc8ifNh5gvLECd48-OO2Cp9Qedf5ZQY6vLS_B2HS0fmwxpq7mGVa5TCMuvKul1Q0A==	0600c0cbfb5618f2b58c2a601ffdb9fd8827c8ebfe4a8ae96968276d8886831c
00000000-0000-0000-0000-000000000300	gAAAAABqkllUpegQYVYSzyqQG8F0FOXnsrEXz9PZjv2ZwiJkMQi4_vkWkYGbQCOABfJHzMDVwCWad1zyPD_Z8q4gsA9CFszq0g==	563021078ec727a7c356eaa43d88fc916bb92f25171f6cbba59d5d7b8750cdba
00000000-0000-0000-0000-000000000301	gAAAAABqkllUHhCBsxmZs10G7mL1pu5irhrjC0ghd0f_P-0sX4kQ7jINMKXipyMzLnEf8Gn7ytLwLxTfJvlmTsRMH08vY-91YA==	fd3b4a66d731bf7e3e819cc75e4cc6893b76f113bb2be5687993e6fca9bb0f77
00000000-0000-0000-0000-000000000302	gAAAAABqkllU4deRWV26Niim8rXoQVQPrVNRSXiKyC5b5ix0q8xTOnEs_K9R_vCO2uGmVdLT080mrKJ_S1nRs7GjKADJngH5Cg==	9f42afec77beda51d9aa279f76c5c4e9d5ab80cf4d190c438ebe8c290b757926
00000000-0000-0000-0000-000000000303	gAAAAABqkllUhdoJml99sgwqBt6Zn4vZozAsm80Fepe_dKA5wdNVhtsqhL-5dwkfKzy-8CkuFL3aGd1g18x4JfmUqkEwSkEYmQ==	eb694833a1749c7a7f06aba73bf3a7ee2390950eefc6ce23043e34dbf89ab73f
00000000-0000-0000-0000-000000000304	gAAAAABqkllU9S2cKXNRK0k2HBVYE7dOPXsK5HA3LUF_W-UYOcMHpXbiLbeQvbYB8k518m6zIOtT4dTqfPkxNf8uBVjYs6Vy0A==	e758bd2bae9e515d86628686fcf0a6f91b5d694c1f8bd2063e430c0de40193c5
00000000-0000-0000-0000-000000000305	gAAAAABqkllUg1iEGatmAk7DaQEl4SxNoyEBE-p9UWFhvwSWV9yiyqb8OKYzIy7gA7YXOm8fPL_HwqoDmRs9P27WOumOQHm-ag==	6fcaea8d26247d7a1351ddb8c44d435a9c6b64c5e92f81056a795610f33185c2
00000000-0000-0000-0000-000000000306	gAAAAABqkllUZg1cSbupE26Z2OLnBoaTHiZjYksoloZ05NNybkUMvwDNAHdA0QTPZVud7-Pzrzo7r6vjTX1lQ8ErYpGh0nCy3A==	47e9ae8f6813be7ce62219c4786055a25e3005d45c39769e81246d3d43790220
00000000-0000-0000-0000-000000000307	gAAAAABqkllUamZUoMW9GiI6A_3KZ5WMsuWbM5zr26zvpDQK5n3cBHAHUGe2hlCFWcFGm_45WpCjga2oQy1iYuIQzRKTmIsHtQ==	9021d6937f2f63106217662dd1c3d2068ac93ec271219ad46ea1f12c1786216b
00000000-0000-0000-0000-000000000308	gAAAAABqkllUvZFoetUd558zSzJtuuytk4HHxfKgMMuCsaXHhE-Ti4VLYwxQ_iIEAWH9fBb1LWu3cVRqiH3AzYcKhPYbyzCOuQ==	d809650740567c672cd91a975e694b784e224cb49bdd3ae5eb3c6636138ccb60
00000000-0000-0000-0000-000000000309	gAAAAABqkllUB7k8kyGPWXbdDwUqI6UJf9W5187ZPC6gKi0gVYeJLsHm6lHyoAatjQDdFjeFaOxGQSFG8GpbwT2nsxQLAIc62A==	0580e7091139b4d2ff0d24431b0f2b735b9d691cf61c66e7945b9549fd231053
00000000-0000-0000-0000-000000000310	gAAAAABqkllUQMECbpPq1jXjBgq3gNUpXNv9O8_IQgr9mO2buVwEl8_5YcP-Dal2IKjG-M8NRbGdQ7ZB5lS2wxP8jOCjp4A1OA==	a8c1fdea6a7cb2819f85a79a200653ba9c558cffd6ab8a3b8b7854748faad365
00000000-0000-0000-0000-000000000311	gAAAAABqkllUaSk4pV4CjdSWyHqcbXtB6ZNwyLMKk-U-ZGV863F8Lygt7Ca7q5AgnzslChgZZzPwdB5Anh_qS2FFfUxGcgctYw==	141c2ae81e9d9b8e7d9b40691a14778e5b1a25d5aeb5d4ffd6acda334345fa92
00000000-0000-0000-0000-000000000312	gAAAAABqkllURQRmKiqIg2VMByP79bTBwRwQZEOLwU_pVjJJJNpcufST1mAWJ2gVM6EZbHDmGFs_IpPMExrVdWDOdT8VBD3aPA==	b110cf203e8ba089da939fadba86dcfc3b4961b6bbfdf3a9ea07075d9019604a
00000000-0000-0000-0000-000000000313	gAAAAABqkllUuF-YegZOkZc9BQaXRHgNF5bGTyjciXZjhonrs6Q995InVqFG4LivJ9l23ogaZMzJwGBf2DS3m4AH9e-KnI36CA==	0a47a6049acf1771633a75e34d3329f86caf7b34a5a0036a9e1f9ce68ef2a9da
00000000-0000-0000-0000-000000000314	gAAAAABqkllUGR2vfHlotdXS_msiRTpjyKT1wPgsbBnuKEnqm95nmxqOByz_Ks_D9jWtTgu_niYyb4PImwf2MiR0_C1KSrUHIQ==	23299307109e4899f3cb62c2a5dd60bbd052da97cd4f46902e3fb6416d15ee00
00000000-0000-0000-0000-000000000315	gAAAAABqkllU4A5nB1y82XkWSco9b69WXGwroR2Qnh4MdRXf5eFb26QakoHXmCVoF2gJV7ka15aZRifha2MMgDSij-Qx1Pv9xg==	3dda01eb2cf8e253542a74943e31597a475af7759b171ca97436d224aaec25b6
00000000-0000-0000-0000-000000000316	gAAAAABqkllUmgiZiQlxWpUtdTwYPpmKhH1fhtYoXrJ0JGpFMn5ZFtAxENcnpAXgPySWrbBPwOq5NFc8oKliXaaBaWCLgHI3yg==	61cfd1962a0dab57f932dbf789842f61be7ba6780679c078cda6598b3e4f98e3
00000000-0000-0000-0000-000000000317	gAAAAABqkllUiv4Vqam1j8pWZQbg7Tq7pAsj0y3MY-Esg1RF47Pmtc_OH0KSdf7WyegIY46j7J-E6ld5GZaC4SSo_gHQ5CWtww==	563b6b992088d39dfc8e5474d6cd1ddf1f725bbcec4954972bd574e99b9e9a80
00000000-0000-0000-0000-000000000318	gAAAAABqkllU7LlbSoUyeoILsXEgXWZpS42sfWAG_GgOBa-hsr4bLpL81wz6hK5oiPVK4FG9KHoc6RUpIIHRCZa9639vVjERug==	016ebb3ae9de1e22befb0e6a6a83743d7c3e74a12793dec55f7de5156b62ef21
00000000-0000-0000-0000-000000000319	gAAAAABqkllUWnjHju6KX7HUYGE3kHn5_1EclXaUCvRXLR5pZwqZ8bXcxdsGCM6te_sYeUkm3gpruQX2vk7H_oefwOo4I-6KhA==	8b0effcea9a0aff55cbad7067f298db9c5df5e56c7ce343f834ec18c6418fc7f
00000000-0000-0000-0000-000000000320	gAAAAABqkllUOOEFIIjyDvuX2elpk6ZgVQgZzrIAaeZZoCiTRiFz2TS8xks4-7oK_5NjL_AOPvYUslVMVGxUUgca4EinMMP1Cg==	91fcfd877c99e7b8413221f1a206b463cf7db3a49979e21e695ab4f1b622d11c
00000000-0000-0000-0000-000000000321	gAAAAABqkllUV3Ja_4NMYLl6HQWQPh8ToFfDffFntQJsmlZPnIXkdwq2_i4Pq_W1ZSfn2qs4kh8gAySD0XJebWi9TlLyT2ddWA==	fd401e75ea197e806070f3a3304be62353aeaf01cfa01af209992ed75a8de096
00000000-0000-0000-0000-000000000322	gAAAAABqkllUPn0tI6nX4FSgXRHqIAC1P7vzn8_-1V1J9E0KKK2ztNR5xPmziFAh7Qgx2P9H1LzI60Pi-RkWVxW-7sSuWPJQbw==	0f0e757cc623de419fe33c0619fc4a5533f241c291e2e6f29d77a8a9f68fb38d
00000000-0000-0000-0000-000000000323	gAAAAABqkllUhV3ocn62iLf8_9W6ylhJerq0i45gld3eW8GP1fVohfVAbyfa6uW18eNfkhw6uBe8KGLjU6xtV5yfi_Pp8JhLCg==	a04b3478cd32c40c8bc82305e0caa506d37bcf9ebc0ce9cba97bb7b3fead2060
00000000-0000-0000-0000-000000000324	gAAAAABqkllU1RlFbdL8rxTYuQLZez5xOCk5CW9htboe8I6oRCFLpbSBA0QUuefptW01awvhregzmM4jqnospxt5Uefrd8BqQg==	3061dcdb82be5f920119bb5c9dbaeaa9477a065f375e850e40e3e2c9a52aa80c
00000000-0000-0000-0000-000000000325	gAAAAABqkllUN6YrufPjYcj3tQCZUKcUegAfz_nKeoL-zicTRONlBqdBRhkwLSGoTBuTazingsXcEKCKUg29RkeEQlmGwt7lcg==	47c4b887eb870aded51093e7fdc515e43a92d20d611da2ef6c75f9d65f6894fc
00000000-0000-0000-0000-000000000326	gAAAAABqkllUBJ1zWjSUjFQJnma0Q95tic74Xb8uwAVDeRXF9gGA7xDaFKd_r6YaFc7nd9nDC11-MrqHuvtNTabSp9EsyGv-aA==	cca18ad0ab58d6772a23065f4f8a9537133ef05011f034c65fb6ce533f04f131
00000000-0000-0000-0000-000000000327	gAAAAABqkllUjBusqUwjUTokoB8Drzg7wDBZwa73GtHl0IYhOTRSQgGwkNNPGugPhkR7YGTBktQwfyjLH74sJz8413CG42A_bA==	69084f25464b92201fce6306ea505b2ba89cf586bcd7d6a2a62d2bbf019bfa02
00000000-0000-0000-0000-000000000328	gAAAAABqkllUhPa-z9cZdAQ9xH6el2xjrbZQTikD-OZpEHpNz7W1fvJDPHxWeNzia_BBh5QKr-CnrUrmCMcK54LZt_V4oaeHUQ==	dbdcb393a9087a431dd6c7151561481528cf28e0f8f266c7a4115b5ab5cd6dd8
00000000-0000-0000-0000-000000000329	gAAAAABqkllUBfYGpVeN3ZV-c7FqTIdIOI6T2c1wLBtQ0wiU5Xr2X7sA6RetO_rwSajjmHe8zWVSKRa4OV9bnmffFXDUHL7xMw==	fe4fad189ea10d3c724f0e4d7cf16c9051d04cfd3dc2883dab614033df0ce42f
00000000-0000-0000-0000-000000000330	gAAAAABqkllUoPYBGVkiCBM0us2iPeDOsHC35kADMh-ENRL8H6VRj3VGheaWvREw0UpiRpFjMyYBfZNsI3H20Kn30sdUvFXO3g==	dc8fb0ea1f871bd666f6b31597a848fc787fdab2e962650247ab3dba204352eb
00000000-0000-0000-0000-000000000331	gAAAAABqkllUD5FMFeyAIBJrP2MCHmeQxxBwknX_vi1GYV52t_W_wOopN3JiOgdVG0gVwK4TclOV9TXZJ6fN13fwqAI0j_u3MA==	7e2e69c28d3ecff307ff3a7fd2665180fa675534542d2aa76aa1ebf2950f482e
00000000-0000-0000-0000-000000000332	gAAAAABqkllUXBH86pVyi4kM8iZO5OFIbwtIb4s-_RRsCJutEP1eFYM23QVd-lV6rhPv9lhhrWBNgKSoCGSXzp5NK4eyTQgrwQ==	888f20c5ef8dced2a0d0230b0fc12f9278881755f91f5758533547a5cd253781
00000000-0000-0000-0000-000000000333	gAAAAABqkllUCc-etRtWqYn5xnhCtEdDw2E1Qo8lM7tVulKhLbKiyr5r3IkqH9E5ac7DgtJJDo9l0FVIpK67F1Fr8y_07oR8Cg==	f5d696374dafbfe3ec10e8437897daedd38a6cab0ca13e81396f2a61fd48383b
00000000-0000-0000-0000-000000000334	gAAAAABqkllUfGCmVeZCp1P9exGpxoTZlIjTgy_1d702imRav-OHXGucHFXK80zYbVQW3LBhcSmRWn0Mh3XWi_BnjTs1BtY0Rg==	47778033f4bdae304e3803d69b764ae55fd6d4207a76a7998c2b5e516e3bfb04
00000000-0000-0000-0000-000000000335	gAAAAABqkllUV9ywvxFQPoA_ASTXlao8HoQ5FcZ59lOGx7ATbgAI7SeNWppXJEotDnDg2ydTu8svfuTb1UGPaSW_HMVhb5-0wg==	eb3ad5d637ce700e2b95d2175c21b3eb187aae84ae44751204aba4eb992ae5c9
00000000-0000-0000-0000-000000000336	gAAAAABqkllUISdkVFmvIiUNEIeNhOEiPaR1r__k8DA64ck7HBHDju_1BOacQlmginNWVVBScD5qpkZmtQtRMtcgk37Lf93SWQ==	98cb876608edfdfe533728767bef7c18236a7fcfebd3dd84c94edeaea2049b76
00000000-0000-0000-0000-000000000337	gAAAAABqkllU3F2qSf-sf9wTGGu9Nh3oqLaeyMjMC4EqppZ1jlGiNh_LlK7rMwRthzLeYP-sRkjBH4OMrS9qYM6bFM8Fb-_1iw==	9b1412019c2280538ea3605f1e2266c3ecc4cf57005a2c7122a7fbab8b3413a3
00000000-0000-0000-0000-000000000338	gAAAAABqkllUuR72KhnYDgJ54YVcyTFuylg0Ea-ZOMCcVGOCkKz0NMGQEdlUgRuiY9iksvIcX-dmnqZ97_RnHKSWwc26DOvggQ==	e3ab082cb0f283ffd332c7eb332ac2150c1484bb32f62a9e133b9246401196e5
00000000-0000-0000-0000-000000000339	gAAAAABqkllUuzn0OZE1z4czsSt9Ogg6UMukQNoBmZf6pmlHYdY1ONPlB1Top4YS648ziQEaKVR6Q2TQ5wGYluHEPeVKZ2ZjQg==	e0c2439a74cc08c96c3a52b92996428d4495a19ca84bfd88a80620ea7e217dfa
00000000-0000-0000-0000-000000000340	gAAAAABqkllUqz1eWp9m-7WpTTbO7h04FP6CNKL5bIi0kSvoAJHrgIFepmkNSn8FnhdQ4cgrD24x62_8_GHdE51BS55mpr47OA==	746b33b4fa19b08695613c843d693a135552c962e2c4c662e037282ed47175e7
00000000-0000-0000-0000-000000000341	gAAAAABqkllUVuq2r3wzr5iGTXrHkU-P1YYq2_NbzX04uRc3-QWPh4LHWUk8VdaDbrjeOfgtzEe1R5kJ9_OkoY5CaNVytTe4uQ==	2ba3b92f78744009a58f473c6f52894852bca400e880b4cec01fc95637c5c785
00000000-0000-0000-0000-000000000342	gAAAAABqkllUnfuty4RW2DKzEr9SDWCq8VDtu1lzB5akAxTLshzLLSmDrtPqjeeM5sQbKDnVufCwx_vBdGooGvSs0YYut1d6wA==	396dd8d407c72f16ab12bc5192a51f50082839f68f9d21938f28339f9edd7de1
00000000-0000-0000-0000-000000000343	gAAAAABqkllUKGvpTFSRRMEpTy7byMZGgDtKOV_Es_W60EYhvVvo1x5Z9acXsUmw4RfCG4jt1YYFPTs38mO8sDvCPoTPmO84kQ==	e0a4fa75e86d5ff35537b496c5817ee4ccfcb85627cae24ab76ed54428b78ba8
00000000-0000-0000-0000-000000000344	gAAAAABqkllUky0HKrGyjoXoaMeMM4PegRlOnHkSow3UHJbq_AJZWG33dyCKeb8VX_7OGlOEliskZ0nL0wdnkSK4KRW-T4ZjkA==	2ec6f37614e1a3952fbdadd1d66913b1289336768ba88b880762d5c6e6dcd070
00000000-0000-0000-0000-000000000345	gAAAAABqkllUuem0mdiRbQk3VY1PAcQluS4OkRzI6LwrYR3hGHsm5AnCmBvLz8NdW3ozec2952hzpuJ_fqQO22HlUEMrNRVkUA==	92a392e7274daa366694d9460503fa63fcf8c9174cd3778ffc8d2102527942ab
00000000-0000-0000-0000-000000000346	gAAAAABqkllUtOHj5flVC16i3k9_InwHOJA21qXsJaTFIa4zoXrfGvkEByUI1_Lr7-ErkZln-B2ptrT4K3rbsdBfa5hUHRU17Q==	8d8f22ec2f8dd12fb6389d4e4eaca6e5fd5ada0e85abe57afdc1320f9169785c
00000000-0000-0000-0000-000000000347	gAAAAABqkllUPIcO1KgPDvEpUYaZxZT2rvynPCP6qDw8HpHNHOfpagN5D8zVkbMgwZk4nWRidWIGP2DcC_JTV2uzZUBwk4MH-Q==	7131d241e108416b5d915332e1e01f10ff20da5069a897f36acf970aea406866
00000000-0000-0000-0000-000000000348	gAAAAABqkllUx2CW4psZPSe7rEWIn1cnKvBSg3x--aQYF9UMKT5WJ-lXrTZ944UTk7TnzQ4_i3sGohtxb0c8NEhTg3maHSQwtA==	000ba280ab904c83f079771e82040f9e6263fdd7aff63bb3f59e02865caafd57
00000000-0000-0000-0000-000000000349	gAAAAABqkllUTCx1yxvGfw_T7yYroJLlWqMyO9-NFzAGynCM1V9kqLVXsoJJmbm5QHZeJDz8H_LPAi4ly_xEZJ8xZ5-XQLr5HQ==	b67c1f77b2d40362102c2cb79c2820d6f3c15f46938a61ffdbe66637ada652c3
00000000-0000-0000-0000-000000000350	gAAAAABqkllUS1ZwNuMaiwXxI1d3JI0h-YMOAVpJlsfVC6kHjHO6Sq5ThDyqczdohSC32QiIXxllqtnV5-LIolEnWqOb_NY3qA==	4a28b8c2f42bdf03dbcc06376c2140bdd4017fd59f7feeda749976100254875b
00000000-0000-0000-0000-000000000351	gAAAAABqkllUTYXLLhPuWKtyatOIzWXQEoPAkMYdI0s-yZ_zv9u0gTyrMoAZdADtI6sZZAJeg3XLT2KDkr1x1BA_KXX8jhqJ_w==	bea4e3768d93e85444c97f5d39805744d3e4a4dc7448d62c54f41acd9c444219
00000000-0000-0000-0000-000000000352	gAAAAABqkllURj-h8_5ympM1r6y0bFpER8TZI_z4gV33JZ6nC_rwAyUb-ZYuBhWbb4RoXAgMQos3JbJ2wqBQAitTp6KxUiLhZw==	9764ae063afda3f1ec5c472d5999f28d79f3713bdabdff408b183a7eed920214
00000000-0000-0000-0000-000000000353	gAAAAABqkllUIIe_zPW3-bMQPU9bpToaUQo2BbR7ttBNaDY0wigctPu4q6UWr9odjwuq5DheLQ1fc9XKYebq6AgZ40H7VU9Q2w==	c8aff1531cc81b7530a5ebad838cf4ed7cca5238e942fd6d065cc4b5b00c9b07
00000000-0000-0000-0000-000000000354	gAAAAABqkllUJW3-_RcZDwSn8MjysaR2YGSwuykZOTF4OBX-rfMenAZJ_2JVPB9lDXXEMM_DhSwHmBuBcw5QpiscOm8x3zV6Gg==	5cc9ab3974d8bd816e30a0c077f79182ab0e7ee2a2060242881a03e24fce242a
00000000-0000-0000-0000-000000000355	gAAAAABqkllUUk5RCConRQNWUIEt8HW85DQwto6Q660zTlAaV2PiozT_Ku8-2_nRPekS3hij4H2ESiIIErBWHGAwL7qtbvaxgA==	e46bdf0907f903eaea3aff51d4b8f5aa7a2b6cef5152202c0fb77d553222e6ad
00000000-0000-0000-0000-000000000356	gAAAAABqkllU0ZRz_qiGaJ7midM25NuB0sp_jWWzKiByvOhWruTSNrcstrFZpSDq4Hd3iebugMRPW-L6VoVkdnOpxWA5likugA==	b547c3cc8de25e500f15cb4f2e6a0239929345c317050c2781c2cae5f2ce3fea
00000000-0000-0000-0000-000000000357	gAAAAABqkllU3C_dblsTK5LpHb-dCjsy3_Ll5WvAKc1fYYIaKnAQk4Ph55rjZQbAmXsJRoYvvyu083DR_yF-b3j2ZtqkUw6eZg==	726642a46913c4d71f7afab92e2f42a9b4a65347685e6ca9d42f2aa6ec0cf9ad
00000000-0000-0000-0000-000000000358	gAAAAABqkllU5qgs4lQ5i558tgK41rKOYP_5odoCFZ6nZxVAtoHxGQjBY9GYIw_XS6D-LQ92gtUD2bagNpuDtdD9aSLrBTQLDA==	d9d108253814183499b790c3257b668e9339b544e28fe296b997519014edf847
00000000-0000-0000-0000-000000000359	gAAAAABqkllUp-yqI1y-Xv2w5ltZiAXw7xnbmhg1c33C1wSW-a-sMtewwkss06wkiOq-ytaSip167TGJegDe-nBT7zx6lZZUhw==	c96d2330a7f2fbbb51b4f122b25c78183a422c34f90988bc6d2083d58340ada0
00000000-0000-0000-0000-000000000360	gAAAAABqkllUu4RMsqvZGBUXWF7qkFnWwTbyoAATubW-y_mIuB0Plac_VuT8XD40QXLwgE7AfMpKeLmhAD7rywsqfegw8FCIQg==	1641bfba56e3b9140bdcbb8f57044ecaac8c2aa8bf14f8b127ca3c744e160fc9
00000000-0000-0000-0000-000000000361	gAAAAABqkllU0x5hyMuts8SgJSvvOXI2japcXJpkqTLkL1GQWU9RtFU4o91ULm8QtJ1QxFszNIREyj_mu2lRC-b3PzUHYGoHJA==	7bba1e91ff477dc6e797106207b21c961a1ef1794da9c9dbcb08f80bf00eff20
00000000-0000-0000-0000-000000000362	gAAAAABqkllU7veV3AsTv1prXfNVLFWCiU8uYyb_pLi8BGZCD291vovigJB6dWLXMG_dO7X9pRB-tCpgNZOOumhrTfzLZBOBZw==	56d5cc67bedd82282039d898062967bde457313fb3d38372d040f82ee77ef2de
00000000-0000-0000-0000-000000000363	gAAAAABqkllUlhMA_12qa5E8EC7JFWLnpaNzPaiprfBGbRG33A7WtOX31xHkUgfrpZBzh87n46Z8kshUta3J2eXZNw3cWKA7Gg==	27437a12327dacbb6b5ba081b26326fe81b207b9c741c0ebd20f236be3b2dc08
00000000-0000-0000-0000-000000000364	gAAAAABqkllU1GfKRp7dYm_sOrfnYdO4QtuVf0Y93tQRF-iISWQV7iaLjhZsLpHxbP6CiUQ0q6MRVHBUOJYu5k07j1BU-wzQlQ==	1b45f75862bc3b4730a5b88d54b72c01abdc6fe538ea5af555aee0cc8dafa48a
00000000-0000-0000-0000-000000000365	gAAAAABqkllUvb2aodn2fslY1LlqtwmaNEyrTpRnUh7CAcgt1B48dipQwgIfh2HhHa14HWqbLbwVFtkVpEp2QpJ1luO--Z6ekg==	be6f2d72f36680f403477d8924aee501105b54e522b0ddceed16fc5149029313
00000000-0000-0000-0000-000000000366	gAAAAABqkllU5bQo9ZXf-Bm7BkbPg4TnK9UVBfvK7wZ-ojTCtA7nVDXeKiljcDFlGwSJhbNvrJaLgMvTSlHOj3DOjppclLzjCg==	2c02a7069bdea985c486dacae60701a952dd0610817791626584054993a0d254
00000000-0000-0000-0000-000000000367	gAAAAABqkllU2DktHbncO_E_Rxprb-S6_FL0J5Voo2kIfL7BKI1wHMkPvJ_t6EmKIZMB3RVN6kb24WrtzXx5joZy_c17Rl72ww==	596556ca57c4f5e2532874dbd0004f0cc57ef7cb9929b4edcb4cf45989cc00c2
00000000-0000-0000-0000-000000000368	gAAAAABqkllUoO0AI4d1IRdfLsuKUVe-uKnDkJgjU0thaZhkcI1UJM2odrs8O1sjIuERmwiQ9bxUeT95SsPZqeQCOYw6mjuM7w==	ecfc6b783d49c5cac6f1738c052a5e2a23237097e44131041659a6663a37c443
00000000-0000-0000-0000-000000000369	gAAAAABqkllU-6P0-DTJj9EHFN4Em6a0AP38cK14_4i1ngAz2U3Xh8OavH26Z1ulqEObSYvnK2QutIl3mIJx4dqewzCfxKbBFQ==	cf6095829c5ca9660151c1ec6683bdd517dd576c851e43615d7cba2ef373d66c
00000000-0000-0000-0000-000000000370	gAAAAABqkllU3VGoAE4dJZMmVnobr0bvdY5VLgUokYPuRP1jnSrAE3YNJG6Jk47t7SOVJdoVqDu6WeBaHjUu5nxhou0_sF11-Q==	a9fb3de9408606fdf3e18d692203528c5056b82a586bd5cff9e35a40f9a866f2
00000000-0000-0000-0000-000000000371	gAAAAABqkllUwDMedGqpBoEFHlj4VvfGAGNV9TK8QqzShkipxmPXGhbK-jGzFOI5UGemOiXsNlGQjXKPoVUINCNMf-nNOr_mYQ==	b6004d4752d2cb2932173c9f76f3bc832fbb5717f6378d43bfd60feb4f5a2401
00000000-0000-0000-0000-000000000372	gAAAAABqkllUCU4Zr2yX4Bx91oJ_augT0S3aIWH6ZU2UswwfT2LsJnwD093bbPx3VWwnCWS6dHZP7XwRPXaAg9Y2CL_3EoPR-w==	4cadfd15caa7cad2290665db5532249878dc6a1713803b340dab2727dd2e6fd5
00000000-0000-0000-0000-000000000373	gAAAAABqkllUhhtNqql6x0tLDK2XoM5C6_81EKHcZWuucHXIW7Vra0CxKTCGSBdKWg4pi5dAU-vZEAXCf21QFrKJb7fBl821bQ==	da0f79cf61f088e49df6ae8d4433fc5d028c55fa03f22cbe69c18198ec17bf0b
00000000-0000-0000-0000-000000000374	gAAAAABqkllUcNU9ub_VNQwCHg9nG5nKjqNYNjrkcvrats-yNC2-5O_y1x0Ie4Uo5XOh2WSjtzCeyBdWC9C0MuaICfUuSed6wQ==	90d946633468d1242bc31c325d6439c213ba007c03dfff8c332a4b039dcc08ee
00000000-0000-0000-0000-000000000375	gAAAAABqkllULcXoqfrhwhF-nIwVING65nZ-HiYNdP0ZUkWmuKXUGPTysvBGg5VZgF1MGZNC1g3A-ahvxgh7XUgFDnrUy8iClQ==	2a11edc7c136859a2b57ab54f164d623ab8d608e17f3f89e09f69e2e5276aa0c
00000000-0000-0000-0000-000000000376	gAAAAABqkllU-6LZHCjE0Gg8GEjmy_FW4sEnFcbV0GRSQ_fY90HSXusBcj2b2s0v8k0JVfXcyBZS3jWKyX6jIrxBVnZFLypeAg==	d25b3714e20f82da4c903a66e09fbb30d1994ed2210ecebac0d674ada5ba39db
00000000-0000-0000-0000-000000000377	gAAAAABqkllUnB4MWXWa7H_6nBGXHYUfL1V2jUwMS0I6AlRxk8pCvk4dshenS2nRngPlEasEBpK1gmckgWJG7I9hrkCGUsmMcg==	58b7890487b48426834dfab838e16a40b53634ca0884f036aa43c2781a8de0a7
00000000-0000-0000-0000-000000000378	gAAAAABqkllUuCFqljd_P_ChPeElx09AUjUU8T8I-oeqWBEGfsbgJEfzKhxZiARkj9QRzavLl8wyGuXZ9Ge9rU3H5L1SC0vpTg==	83b004f4b832d50d3b20c4ffddc8152860980a64c82145392c3cbbdbf94776d5
00000000-0000-0000-0000-000000000379	gAAAAABqkllUOF_fKNdHqgrj_8DXClDCLxADL74-UcBeqc50tdJwQc5xMDOBFvymV4A13J4SNV64ExUQbnuwydGB9djga664hg==	474074902ab91bba642b80088b900edad059c7580fed3678a46b7ec916742549
00000000-0000-0000-0000-000000000380	gAAAAABqkllUS5QvnZTDQ446ONqnK9T0iRAOzkq1TOQhi7HeVhMm8BdxbqxmD-du3mY5yoS0Z03cjw3oWxijAAcJMSzsdERjUg==	457fbae668f2d46dd4c75398e6c8a96b1c5c6cf924dcc9484ecf0972c11c429d
00000000-0000-0000-0000-000000000381	gAAAAABqkllUZram51WBnd_-oAb07G5TBP2LfuFMG1f1fXmbKXQA4wJVOjmywJwAcUxnxiwCdjM-pGbWOxtXZJ5aysv6VDXB7A==	08a7e1d07e5e328c5d5c239fc034200afeaeba0389303637a606156752cceba8
00000000-0000-0000-0000-000000000382	gAAAAABqkllUlzC0PtRYiUxhESuA3kRdU9A1HBn68sXhrGB-JNTDkCO16qGOZ1KWzT5a1JMkQ8w4yFtbbq55l_l2qomOOp56Gw==	29b54b4f6d9bf17c9f4b5ac85616f1d885bb4fff8aaddef113899e22bff07fa3
00000000-0000-0000-0000-000000000383	gAAAAABqkllUytmW3ZzLshMbhHihOMimcRx7xYZN9rnXR74g-FMZqmRqLqZgGzjcUDqFG7nWHiDdGNr_BUGj-McjZL3tHCQCUw==	1d938a96af7dbe3f30133edbeb2fb0e7a6ca3094f84c2a7c5377c8a21ddc1e29
00000000-0000-0000-0000-000000000384	gAAAAABqkllU3rz41SPWjxA4J24706IFk4CE_o5im_3vLN1aWkt4idYrIY3tY7bCmHzMqISEnp6GSHtbex6XNw56W3dq58d0OA==	58ac49ccee14e7a89b87975f8ffaa92002686acfeae014a47958d7138ca6e612
00000000-0000-0000-0000-000000000385	gAAAAABqkllUFCik7bh-mqNl3RZzvuw2TXp4rVMq81buhotbZHYE-_BvRJGSoPHtjn7a1Nw2EsOTqRjQ7r0GzxZ8dHHphNYvbg==	a1d5956703136b324aa3395949f01e255c89d6abaf7bd628d02fdc9c2d9197be
00000000-0000-0000-0000-000000000386	gAAAAABqkllU7G2H2IoIvdfOk3zHS_WhFnqoetSK5qzX5qOUELX1WeMcpXI-VIGgqpb5M00FAwhcGknqRESFwHPVFn9nUPDFGA==	a5d1f0e4258f8ecbf5742568387c31536082b01473b6763c185a7ca2a59b8f2a
00000000-0000-0000-0000-000000000387	gAAAAABqkllU_1O0p80EJKUkAKEPr-ZSdFgvKhq8no-xs3Cf-6cOAIRTnA6xAT53Ffz8o6HDlJTPrX5Rt3_De-2d7W1Xhs8Blw==	f01c2f3261c34c077a8ab8b436f19b3f3f539a9f34d111a1ac1846d882ca1f7e
00000000-0000-0000-0000-000000000388	gAAAAABqkllU0TeQ1VhEjlTPu6kMvb3SjM9QZkrU_3Bz388zlLMouTD9HTK6QkcVQ5v9ZjyA_qrMNTwcjhusL6MjVaQuKdyrPQ==	2e1bf162c12ff81be34c42c04a23e2c46d62323575be43c3fa53ef8005f7d0a7
00000000-0000-0000-0000-000000000389	gAAAAABqkllUWeHnFr7LbDdMoeT7GwAXZofg_DTlwGpW_k7eB4EOa5NO39IgZkMV3V2t_kJkXVIe9QUQ6mCHnkRq2rFgPOFnmw==	0ba907f585f25630b11cea62c4cbec226440e71d921de627cba670f57094ed09
00000000-0000-0000-0000-000000000390	gAAAAABqkllU6KaLCnC4QDNo9rdGWrgPgjbzMptVYMrA-92_bo8gIaoNhH4QuV9xrxcU0qrvIIxBdbYvzgCCO24aYx1d8JTEow==	cb1361fb1c4993e30ad9d3ac148a6cc3864219581063336dfb2d773a9d0043cf
00000000-0000-0000-0000-000000000391	gAAAAABqkllUi6pcaR0Z6nHGGuur-0g1frg-qwq00rWHf-ivbXWZhzLYth0rSy9bKHuJgeOmDLi7HtDIL_6xM9ub55EvUwzXCg==	f4507312186a32a33a90840aabf23df43a5a058a1b43b1e8598bd4544c55d75b
00000000-0000-0000-0000-000000000392	gAAAAABqkllUBgjH1k4Ksd40bK-GJpyyqzg5CY69vywMGMyo6lMGDtRMzgu_IW3miTCiZ4QzKemtyvOePoIOSr2OWfwGQLkUgw==	17a0defaebaf46b2ac2fe03cab6f6808aa9d5b399497a2dc54a3505e06930692
00000000-0000-0000-0000-000000000393	gAAAAABqkllUeQpa2k4Ps_fX65uqiG3ODbdvZKVPOrHRmy1pkHyFaVk156QgqF0qHeEBNSJ2so1MpIlmHUzE1CHJTQKImRyNow==	4b62bfc2a22e166792a723655d1f46bb4224ed563b6603b9265c9dea9d48689f
00000000-0000-0000-0000-000000000394	gAAAAABqkllUzVhfs71OZnOJmXNuNyNl2XHneruMiOLHsMzXk1ymauFmM3BC_uwNv4Hqsds1kCDNdceBWf7UdChNRDYJYbwJCw==	2e632bd75cf977dbf285ffe96586b94d743c9261146097f1caf8f907e972d911
00000000-0000-0000-0000-000000000395	gAAAAABqkllUoVzbF_ONEskAcO6i_ki54rarBEN5hn8BOiVno8k5t4XflYh-tj2ooAP3pIbSydObsQrM04gE30WQ8Xbg-7fSVA==	40a3821979043117091f0a8d2df6277e88e2ef477d164b37cef031700d58ac80
00000000-0000-0000-0000-000000000396	gAAAAABqkllU0Xj0gcE-K65vuf8FgBkqMYYBgVqfPQSu5-Lm9f7eO4EUtFQJD00BRSlvD1XSi5VaAlPfnPGjyEFxVBH2RiS8HQ==	c04b811b02ec2102eb42befa71caf21ad2dce650ae300fd0edf5b6edd47fdf55
00000000-0000-0000-0000-000000000397	gAAAAABqkllUq55kZwRIT0BeTheJZ3Lufldo5wSrXRIwq8F9QhQixinZ1CgJKDhkxJCnwPBq4LRDMRk3djTcNfa17MlDrxnG6A==	003a94996674d36fa4cb21b43f6b628443ce2c28dcf9f48c1b8eeb91ff133c88
00000000-0000-0000-0000-000000000398	gAAAAABqkllUGh155tkibTT1II9-On2nN8deFHZm2B-gi5ijPZ0ikWmKY8-1F_4kZJ8NRpJlO5BMGd_gW2JMyirr7cA_TRLOGQ==	693b7b874310ddfd08c93de8ec7fd9c6aada4ab0a4067b66875f24ed16820dec
00000000-0000-0000-0000-000000000399	gAAAAABqkllUPIfa9nY_o9nSk1MMfKEBGe-SqN-ifCHqb3oykAIrog1OlosMTtVixgLR_N-cK8X5sD4jho2eDiA7PMXgZHiGjw==	fe13b64a487737c446c3ec7deee2e74a7bd466ea7c08a6193e84d973612d7613
00000000-0000-0000-0000-000000000400	gAAAAABqkllUwK__KjSCKMBqpkT2AkZOV45Pxx-Z_wpK9QrM_CHnm9sRqKSdxZpafeJ2nR4UIzGkpiqMYwfcvrYpaTjPn2p-4w==	a201d1031392ae2f8729624ee8b4c49ec3aff67214765888eda2c2108886090a
00000000-0000-0000-0000-000000000401	gAAAAABqkllUgOZh0GWfwDyLoZkNbPar2QbxWs_TvBexldJUfLMOeMbES5eXHzfNsbEBnC-Vj7yMPX386f-GvuuCxAlmMuFCqQ==	c68d24483bba44c9fe3a1c59caa6b579e54f120ac84e27242834c69646a5ad65
00000000-0000-0000-0000-000000000402	gAAAAABqkllU98nK-uurOdcJhamUn350sb_dT_0zlXVWTOxO_L493oN1b_I18qQZFnx8JISoqqrqpSAWn9TpnMFemqV6TMFKiw==	873387018f75e17a71bf828096d5c1915130f061ce14bccb742de581282313fa
00000000-0000-0000-0000-000000000403	gAAAAABqkllUndMehrEH1nrXhaQCWCZ2Pv24M-EEB3X2giIx-tZWF784wl0zeeZszk3NrXDImtluxJ1AgroMMIg1dowr-P1i0w==	f8dedee8732d5b647af769c1bc551f931be6bf368c23bedf96fbceed3eaa3998
00000000-0000-0000-0000-000000000404	gAAAAABqkllUju_HuJ4BQjGCw5UMpQttjIyRRMuVJcQc9-1lQQsZ7bNsxcRz_M6MaysahPkWz1DZWNe0TMfJnEKRpeMEtcZjuw==	44ef04e2cc5a95ad3b2a7947fc225403f922a6badeb11c1cdb0ede3a3b504d5d
00000000-0000-0000-0000-000000000405	gAAAAABqkllUXkp6orcphThV7sksWIDudyhp2sgt0RFIN3oGTnEVlYihVkLo4_zPULcHOePRsWobQsfa1cHDqSVjXTcq-p4y5Q==	a4fa93c0ba29ff808024c1e147420c0c6cfb2d0989667191c5ff34b1001b104b
00000000-0000-0000-0000-000000000406	gAAAAABqkllUXtRA2tvnbElh-cZPom4Qahpfm8zD99u-_KKt7k6RrFQv2bdn5Sf53cVdwO5CThwiGTT6jrfPduqzhe1Dz9cjgw==	4784750101a218c87f32a0a64a1ddb0ba5276d68c06bad29c089562203e957d4
00000000-0000-0000-0000-000000000407	gAAAAABqkllUzewR3OWDFrmWD1_pVgo-q3oZM1jZKvc9rtt2uNUFRF51g2vYX5qrDZzcEFkmybdfG4ZkerxflbfMPQMo14Y71Q==	3720a6068da2ea54a0a742efcd4cbb306525dfa839d7772220204d9b9fb0647b
00000000-0000-0000-0000-000000000408	gAAAAABqkllUE3D6JnJhNZLkOKFhf935K13qMkcs5xW7KG-zNr8faqXGPLux0Cwm9gF_zc5bJNHeJZ1ZFiZvNbFjSDi7EspXTA==	27bd5b4facc4d1f25cf16742cab1fc053eea78a336d8e46789f70a1f7f54c123
00000000-0000-0000-0000-000000000409	gAAAAABqkllUlzm0jw7zJjqzlZcYmmd6shojzoMh8oUaXvnc8u3HmagCeo4fGe1WM9ihwvw1SFBMY0Urbh27wb0CIZuY1BHApQ==	c091409694e45af5eea3f306d2284f7c5b3e4318bdf81b56d69c3a2fc9050781
00000000-0000-0000-0000-000000000410	gAAAAABqkllUKgXsP1rl24A7jN3WgO__CJXs4h2im6IXenuEUZ2NY55vc3FQdZmKz5jQtlO9pJqekHUUm-NnLgrolVcl2j_PwQ==	b652e584804e3987815a733051acf63fb4da64bfdb5be0ca7b597d5f8f14ae8f
00000000-0000-0000-0000-000000000411	gAAAAABqkllUhjXTt_rQ-iuUOaJKytVdwrHmTJbT8J12aKZppNqtvXh4n8SXyxrAn769mBHbn93VR-WNnI_3fAlOa-VZmrLqlA==	fbdd06194d9c337718452bc4b9bcde0983ba1349bba40f7a5ff9907c3010a14f
00000000-0000-0000-0000-000000000412	gAAAAABqkllUts-S1fFEDu6a9kDPf1RgdT7_w-40hx8WF_TVD5ce6gfQgCPHcU9E-CgvbV3ruBU4cEKt5biQtLwbuGk9TErtfw==	e5742d7de75319a6533c4820a7d670e05382fc4d8dd84a5d9d42a195c24caf9b
00000000-0000-0000-0000-000000000413	gAAAAABqkllUbtIA-ip8SCn9AwEcru_7JIJe9WLfhRiNhRXiwC8NkXR0es3SF8KRnGX-SASGmtjJ7XKRPqBHp5uAuMASp4QXCQ==	355b985bbebc28e0308aa751b846bd87bc0c109e3b3e6701cbaa556ff9f5bf79
00000000-0000-0000-0000-000000000414	gAAAAABqkllUX11vLOENucBWA2exrOG-nNledSDDWU_onwPjZ2jsZD7tn_eKavHgzp6_SQ-05puqj2ZYKoPdfkIiTcjcn-21Qw==	5ba5909c075e7008c35fa995fe36e917c19b5d99f4a18198e7b5d57a68d65848
00000000-0000-0000-0000-000000000415	gAAAAABqkllUU8FOThA1FvcBluK-TYnl6ZhYt2T2LMZgWklWGHzvAmrOB7TbJ9Y3bAARDbIWpXSqF8NpHUy1TPbJtPwaTUerAA==	4bb0b0e9bb9210bc0d56340fed94d9394419697a4bd42bfc1486c836d4995cd4
00000000-0000-0000-0000-000000000416	gAAAAABqkllUinNEmE0WUhp45xqrEAqfE70MaXuagdIS02AiIddmV_bIVoKMtRd2I6hFhYCCF9Q4poATaY5TMgRCpTir3FTiHw==	ffe518d61403201c7674c03da8ae062e813091a87e7ce5199f29c772820da005
00000000-0000-0000-0000-000000000417	gAAAAABqkllU5IPwUNpBdGeiD0gVohYp2-FBloZnhzzusaFlfmLjAT-pl-uPyyY9wYSpXQ6joxJH1z-11sEK-ZuuPfR5WwYwfw==	d765c7c0d73e184ea79363f0d0a1dbadeeb285718016531d61e8eb5821c23950
00000000-0000-0000-0000-000000000418	gAAAAABqkllUcCqy65-4QQkH4nGK_DKSKPHCSJKyqG7F4q6JFOPhjrrZmitAFPDy38Ap2rBvxGymFLUchoZSXcCleAwhxRjlug==	97adff4adc63453aca075b948adbbdb5f15b65f96ab4e66c85c27fab2e60ecde
00000000-0000-0000-0000-000000000419	gAAAAABqkllUZFfcZcdm5tNLgQkE7L_NBi8NWNKbgnYwwSkZnG6Gf4h9ybNmurPP7JViosb5_abHNRY1pE8RJBLD0qHsW03xUw==	150f28e17a36fe9f8a4d0b296e49758abb241709651bdd8e4870a6577338982e
00000000-0000-0000-0000-000000000420	gAAAAABqkllUqRk_DaDuEJIEJmY9vsE7UgS75LoXTlIq_f6XkVymjzlsoFuL9rXmLTIMZo8xVVYl0zAtWGRY6DJ-gDg2CezFPA==	27cc5fab937058b1a82b349a392db1fdb0c2ce44c75538e3c24cb0b589297ccc
00000000-0000-0000-0000-000000000421	gAAAAABqkllUlXfZRhU4O5JtiBRMK4N8ZTLdGR1IqeYOloWINyk_LaZVdN7IvAGa7iY4dGEtCqMP-raQ4gecohd-3NBvEjp2Qg==	727080b8e53ef80dcb320fcb3fc0ba7ad264cbe185afaa54734c51cd6f767907
00000000-0000-0000-0000-000000000422	gAAAAABqkllUHn8e44JGcA_rvzK8N2L9UDwZ8KqTz8r4D4iSOxe1T1xOZqfqhxeEeQ9PNDUovAKVBHPwCyoi-TdOmUzmvaOENA==	2dc887e0f2348ed3d8f4efdb3148522adb09859ab493f081a088e63068834926
00000000-0000-0000-0000-000000000423	gAAAAABqkllUuXDLooJdo35vn78g8zksvPeVPKWPXhz_ZHY5h_Psz9QARRm-00aHvSF9LA__m8Q4fZQRYNcA3a4_445au5IIRQ==	76822211686d86ab9e9393ccd3ca98f2e5c76b1af71ec2d7361d9424a85df019
00000000-0000-0000-0000-000000000424	gAAAAABqkllUfQl25N_3lr-ipGKqFkwRzJr_orNr4K5wsRVEqBXJYRRAPLKdDT9QUGhIUUDwYE3WdkK4U-g54y3zo92DQQ7ukg==	1a13253832f3f8e90bd33fdd0bd9f51e527e7b1009ab031bdac43bbc318b1f33
00000000-0000-0000-0000-000000000425	gAAAAABqkllUFmC-TCcaoCTsaXewbE1zYYa94_wOdkf6wlPQQhVGCfjljD3JbTvQcr40BMC1gFKsDa0ilgSYKlRVahpY8abrLw==	7cd85496a697314dc5b4391b77b4d9ca2e848c49c2aea6ce47f9f4f9fac709ea
00000000-0000-0000-0000-000000000426	gAAAAABqkllUNoeTyH4EtkP5ShwotprjtjniQts8krjwNHMSR6aBofTjsIhtv_5ro729nqRLMqR0FTNFOiyQ_9DvacOGFfeN6g==	fa4ecb4f4f7e064e48cb1ebe036dbdec891e22f31042f68304941b1fc29bd63d
00000000-0000-0000-0000-000000000427	gAAAAABqkllUPXXMNZjhcUw8iKO7rzaJcr8QTm9pwhe7x9Ag9cXmAax9qPlfKTgfaqaOp8OPKtDl0WUaYwGvIf4Qs2Jqda788Q==	14a78ec3da529a781e65de1d6aca107dcd64ff42cfaaee6a72ba24116719fa78
00000000-0000-0000-0000-000000000428	gAAAAABqkllUm4ef40W_r_DLy82gkvJP2whyiCa_31CwfyM7DAedxR6DKZlRH0TZdaBXzNOfitp4wSe5LIjoaMZykVB7IAE-aw==	2a85dde1db2fc6329414a87c45f2cc624b00c0417201bdfbd5d84abc60778199
00000000-0000-0000-0000-000000000429	gAAAAABqkllUwfoy8TYe1ZY2xZ3bEN8GZd7mdTOmDyqEAPNpwb0jwVP69zEztChKutKoOc7xQYOp8KN6Qf8Ei1GD0AtCOZyRxA==	8116e001c2e2d33dd306cc9233319005130068b02b826f9d6e0a36237c099fe6
00000000-0000-0000-0000-000000000430	gAAAAABqkllUI7wv6tPbigLnHn2EzKzU2RVz8QKT9F81OVMaKk9d9rOQ3R8QH3RXdGRVtZ-Deub-dIf3RJB5vWL68P1qcLpb0A==	c30c6157fb408df8da37b3e133e2e70f3d48da39eefcb18e317c5bda10e40273
00000000-0000-0000-0000-000000000431	gAAAAABqkllUFI0DDICI1IUEeRl1etSXrUV6rLfup2vZ3zHZCccAd0AvCi_cvpbGBGCwDIEVFIOp3o0ME90d8iiSk5LUoKyKaQ==	c4f184dc7e6bcea672cdbc9baaa362c55ad199ef1b75ebf5f97b3aa6530d73f7
00000000-0000-0000-0000-000000000432	gAAAAABqkllUst-N1z08EYE5Wg7A86okrd18tLEJ04xDapsMxwqqN-AzcOHJYNgTABAgoBFvGtxQfDLKTSJGMK4PoX8jePa34A==	7b27d883bd917e5ffa18916cd1e048f77c8dd992112b71106d916454e860b1b8
00000000-0000-0000-0000-000000000433	gAAAAABqkllUtHxhYI5W_g4uo7pB88K0UznQFPSsxAHmbskhOMa71-42wxgH4v3BiMjPPrFBpoExDx1Z5mgAXrTBKUUAFnIMkA==	9ffbb8719cc4d6c14f792da68e5e1afee1cd7389f343d4247085dd106d051fc3
00000000-0000-0000-0000-000000000434	gAAAAABqkllU0Gbqy37aLLoPZjCzE3WQdL3ojtD5a11UbtG0bft_4whSVU8E08uQzbqKFO2PyCOxqbvgdRU_pkoi26UPRlPD1A==	bde1a6ecc7698eccac2342b7f9d4c1b0c1ffdf601dcebe840e2e6e3c01c34e7f
00000000-0000-0000-0000-000000000435	gAAAAABqkllUs5Opg7WZ7rLMjAWPyyV8ogG9QqBVt-mtWPRpsb7w2SlXuF9GX91zI0FkdUwf4oqd1ziBZZvKKmTe-_Pel_cCDw==	24904b727c55ad6a514f31bda876f16bc594d76d631acaf9f315aa87caf9a213
00000000-0000-0000-0000-000000000436	gAAAAABqkllUtGg0XALzBNT3X_pDN5yV2_KWZ21VbAqhTw3LfdnHoyi6yl9m_4stkbnpgQSLFiJ0kCSPwy9_hdgKFhU3xHNuqA==	9cca53830ec79fb7064b943bd8ae923ff34770beb85d60f24dafc188dcef0144
00000000-0000-0000-0000-000000000437	gAAAAABqkllUIt7LtkwBVTYropSte5lU89Z2tGC0OKDrnq8zIwEX2tbABKvgpo2nCgnm0Uk6iSa_dWKibaTiuKGQssLSi-d9og==	43e793c6a7a634f3eaad44bdb200f374c9ff2f7861a92127801716b71291feeb
00000000-0000-0000-0000-000000000438	gAAAAABqkllU6mYqv6a52e3EU5lm40xKmgAj-o7LLbNqvDROtnn2SZysXwEl98g1LkaFJ9HaUbUlejtDlFwKjlPhQvNQrTwVUA==	df01857cacf38d51dcd39c1f751896ae3bb8b78c6e4295173e42a413252ee58c
00000000-0000-0000-0000-000000000439	gAAAAABqkllUt1-WaZ4cQaaHoGgOY_PKW6DQxaHlSLrygHp25ezYUJFuUkBd7iwyZIytxZ9u1jbW_TFDxQw56FUs-ahH7xb9wg==	c66a13e634b777bafbfa5ec7a3056a1ac628239de63033a0274bf70dcb14ac54
00000000-0000-0000-0000-000000000440	gAAAAABqkllU_cUDYt8rpMdGrUwyoOwm4nIXAFE8FuIZMtT5PKgGhrQ34cVrEKdM3dVp3RKreHAX7Z1o0dF8TcphMi_chobAoA==	dc35671397565a91ca1e32a432142f824604bca0349e7e96dc1c83b073eae354
00000000-0000-0000-0000-000000000441	gAAAAABqkllUGZlkVYdfdnWoeccnTolY7Z38omMcgmJcLJOx69VDnH-joOIAYiwcerj7Ak9Zn02mlem7bi-y8jouuG4vz2Ougw==	f067a534ff14471a86ef854cd9afba14f4fd3808219dc9438e154d6ebe6173a0
00000000-0000-0000-0000-000000000442	gAAAAABqkllUQUIDuuqojwRMLeNx1N4Jm2_irwogdDVFW3W4nGmAaNjciK9WOdrSZvYBuqyAatBQadcGyNMp-oL6VItEqJAJ5Q==	4566064895df97eae644feca1b670847248bddc2fba60a58670b6ffe1b8a9fdc
00000000-0000-0000-0000-000000000443	gAAAAABqkllU4KW_7QNxpNY-sjsxLHUoC2F6Fcp4qLb0mV8xlxzRL6Jpv8U2IUwjFiy8tKG2vs4DSJ-UK8pzGPHsxcTHeB2vUQ==	6d4fb3a10e1fb539fb7511b35dc03e0fd94849122ed4f80b07ce52ad4058c298
00000000-0000-0000-0000-000000000444	gAAAAABqkllUxIJuVl9Q7KuMsfZnXShY7VY1j5WH60yM7XL-8tAux183d7f2g1SUFIDt-01FXKCPw1GRoRqZbAhx4emp9PZpuQ==	1e82eb66ddde75292428afe95e895b5c5ee09593d770ee5621cfa9a0cc53a5d3
00000000-0000-0000-0000-000000000445	gAAAAABqkllUdWfyL5LJ_twZiNGaJJWKhGsKqMd8hadHHJm_66ipHHGx1TYDc020Bj5WL37WV20PyC1e2FU3rqIRA-Yyp5Z2KA==	bdae3e86c3ddd343ea4072032f65e72119206034fed5ef7f7b94d6b632ea40b0
00000000-0000-0000-0000-000000000446	gAAAAABqkllU1iEMTcRB7OpxzXeCCX814AZyEfUNTtb462Gp-ydPAK2cGs5t4UBiHLZEG4SlaZe0TawPGfebXx7PCArawxe3Vg==	33a50b5bfa9d54556e398167859a1cecf93c2f514102a06ca40c53fb4ed5ae3b
00000000-0000-0000-0000-000000000447	gAAAAABqkllUTvyOo49zQDRvuk3oPO1ze3gAoXKDSvjsp5Plb0BUnM3xWwa0f6zwzYtwPDcbpaic8HY_MqTtymPaMU9-ypE5qA==	12686b54ee9707441071ee02794d805ca68d85106537f01990b17f697260c68c
00000000-0000-0000-0000-000000000448	gAAAAABqkllUJKFhEA_j7-sN1sXuCTTEMriS2YPC52o8Bhk-wJzgdnfWngXyz4LbWszloQ25_8nmfDY4NYFmbWz6LYcbdXNqhQ==	12b5edec10b94ada558fef9dcb730f47935f7a641cbea621e72f52fff66c7e7f
00000000-0000-0000-0000-000000000449	gAAAAABqkllUt578fH0jX-3f8qGp8U8elIrzQpxFJT5mn4WtiI4Q-Gzqs6vamO0YuQasYu6shZ6MRDJgJvD8zEmU3KW85RIczg==	6178eb7700184b60f73508c727ce472e71da2ea0495bdcb6b2cf00a345a33941
00000000-0000-0000-0000-000000000450	gAAAAABqkllUN0oH5rNe6dlInJWNiuyoPnM1qCnwZ6ZGQlDBzDQ4yAGGsB7ayM07XdHCUT87rl4XLtEQj8l-0GGwxx_nNqbIrw==	2914b2580b3f492a818e24e94d2a98f20c343162271e50d1806626aebcda8a6e
00000000-0000-0000-0000-000000000451	gAAAAABqkllUnuUjv0Nx5JJ5tD33kajdNU61rc71ntxFr6pojgqlDELasG2RSP1jnRCfpug6EmPdQrAicNqAADi0Wd9vS8LMVw==	12a34d22bcc1f30156b3aab96d35131030865cc2d4e1d6bddcf34ce9b24d8a28
00000000-0000-0000-0000-000000000452	gAAAAABqkllUnsIgs-ekHoOY_bjLmLbcJ26kiwzyfiVQE6uLe4uUvZ8PMJCghrHgNb0jcSVSsS8jhjRYngYotEV_YyqCi7Vv5A==	00ce18b7aeceb6fe881b408bfebab392b9ad30481cc2ccf42f5e41a6d62fc324
00000000-0000-0000-0000-000000000453	gAAAAABqkllUN0GQhILZjq1XM6WtEMuer8WabJrAGOiJ0fXnB7KDrIe5n-kZ5n1h_hLkuGuWue9IPHRM18Hiblrbbvk4EfZzrQ==	4085777615ed6b21d982483510f91eef1383aa9ea796b25b736c87dce8413632
00000000-0000-0000-0000-000000000454	gAAAAABqkllUW39UpG3GcX7i0IG2wDpJqtskz5Ng6vYru_QmOmTCyV6QZNCwU-2sGDw0rpN5Zr3MOiGHWpoAt4AjnhaygoQkrw==	50729bfa4881695d8d3e3e7427766ab1efc1aae67b945fc6ddc59dead03d1e6d
00000000-0000-0000-0000-000000000455	gAAAAABqkllUETYjjDqnWIzndzf4_4AtB3EVTqAoX0fsDPNnHO9ZFeaSM6W-Nq59JjTkH1tdOYRhD0IGuCrwdt4xVakaIjlL1A==	f4afe60f3298e53db9f96d0dbb6ba2f78f8a3eed572c5bd49d4670cf1bce7318
00000000-0000-0000-0000-000000000456	gAAAAABqkllUav5_DZfvw5oVS-G3A8n2jmySRq0GHJ2LbHD0nnQfyO28qj28uBRSLiXyZZErWGfYy2IrgdAmdEf-7CbK2cSSMA==	58811253f45b846a5d00c8494e4bda51e13c783c3965c31c0d4c92ca54a439e9
00000000-0000-0000-0000-000000000457	gAAAAABqkllU4DNF4N-zkQtkxQis_KXVsTBnJ8cF-wTbNXjH-mQC0Q64xv7-RhI9wl_0XgHa6b76gDNgN850P15bftLIK_cLZw==	2ee3027287e1b316cf661affe5fdf23e42fcb392c2ecf56d9f5ca3d6cbc23d8f
00000000-0000-0000-0000-000000000458	gAAAAABqkllUAdX-y64k4AOHEQjMbmWtYRIzkk56rLb3VsZSEpgEU0jifdDp1J4tsZJn8_yI0qicq8JCTS-2eiDSh7NjC3GLzw==	00d3f71f73c91234f3b9a6324faabe9a749150545e96d7b278224a5150106635
00000000-0000-0000-0000-000000000459	gAAAAABqkllUBgbTPr8mcEUyfOydxtKyLpdlwMtVB524wOTMiQjcDVFWsXXdkJWqBCcC0hxQRg6gy5f_uHL3jngJK8-CW3RIbQ==	b0486f0392c2c6d3bd969cf1eff8df426f87001c22228b1f2a357ea64cde4359
00000000-0000-0000-0000-000000000460	gAAAAABqkllUk4g9YTbOue_6UmeQyO5acS3ABt540OqT8QwsjSADPPKo7z-qjyJhtegFaJaILIieMxnWAIufyzeQIVM-xFm33g==	4c6c1eecbd1acafb2f83193fd995b380783806c77ab20bf61ddd874076a178f6
00000000-0000-0000-0000-000000000461	gAAAAABqkllUArQGN2jNHEC-3i0rNu_8D_C_zV9A9D-DT3-Ew7zDgzAPEyng_TJ_9QS2dhcIz5JCZLsrE7r5nCWdryY_iwA5gg==	94aead49af570087f9a8cb7ce69e792f7ea8a6a32eda34dd68aaa2f628985b0b
00000000-0000-0000-0000-000000000462	gAAAAABqkllUDXGbawrrPGIEfksbqRHQuqzRe-2nwlYv9rjHFA0brktc5v-6wC-PceCV4qJs5W0NKQ2hHzEorIW3gmjfV2V_eA==	810d95bf3139c0de64f2795731ab8bbfcdbf66aebf7d45faf49683d9d9039a0b
00000000-0000-0000-0000-000000000463	gAAAAABqkllUBdGDLGAH-5ycJzyysrjY8dypmHvBc8L-dSvnFUG7-tRMcvu_4KsrPMKs36zeQcks7-JYwv4Ika6xHd8GfelaPw==	f5d9820fa72ac85ce2a7d97eab4fd1f75065490f5020e5cfaeaf5b1865c943fe
00000000-0000-0000-0000-000000000464	gAAAAABqkllU8FRsjoTXJfNdNcgvVYbIjNdRLFOupO4yeRp5zYrmK747fgHcA4qiGRZRuzlby3LG2dQeKk3gpz_eUKcUcanOIA==	e159102560085f83cf2126f1044ad783e065f0ef1d2955eec842496e0c873219
00000000-0000-0000-0000-000000000465	gAAAAABqkllUwODuYs6fr79JUvpdNaIJ3BA4GiP7NJpo8F5qLqF7h-K9AhK98UXuBvIBESjn-gdK2031sJxQ4PqkQRAvdYjpVQ==	39df6e16bfd90d9490d56533a8f6bb33aa40b06995fd5907089ad264169f4d9c
00000000-0000-0000-0000-000000000466	gAAAAABqkllU2b4Au7vwo6lOPm4lfKXc9tQClYE0K-xh5RtrNSzNF0O11cyna9M6LG92ET0_RJd9EHB9HqohIYtvqSFu9oL1Ag==	77eae062fbac15436e1a5a64e11e3a7de68337bbf6d4339cb022b41fa75df55e
00000000-0000-0000-0000-000000000467	gAAAAABqkllUY-PAKR6j-8uzjN4ecJUsxcEkHzR23ZBo82SsaOZP5wEI2Jqz-2R2x2wGZDvlBoLnUieUi1cBN_wDhiTtNi3oTA==	d5e244eae87053ae84dab7085838e07b6f4347187b9e706f2bc5d93d750a2337
00000000-0000-0000-0000-000000000468	gAAAAABqkllUbH0mSzUxf45ZF85_BKbHeKQ0mTBv8xIbc5xfS9GFF2OF7iWoU5ROvwNBzyocbe1L2K5uDf0ZvaDfktioGOTnIw==	40b5ccaa0110cae2175ef92d5771aea59df28267d9bce318f526a8bf4790d8f6
00000000-0000-0000-0000-000000000469	gAAAAABqkllUtop8EP8EGVf3LZYW8jcwwi2W-m2dQw8rSUM50rzzZaqZ9hssjgeZB4O_NSdjVhWwPiIIsFROJ7LGQjhWZvRreA==	5643e0608cace9c4c7d15396ce6d002eb34d9d62f46636984b7e302fb6b4e0a7
00000000-0000-0000-0000-000000000470	gAAAAABqkllUMO9EGxIEN8ZELSQR2pqSxls5_tT68_od3P3f1Q6omRyJbC6adqxx7y-tYwCnf6s-zS48jJhelh4cITNKOj8bmg==	18a7a516874a75c447847cf61b815cc2aa752c829e4bac469931d30b5223627f
00000000-0000-0000-0000-000000000471	gAAAAABqkllU17rj07cV-JXJanHXrDoRdkBudfzo39_aU0rRX_0eTWUT_sOHiA1QKVPowz70kBl69EJcYeNwUd1RQmT9BUCVGg==	a9e10d0fe614d57230707c282622f5775ef6eade14983f1a1b6c6ddf3c25ef5d
00000000-0000-0000-0000-000000000472	gAAAAABqkllULWmLumGUK1uZklmOD-Wuv15bSAeyvkydjEirxL6--aq31lwLhXJD4-eQ56_dTTKtsEWsm6lXfQ6Wy4e_BoxqtQ==	2147b600cfd608ba69abd5dc88aaad13c20ddba9c14813470fbfb5a6d534bdf8
00000000-0000-0000-0000-000000000473	gAAAAABqkllUUv9GORSt7ThaGSmjqOnvBYfpm0nITgbg4lazon8cIj55_TJ-Mceoa03P2tkLwHByAj5v0Yyfk6TCFxwb0VHzCQ==	454c5a49823984b5709d7e9ce317363f30bdebe9337b1b51bdaaab04a2173959
00000000-0000-0000-0000-000000000474	gAAAAABqkllUGW6Ni1qkTxc_v89C8zv7Vc3gs07qwjObYrbsMDg0Cs5N3pL7NGd0ioIVqt2BxEDkPYtCFbppY748Uq9bC9bENg==	83312d55d03e2c4d1e9d4f2fdd79e2f8a95dbbf978b25db68b0a5ab609f18eaf
00000000-0000-0000-0000-000000000475	gAAAAABqkllUeboX2Zqg1_7V87wPe2KNeG-nUCCJ4kwVWAVG0ArJ9ySzTv_A8LGSqIOBRw3U_5cELcxLdc9ytk125-9HybPiRQ==	375d1dab4c0a7a830fd3f7bc75bb1b7a414fef4de88725b4828cd9bc7a476e81
00000000-0000-0000-0000-000000000476	gAAAAABqkllUJFpbED9sYOeQZyjq58M1sPfbvKGrKdOlPVeKLBREx5p25pBTCzqWVXK0Zwf0KhpQAwnoNJcTuk4z_8VQJu4SRg==	1bba9688d60e0a4aa1e31d4212355606336fa7f6d492b9e41011f5ad8656e368
00000000-0000-0000-0000-000000000477	gAAAAABqkllU1QSfe4ruPU7xF943fgSyhQELiNg7kz_l2vlfhatqWDvweqsKc2uvxF5rOCsV1xZcnTVqaAGKnX86AXt1TqL3eA==	9b476853addcf3781d2870d180311267cd41e2c014e53e32e4b2eaab8087a56d
00000000-0000-0000-0000-000000000478	gAAAAABqkllU8EebrnBrTPyyYPRfYbqpqHXE_5-bmPI8T7jvsabUj8gncCDnYfSAMuboDeXFCIWvz2qFnV_5LCwr2biCbTQ3RA==	0e97f97812fac3c351aa7873514e4c36d77f8c80000cd27cedab5c7ce1d4e0e6
00000000-0000-0000-0000-000000000479	gAAAAABqkllUPgYvOQFGX4zdmvAwFW2nq-VVrJPpUNQdc4vcITATpB5fJ9Yd_U0tLREZHs8v5M3tLayM-J9EjKmFHlAMZKDy-Q==	a0df1e7e0d25e3bb376fc41f9261b0259783920f6d194952bb987a622162d890
00000000-0000-0000-0000-000000000480	gAAAAABqkllUxKSEYFAU4CaYp3iJbuP4e-BQCVjBJ5WfOvGraILEn7bFosvJgDIh8kkPuXfmE1NQ9GdBTKn62jAVfwMI2LM_ZA==	7f8abe089fc63fb4c24410d1b1157841fc1f40ce9e276003a062ba375c6806c4
00000000-0000-0000-0000-000000000481	gAAAAABqkllUTzduW11iSJNgj0tzGszxavizt8rX-eO0SZC5uS08mvK2KFu8KhDQQI2vOSGsTLP0CBLqOVTxssc8x5j_pErp0g==	bf4ea4bc0ec780d4e8df5814e9edddbb6ab32b598576dcbe8bb1593007818b2b
00000000-0000-0000-0000-000000000482	gAAAAABqkllU7GA7RRrn4hStXQ76QtiDi02H6CFYsWpm1s3vaNH5zH5jmt3EJFa9VWxXOpIwinQGYTLumYm8D5vWroX3i2EDlw==	3c60b6d3160ffb2a40c5fcec538f0f9c04b74a8c570255519f34b9de398e11cc
00000000-0000-0000-0000-000000000483	gAAAAABqkllUNr5RvVx8afnT-iGMsDQBD-D03OID1gUZH_t50UL-606v5M74dqXK_xUsFdqvATuXghxtu7a3SBgktTAXe72jLg==	a4e1b84b575f6dda313ebad3facb5ef9360add2cecd3789ef669a8496b17a58e
00000000-0000-0000-0000-000000000484	gAAAAABqkllUfArWlTpZnnqzH0EsUl-7DSi19W3HzwMT1-cXFpFNLX9x_W2VYZU-pKGsBNOubJ-HLAhKZw3KYFK5bqt2XDaX8A==	de7195cbc5895b3a9c3c6fc36442c7fc9ea89b2d1f536bd7417ffac346a47504
00000000-0000-0000-0000-000000000485	gAAAAABqkllUjr8j4ujJM4cy6fHWjEFVeQSx57ogeWPNHfGiIGwviZKxEE_bI0sA8pzrKHX1NFBbSvQpPD56QhqM-RvKdWeXbA==	92a8624a7182970e3013f04e89b4a0654dc8b73768fcdebb1214f860eef3969f
00000000-0000-0000-0000-000000000486	gAAAAABqkllUP2tObOXng85FE_4Sr6bTTFkxaLzKumGP2Ky3AsnjKPBkfHmwphwiNgEr9hnuGGZ9aNxbdJMhJsQqmfZ1Fi0ZOQ==	fe6ae958a7d0cf25e60ffc979f6235af8391dfe1f12be91e6f7ee047c31af3b3
00000000-0000-0000-0000-000000000487	gAAAAABqkllUxkk94qA7qsIqFgmX5jwliEDyP-WkqfIOKLdMRMUrhaw8c0zTP9ofWabXS8gUvrypW8hi76m8faOY60G1yvOo-g==	47d25c11871d21000f23794ee0d2b760c52afc992eb601f5788c72c907a2b32c
00000000-0000-0000-0000-000000000488	gAAAAABqkllUylCALC9Np3YbjurMy_-I7_wJvf5EGnE5KNsmeovG-2uHb3m_Hri33ztIoudZiVTdqWDzb126qP-6H9Ui0VN4YQ==	4148d5654df3b64ca0f13fb0962707a0a770061236f43758125ed162ce803e4e
00000000-0000-0000-0000-000000000489	gAAAAABqkllUDgmvjmaIQn6YTxs8RTUHc7CPWGiPqv_1xyTeP04slSPPRTwJg1u98fhUNgGUiYY-hUGGBYyqFRIK5sJ556ahQA==	120908e0e6e0a2f6661e5e59f9d402faadf0867187f18c524d161b475aaac9b7
00000000-0000-0000-0000-000000000490	gAAAAABqkllU2z9G6DxzXaIUEMwGqiue21sT6wP5v_oVHF9ybPgg9kgfSnYQYlN1WBJCM2eJk-iTxQCG5jt8mShMj9eIyasLiQ==	af74ef0665601fb9d4ae84a58689374a5078656bf514410ae092591e30398c35
00000000-0000-0000-0000-000000000491	gAAAAABqkllUwF4E5pjyoYkmd9cJGHC_5L_XrLgjpBx0Myn_MdggScMHai2y4egbofAldwbmRY-sDIjYgME_0qUw98JJeVe8mA==	4c0caf794a6fdd6d321fbde0bfdacaa48738fc126db27083a7402cc5a333baee
00000000-0000-0000-0000-000000000492	gAAAAABqkllU2KzGJ2Wb2h9Ol3OdEVUqHmhdy3FpWNsrqf3cZti9Wfx6SJA7s9m_mz9CEGHAnip1Fzl7IqDV7PCrIqoEsqWNUg==	f5edc42cb7cfdeb44b89eadc5f263846426717fc12ab603c8041e196e6fa4782
00000000-0000-0000-0000-000000000493	gAAAAABqkllUxLQYbfm8f0RCq5Z-NHG_KpdyFdy7V_1Zo9Bu913qdqQzlTaQyVVsGQcF4AKlza57xQtPBOPBuAGcYvpvJa_HUA==	f4ca1243b28634e63b875f892b52c97fad64362d68b6132ca99c60185bc389bc
00000000-0000-0000-0000-000000000494	gAAAAABqkllUcJBgdRtCQkRpwrPonL1pHztUA5TEFj9YhqLVehUR6Pi9t1IBnIlAiZt9SdYnGFtrMO71X1JKflupO9ibC_5lFQ==	d87581f985fb8b5a534a66fe54f488ea9db2e42d8fea3089199e51cc8e6ffd9d
00000000-0000-0000-0000-000000000495	gAAAAABqkllUuRlMSGsbBgIlQ5mvyawO7x8vEOjWH-yUNOELKm_6lQZ5awm00_1Gt2hxoO4Er_jdnzXU8mpWtnWiRffEWLScWw==	6b5caa9e601497623d454edf0ceb4fb7df552f83333e5113aa0bcc25577697f7
00000000-0000-0000-0000-000000000496	gAAAAABqkllUJqa4lQAhOFpU28WwpqbJC9t6TdlDgTdiNBjzRSbtZM7xxUlArzcyc2hUcCLZLXWEZxyzAIFyYORCtoWbTG-43A==	75e227bd71c88964c26ca68f83d5ea1274d4f5c6f91fc3292e3c13cf4e34b958
00000000-0000-0000-0000-000000000497	gAAAAABqkllUEcR2vaK4oJI9KJxZNf9uCB-PMs3x9uGJFeGn95wh_5Guk3SEWo8UhapErtMf_MSJkjThwfNSyT26I-FnrWV4SQ==	bb52beb85dc306f5f1fcc3aa6b130b140ea047ccbc71bb25bab3caa7a30f7927
00000000-0000-0000-0000-000000000498	gAAAAABqkllUl6iI5dBY5Bciw1zEyb-FWG1JVeKF2pWePUrZ5g6t79HKrcBWkohD89acYm3zBQEgg85feULrcrSUW-Lt5bPJCg==	0604ab67a7e77fc2b147d615572227cb402387b9f4974da78555077e746e73da
00000000-0000-0000-0000-000000000499	gAAAAABqkllU-mkqetVswh3QjHMtJzMeHVfZawlwWjtgSugS09f1O0yauz1J7iYgoFsQGF6fzSXDwozvBdPLDWkn3bdeEn_UTA==	914508048fbfe4ccd0f740c67cc1bfcfcf9287380efc7ee255ebf3dd44838d90
00000000-0000-0000-0000-000000000500	gAAAAABqkllUWdTROjVPLCtFGY4hcyjnbh5L26fNPjlp1ijPHCEcCbcYMTgt1kz_Unv8MskYkYZGwosOhVCzTGU7EiO2RpEEtw==	3caebc1d94405b9b4a13ee2a47af28ade6ab558574b5d1acd810e25d5da16c47
00000000-0000-0000-0000-000000000501	gAAAAABqkllUm7A4LrAlDEps0Hq-Sf5fO63lNJE9CZKvN8kqektlxjOx3LQH9bbwHCvPhyTgovpkJajtpX9CZ3-TNmZNNiTpkA==	ee7e9d48885f59d865af81c0dc01aea842774f8b2402c5000b2c529f9bff339a
00000000-0000-0000-0000-000000000502	gAAAAABqkllURNDnpLR3A8fP3ek8AegzlEU07a5yLSKNxmIhJysgoP6ELvvHgZouD4A3vrKeNlDQ5A2aL53ZOTRMiFY3vYWPuA==	ea0469800573797b77975065f09f2317c1810486ffe12b93e5bfaf3e4f731172
00000000-0000-0000-0000-000000000503	gAAAAABqkllUKGw8vkqNoO9eK986kqXNy5Iz355ikLEME8mx2vO5ZERi9G3MQCY-fSn3FKeHGCCS7WoouvNML3g7i30AKfltVQ==	41ec6b2b8e836120e4df203f55b9c8c03cf82b7720c8c2bbdca769bdd66d5f08
00000000-0000-0000-0000-000000000504	gAAAAABqkllUAUafWA9tztWL8rZPcdndVvSDlBVh8aQJ2uuAw86sdRRY-ahx1OKgoj7dSvRMq60UKTIcpT3qs_vQ9wLDwZZW2w==	9ca25e3b1948b97c656248095e49ba0c646b37994ea772fcab1150dc765394e4
00000000-0000-0000-0000-000000000505	gAAAAABqkllUu_FPRsICqTdBX0W4ij6shXOlnGSR-7S0TAXgVvv0WS7Z8HCYm508u5UjzBzXq-EuqdrlENKLEJxcRotzd3ObVA==	00aeefbfe0d2d10b665d0e10107565f4a92bf311b66b7a4b2577d0739f6e8cff
00000000-0000-0000-0000-000000000506	gAAAAABqkllU624EIso2SUjEaM9A8erYTE1cIWy1NnSBFXYbVXIolKhAY22gL2BbCajW4UYkybLAkFdj8xUyckhGtXAtNSRJ3g==	b15032fd1600d3fc541b1e3320a3533685e29baacf251387480414378be8f277
00000000-0000-0000-0000-000000000507	gAAAAABqkllUo7mgUbFIKT0DwPm2XXA6imNDMp3MAKH-JuCCW1G8qqCplE0H43SIgYtJBbI65xxPsnA8LLcVpeY_CkGs1S0Qow==	93496dbb27c4b73104be48d5d3b97421a8569df5f48cb59060c88eb0aa318029
00000000-0000-0000-0000-000000000508	gAAAAABqkllUxgM1rD8v2_54aH7z6jrtE-W4WjHrM1sHfSAMHuwNPz-PqCq3fM8GzMoQNSvZoJ3K7DlPiQiXZ2AMvgcWhlB-PQ==	05d3338bddea0e0a25796408789fa8c7672e3919121fc2dd5ab3643fc25199cc
00000000-0000-0000-0000-000000000509	gAAAAABqkllU5WNy-DIX0EEg4IbND4tGUR8bEEEhwFHxP_GkjDsIIx0fC7ckhItzjfvjsO32D5YQqCFYtLzKM7Th4ZGcMBB4Dg==	a9a0e894bfd6e9e488b91c629a50ff600c551539cc74640c295858ae12d6e4f0
00000000-0000-0000-0000-000000000510	gAAAAABqkllUEmRuO9JweGzdBBEfWj9W3tC-DdvgVEGkvZNRgSBN6zjDGGq7d_g4IBrD_RtKEG7_6hrIytuf_jVbO855xx7_Nw==	29c923011e19ffac454143a7302de91e09631130d322e6812862c6d4b06c74da
00000000-0000-0000-0000-000000000511	gAAAAABqkllU9_5vPUexXCzv4n9KAKVS9r7qwUC9sOYkW55E76-B76wuhzy2r22LSgVjobD90_AWHBhm2zDvEfJoHtzXL1btoA==	ed57128adaddb69097ec13f6a4e73a982ba41399287a1677006c63d4ff30d937
00000000-0000-0000-0000-000000000512	gAAAAABqkllUvccHonpdpEGvj0Aig1wIShMRa4g-pKQIfrOFlVvNrcokI_oFynIT2MKlLtNbq5ugfRPeO-rc_Q0onDpCgPAXnA==	364b14d8db74f24b2e349a7c9cd510e7f8ce91fb9bf661f4cc4cd656d722134a
00000000-0000-0000-0000-000000000513	gAAAAABqkllUP27_vfs-DINmyQY4mpsloQ4Re9sGfjvlss6ssLcGtRwfxzI0wXg1g2NNXFnLdnXAr9rqGa4mn1Nih75lOOL91Q==	0b4f4b6186b7789a0a921f22bc98d86913c89268f9a1bd04fb449eda41454029
00000000-0000-0000-0000-000000000514	gAAAAABqkllUmmhXP2KqX8QgspECDglJyr1zH_vIR_vTVfX_ZSmwcTZNKc2EM0dPC8M6myIFmXsqvOoFxrnb76l5skDgzopveQ==	4edeba4ff8d9b3fc9b2a27453e96624ca28cf36dc64852e5daea6915017b29b8
00000000-0000-0000-0000-000000000515	gAAAAABqkllU62s4JEuEfRTkJJM4B_2_hO6sX2oms8g7H57dG7AfpfrpdvCsQVPiPMHgoL-CbKFW1yLRP5GtZPqNNvFUt8jPJA==	e576e2a4145742cdfdcc1a2c85b5c061632450323f1e777a2c566787cd61de34
00000000-0000-0000-0000-000000000516	gAAAAABqkllU9x00zTSC0tllMwK7dCLlaIZJCK6LHFzBifqE1jJrNTe3pgCh4nf7HDinCzzNQXKcjqceXRbPIT4DSonE98kdrQ==	30bd4344944a6cad135b3d4957b7c4a253d9e5a50353237c6e2c8b376dadc797
00000000-0000-0000-0000-000000000517	gAAAAABqkllUGbTHUGB80qn78Rpw2shEfCxG8SXPR5C7IK_2OxvUiZM-birfG6etPVGw_usX5LW_idtX2V3Tvk11KdOoxiMl-A==	29a27e6b5c51e0f66bc6e5e7a2585856006f2911b7cccf74cc6c0be71380191b
00000000-0000-0000-0000-000000000518	gAAAAABqkllUIGJMQPiSRyY2ipIlGBy1HaunRx1TmZRmiOjEaMRRzedhDdxhXSTkPTOb-u4tS30lkoxMjem-SNhMuHbdJp2iow==	de48786025373b787c3286a04673b96c507f98df4a3bac09ef04db3dbca6c4cb
00000000-0000-0000-0000-000000000519	gAAAAABqkllUSpDNS9gEQy_4lQPiKfwi_c8XJK_zCekWxNGYJsSEJqwzlgubSfEwMPxGDPpmGqCJYWFRAD7URcBCuGDEgjBreg==	8026698be50b8e34b86bd75c3ea3c729b155c83e0003776549e6f9a4346a8f88
00000000-0000-0000-0000-000000000520	gAAAAABqkllUfRVnIbDSxQ4ry89M1iWFsDSlOTGOsh21SlbR2W5SRp4s2MWKck7TlrnPjFrMyfvjw4_PGBv9eokTxKROipIKOA==	978ef7edf543d40939cf8cd8e3ee96b83b556a08d49eab4632d209ee0480025a
00000000-0000-0000-0000-000000000521	gAAAAABqkllUBKWmVk7djzJweIyj6b-fRQXIGQOFB9i6qkwM_Nyt3q4hkvjGm0fCAtCIZ2aQvZIhMX1_-dEToM2VGGGa9daZKQ==	46d46b306ddf9fae84f9f09d1fd654e0b7b17c3f309a280ac5691a7d1ca3aa19
00000000-0000-0000-0000-000000000522	gAAAAABqkllU54mS28YHtC6SSNj1T6i8Z4ZBT05YKNo9pXG2_m8jEOOgocWywdxE7sndLdMHhquLUO4nAdqUjYlo6S-2qaqbkA==	4bfccdc5791d8c944c132ec47011de97df2e82f86c3b095b4adbd049ae3ec51a
00000000-0000-0000-0000-000000000523	gAAAAABqkllUO9REtHQLTjFngME4E_VZPkdfpySe7TFzYa6OVOhEyQs1xZcuZXZabF0aemUQI4YYGQyPXEFe1A5SRnq_8QD5gw==	b1b210cfef2b265d5ece31f50ff458f290fbfa5e9caf254ca9746a784fb4fdc1
00000000-0000-0000-0000-000000000524	gAAAAABqkllUE4Okb3inXZC8kbAWkNWCB4EWC9SOXMjCFS3rwIxPzJz0yZr0JJp3McbUGAy4TA22ZoLJJWOoDUegCEDjn-vT2Q==	b38144771e7c0fa90f5b402c97525e68599cdb7925b0ed92106541c50d3d7239
00000000-0000-0000-0000-000000000525	gAAAAABqkllU2G_vdGwZcDtVi0Iw7e9oPkwfB3WVTK400blb7nOVDOijX3eydaB60PncwcL-cQcpJyxYqXJgE_ovORlqmHlz1A==	328befa5f610bff04d7d0a6332b31d63b1b665f54418e7aa4b8fd72ed30897c3
00000000-0000-0000-0000-000000000526	gAAAAABqkllUxi8xfJI0Ywt68y-8VM3nz9Uax38W8TCsR-3Puh3URc_U4XCxkNZCIIYooS9aGzUTQy7yIe-b1kDB8FZWuw_ITg==	2f6c53cf84558726fc871b80c1133f5c4fadb793cb1018384483dd58d0d8e860
00000000-0000-0000-0000-000000000527	gAAAAABqkllU-O6G3RPdbYsqt27-8X0PB6WIgegL3whlaFi-0ZnEMGvidjkuq1sV90zshDoVO2_2a4tYdypjY1jt6Mnj0tM0-w==	1646f25ec5de34cc9ee622574fb5ee07f92daebe941db3edac8a9c4fe3499a25
00000000-0000-0000-0000-000000000528	gAAAAABqkllU9dHjEruPqqnSnIsNWa9bfQfPxvTd5tjDvfiDdJWcOPQqnWf6dvZaNPtfNQaqjI_oFisMfdIjHwnSiw1c7pJWMg==	456674b18e74bcef05eccacd24e00cceed541c84fa1bbfbe804c002c8c6cddf9
00000000-0000-0000-0000-000000000529	gAAAAABqkllUBJM2BxSQXfeSY8OzQ7UFYXZwIIKjrRw-ve3MVx1jAb7k7zFYfcqPWDapM813UE2mFAI9B7MbYtRv_-LC0Q2OOA==	efb6a5ee547b9f85a8168d58d01123722b607d3ea3ece1018ab599daa1d70007
00000000-0000-0000-0000-000000000530	gAAAAABqkllURCTMg6Y05sBD1p3x9ok1oPHUhwcTb9EBbZGzfQ7CT_Y3UhZ8Uh_5tTbcJBu0vJJIdoQqRW3s20QLvymbNVvzLA==	3129a8dc879b1cbe55c976db653e6e622da003f682af9ba0cf7c060fbd06fc99
00000000-0000-0000-0000-000000000531	gAAAAABqkllUT2zGbf-d7R0ED-h_x0mn-hkmaQfjdrS8q9e6BVmDpWifjW3uuL5A1wa89AiICr4VkP9q3ySPzT4ueoJRZ_Bk6Q==	bbf888bae63371ee26df1deb6db646e703c75aba054ea9a3eea64076a42d5e5d
00000000-0000-0000-0000-000000000532	gAAAAABqkllUnJw0QQuHu6MDTXwtB-COQJEVs-ejdt6A_3K9nswW3iWKMVkjdmihMwpaftyewrP9Z3tZfZy_4_gfqLXnoxWgpA==	ff4ee00a9b1b4147e0caa9c071b0f76a89fc6a5093da35fa52f56923f11f929e
00000000-0000-0000-0000-000000000533	gAAAAABqkllUWBgsvns_LqRTh3-FPYZmjlx28V4FYqwu9fwDSx0aONGGBGeEWyo4fAyhVpTVwNhuDhweYa_lp3r421EsrOvXuA==	d7b8bb44f0f748491fe2e338851cdad7cb33fd9d6c593cdd895c5af89d94f76f
00000000-0000-0000-0000-000000000534	gAAAAABqkllUPIL4XrIuAXtfPXG14sy-I-J5cFJcFXo2hIbbVQzr67dBCJ4CCdu0Gow5z4DPFGeHJkXlRzZCG-gb9o0OAYGO1A==	c017a5de39a510bbc595fd11de18d420d3bdafc455bd178979de99fd147fb117
00000000-0000-0000-0000-000000000535	gAAAAABqkllUklVkpF1eXxAlKC5JWoS6AxeXV0S1rOgtZRgkItMZH5yFeywlUUEBRJBMKeuYC7z3ZrDsJi8e2BWAJ-SJtWVMvQ==	3b3e19bbe4e5003a0051e4d8b263e065bf2dd7e8e997d923ebdf1176b739f972
00000000-0000-0000-0000-000000000536	gAAAAABqkllUe3UqUWpjK7CcDVlXTPw7ItKIpb0sX-NQiM-YTR583A5zEhKDoh1hfUndYpWGplqP5jS80aJX2DmqjVoP5fT7cw==	be09d427cb9b9b3d01e71af199c466e39cc573f8856e24af58af276901b0d630
00000000-0000-0000-0000-000000000537	gAAAAABqkllU85s1ufTgyC1G9EXjkSMIUFun2ocm8wvzTxSHe-H91iGZkpNxPc8ycbgzjDsKIp2Mif6jgHaFuNepytaS9cMQZg==	71e238e4a2d6b7354b0ce1f715d3830856268d656d43c6c88c1a9ed449e0b726
00000000-0000-0000-0000-000000000538	gAAAAABqkllUpbksKC1osr1ZSXOnousNQDQMa2ojpvLTD6H5X6nQKFxVfgIxBOqjaFWG-3_V6B5qQL4R_kkrw0CGiPRk8vn5kA==	1a73c1a971ab70407565d5cad6d0459abedcd62a487fd1143dec15b92c6c0bdd
00000000-0000-0000-0000-000000000539	gAAAAABqkllU2WKT3tqPX745mt4Tvlgs7hpVxM2oBPhl4VqAGAdJNx9pTdc5P0V4JVfM_02NwVqzUSslksrV0cBY5IwU1rmt6Q==	6541b038ec64bc891cc7e96dbf7a168ded2e7b7da6a78cc01d46a8be91156ebb
00000000-0000-0000-0000-000000000540	gAAAAABqkllUkwQFXxbkdNFgPh5NmxrgYISJ3MMN6F8P_DUXGQ6xCe5kQ8xOnWCO1UH9ad3gPd6jaVRbyA-BM0sMl0L8lSfPgg==	b9540a8bc9854a65d1d5e8bdc5620ebfe4827188c539b69f40a12bf038016807
00000000-0000-0000-0000-000000000541	gAAAAABqkllUzqc7O-mi_FTwlz6Q7KgLbJNXNw_UHQ7so_hcARVHJzauq5bE3Auy7Auw8srlexCTKTDq-UIARhr3Wie0y4OkKw==	f909c55d2e7065f630f646aac467504be16eb583f09684a0f4064a701f66fd28
00000000-0000-0000-0000-000000000542	gAAAAABqkllUcN9ekZm-8k6Qm-7P43IPXdDESdBK6XR8YzSTAAlPr_xdUBSEdc3kda8yT-vV-GoUsUFBmiBU9r647TuICL_xzA==	6f2f888cbe0bb73a2cf93b99ad54f54f0624ef95bc0d8a7a22cd3103a19b3ed2
00000000-0000-0000-0000-000000000543	gAAAAABqkllU_drD4PtDW28eCQ9xq7PHdHiKIV5gGqOothbAABOgSs1Jy_w_S9gIXswdPLL7lf1jHOYM7Wx9B7BHQi3LuJoU-A==	10e4870fd4d046efce4aee45c3c1e0afa6fb209e75d932327aef7fb81d59bc75
00000000-0000-0000-0000-000000000544	gAAAAABqkllUq29Jq_AF2Vb8aEV1-URX9Ve-RiIpjesqP8KG8F9ta6ggzxQPNyZ4PVusQWlsk4r7J3ZdMSfSpxTl86W_uuha7w==	b9233543d1904a3b66dcd0a1460d217ef3d7e3f28230834bfe98ea0062198807
00000000-0000-0000-0000-000000000545	gAAAAABqkllUqC8-vc0CeN_dqqFYRmrz_q9UFaLTecFWV2pel57iYESYfca1HzFgPmiXVlLXWx0ozCcUY6kDC83zMDmCKMpnbw==	ccbf4d3134975b11cb35c2716e179d00218797bd35cfc91090c850cd9a67b4ad
00000000-0000-0000-0000-000000000546	gAAAAABqkllUIlW3vjpx0e9i00N28RNccDwm8MN40csQ76_bAX9G8Mwo5eAmI8HJCs4ZZSbwAzo5oqPCkSDtOjmMxdGbMukBMA==	92f9d289db754ec56ae050ccbefc6d8971df0637fa9ed999a4061045ff7e6e50
00000000-0000-0000-0000-000000000547	gAAAAABqkllUX7VyW6mXHzm7E-PqeVYsdQzSn9P0XTaytzFIGUt2ARusqYcAKdgWR02lZ8Wpks0-syYZpjW5vwEbpYAAwBPrpw==	8b0082beae96d9e7ae3c875b040dadd05d5f0daa95db73d5c3a9d7e12d956c40
00000000-0000-0000-0000-000000000548	gAAAAABqkllU09Tfjrz-5nrFa_FdN_T7P1PJJZ3brgKUoHLpE1Swmgyul4xNwW3L_MLQ93uBF6QyDsSFmbwE1Hezz8VnavXAWA==	9661f021d22d9daaf9bea8c88b013f283ee5d138bd0b32b2a09fb7e92cb802a3
00000000-0000-0000-0000-000000000549	gAAAAABqkllUvMTvQiHcCh3SEvfW7Ry9DckDKm2C0iASNXmXLMl4rEI8qRHFL55nq1vu-3sOedowJARZtivSMdR-CmMX4L1G1Q==	dffefd87de8f95273a6ca1efb174583eb7157652acc583d3f2dee66090c1ff74
00000000-0000-0000-0000-000000000550	gAAAAABqkllUqqx87tm9dB0GWdckaf9GL-WsNjazPrlMpIWQFiQlgqZ1K0-WKHHBZwAYqSE1kKCrOuqZZloRIF3Qdt9BDZBmeg==	bcdc9e1dc6b62af885d8b0617eff2cd3be5d7b7b5c8f4f3459ae4e2244cc133a
00000000-0000-0000-0000-000000000551	gAAAAABqkllUt1Yx_As0eFrZrcPypgNFlL4MuAvh9BcAkU368znebG7CJzuHBPtVV57Dv3ZH9D71oglqtd3BoYGa-wkYg_xu2w==	006ecc41ec3a2796a7a90bd3ef380de74fc9813b879bd09ac93ee036aee936f2
00000000-0000-0000-0000-000000000552	gAAAAABqkllU0EikcUvoU2WiYhrwqmrplm2nyFZJYv0mAXAVUzmbSrYtkCaPJD9qR0V8OI1sIjKZw3O9tnxs-pWVDJmxTuJjYA==	1f86cf0a9d03e4afcf668a8a94444f6c021806249983871e2315e43eba7f8d7d
00000000-0000-0000-0000-000000000553	gAAAAABqkllUbya_Uf4c4QRjGKrGwxwle8hPYP4oX1opsQzIFiW-JWzrhxmn1mWmfOEgBIYGewfIRftY80X5T8eCKgEPqJkLpg==	7fec62d5affabdc128cbfdd460cf7e37719b35fedba49e18355e5c318daafee8
00000000-0000-0000-0000-000000000554	gAAAAABqkllUHbTs9Ro2WCnQh9Quajyq3HxNXdkJrYTLoMFUfNcjRn86z_Agz1jYxO0lejgBkmOtvS6mRYGta1b8NG1KoetWLQ==	f06407cded11339de39bbe0e99c9e2090637776013a2120d77c0ea9a7d68c516
00000000-0000-0000-0000-000000000555	gAAAAABqkllUZpYzfUM5BGs9tedClYtz933i6E0Sm7-j767W5dTidkfsLPuiOpOoYr_sOyYPBLaIyZPYTl1n857AK8eORZGsUA==	a2121685fe7e464f2376d9ba8e5104000292a86f1c640ec34dd2450bd1130040
00000000-0000-0000-0000-000000000556	gAAAAABqkllUW_t3V1jlfnVEs55euPX3dsK-yGeUFqtKsvjrdVy6t-PDdW02-zdxelWjWut1IrbuY8KCJc7CnJicmpIn-BvR5Q==	54385d102c2fe76fcedf474fb83f51dde2d3bfc302ec7157ac16ee30726b9a7d
00000000-0000-0000-0000-000000000557	gAAAAABqkllUN23BXRlmMvocx8F0-yzXQdMTzuy-_6ha_86wPLGPhuijpL6bqDLd8ODpFAIXDoxGpPsanxdjtX9ylR4OiZXZ8A==	b87c7b47b7b92485f0f9cfd38b6199e198de763a6b886b97e7e0f5d9deb0f542
00000000-0000-0000-0000-000000000558	gAAAAABqkllUzjEZZ3QuuJ8DskOBBrR2X3D6rYTd3n9dJESTt5545hgANYdG5lSpp5Ia5pAC2SCgK3TLk2am9TsfN3HtUC94gQ==	bbf3385db08002ca99d7eaabbfdf6ddfb76ba672a55b5854738719a0efc460e3
00000000-0000-0000-0000-000000000559	gAAAAABqkllUij0Yi5WG5IY3J3VNiD2mFOhQiw0K25dNRGrA9NlymF_i3pgv8YWyO_Dbz_toYjB3ugFTkrkCrC6QY1W9rzyrbA==	a2d32805106e3b7b598eb85c922d3e4c6ebf947725e849df22c2cca7077556bc
00000000-0000-0000-0000-000000000560	gAAAAABqkllU11lYiHlHxpuA45UP8KQ_wJPFVfWPJdW-23_CjLXFOm2-9knn86OiUSqrAcGaLEc8i5nGNf23dhBRb9X3QO-cDQ==	bad683b8e4ee026f5c58771a46916dc70e13ada13f6ea2c6f35bc95e7b37fa5c
00000000-0000-0000-0000-000000000561	gAAAAABqkllUPK-wFnVgPNUA8bvGlAqY7HkC1stMTiPk7HW_vM2CrKLJMtlBxj3UiAGUxDH7RUXcPm1zR-TmLHFmydobv0XwfQ==	018656e576dc99f2d28cb791f60f2807bf6fe9d67126d4fda2daf800ed280b8b
00000000-0000-0000-0000-000000000562	gAAAAABqkllU28JQ14iiA_OtKNISd5XkIghb6zCOEqyOjzMlFdk_in2h5iNi7m8jpOutEmPFZlLnsM_lL7-jTv7njHBQSOAySw==	6b219ce0526894aa6c1f6cf2ac253795ee1a8d0bab4ada16f180e5a7c8eccb71
00000000-0000-0000-0000-000000000563	gAAAAABqkllUUe1jY0ibIANfBTKuXcXcQma38-8ho657xfcLJTUzA-Kf7lbztPyxeTjKkVenIuhifHlbiPKGn6zdk4FSYQtE9w==	b9d014244cf6aca631b499c203a63c80c1e14de9d6bd5a6f0f5fe68b4bf94df6
00000000-0000-0000-0000-000000000564	gAAAAABqkllUEO3h7y0G5o2NfVx7qYoTstndR3ee8VzS7tF-1U7y0t6hWuAltYrIi70bsh0S5Vflknb2X9O8Yop0WZmj2fqW6Q==	25edebd120fa820d8bedf78ca0307b0108dcd0bbde2b32899395f4219e2a0e8f
00000000-0000-0000-0000-000000000565	gAAAAABqkllUvWy3F9RmndhzyVOdCMbv_fUEKGTbD1H591IQdSAnwN4v4Xr5-kDntgSn_OTYJEzuwEJNNEYrM3UAQ1y2qqR74g==	94982870f253f247201d6438f24146edb016bd7ecd4a45c815d447280869e88f
00000000-0000-0000-0000-000000000566	gAAAAABqkllUCjI_ptrQuWtEWl-_tFiKBX74ZMk_-K8ZZxvZ9JnU3St9GkssAf0x_MNUb4vaWtJBE0Kr7meh-mhH6Yu-mksPrg==	1c6d6993d4fd306075aa4dbffb1b2a7b10906bac1707dab24391fe1268fd274a
00000000-0000-0000-0000-000000000567	gAAAAABqkllU9gjskJjPBhlUgxw7J2YxLnZQGTO0_BnJdBjSJ4oTNxdlBavQYGNlymiUFHsqXLVgxhTIcPJ65k_XqSgrzHQadA==	087c7bc2a101681b2c0279d59a4163716b130a2ec41e3e45aaa33a9bbb9ce6a0
00000000-0000-0000-0000-000000000568	gAAAAABqkllURa_q6xd6bMzv5W1w0Isghg7L8DxRSEs7MAYmiZOMJA98zmiezKfuZ8Lu0uRLEyEtycYcHwmI6JhWnZa_sXJaCw==	427d958fb375cc43b7f12b21a6cd256b5a3b639604f04269e20304f08215d7ad
00000000-0000-0000-0000-000000000569	gAAAAABqkllUW1mjf_S_InEzTGm34eoQ98PsoK87RQdayK2mfmOPjvVk_asDxFe2m_Dbvwunn5RO0Xo-j_9ibEnGY7ep8X3R-g==	42cc64850b60422418053aad0ef5fec0bdeb063bd4282ef26d50393723f7ba5a
00000000-0000-0000-0000-000000000570	gAAAAABqkllU0YVDeRFlTN5bGnbkzLLfG-UVMDYGn1rHGgCcactEln8ulFrqjpcny1iqowEinR9E9RbAl8k8JsTI6y2x-aC7lw==	b11091bad1d2bb0a3561c7c6d0a84446b545178bb2698a69b4ec2619248bf05d
00000000-0000-0000-0000-000000000571	gAAAAABqkllUOwIo94fFq2G1S6kGvWsnXOpPWMBnq6eS9FP9G30Bc7MiMA84xdesSbQac0nYtIY93knKMq7OY3eiDaD3iyaImg==	1b9df40f09bffee12893491552a75cca142272f62a895d66602911af026cce7d
00000000-0000-0000-0000-000000000572	gAAAAABqkllUYbFuAahmNFw7iFgHENnFRVuG5RYj7XVkOZufj8ttUyY6IL--69lYyPVmR5kE3xknDxM1E6IIRO79a2UnJ3dhRg==	a61962a5fb586ab30ee93f5017cf847a80b2214de87e005c8eb064b3e9c8afcc
00000000-0000-0000-0000-000000000573	gAAAAABqkllU-NJVNwqC4n5IMF5YkKYPDacgBaq2sw6cowMt6F9NGflVayhrdWm2rrTdevE9JBeVnSgql5OGcbiFT--07QPlnQ==	2fbb453d80de860c695049777bda5388c9e4730165b1a39b953edc590de8ae5e
00000000-0000-0000-0000-000000000574	gAAAAABqkllUha7bLv4y1oIfCOr9uWHY3EzvTznkOohes-xUn3shcegRtSD6ZZH8KNBTbBmHBppXYkzr2liNA9M1_q8R7-bFLA==	82a1b4facdb0f7499a660edb9fbd1a1c6fd1c459d5592fc27e8137e650190ac2
00000000-0000-0000-0000-000000000575	gAAAAABqkllUdDSFPtMjc0dVGXU--GSnlH-yzkAa9W_Wg03H3BPk_IvBAhhJQHkxNoMGXZ5oQ9sxTj1lek8jkefXwy7fqCNeEA==	41c144de45d88668271fe6b7ff5e15089773f43dfa2d4c668210e882ff0a5403
00000000-0000-0000-0000-000000000576	gAAAAABqkllUrzRDaI0SyBg1WP7WzbIemAOyrH3f7v271Qo3bt1sVEKBmEqI3qKMg7MFSe_cRnB5QBTJhP88VjIYR9XJYWcAwA==	ac35dbd705b16683b0a97fbd4cb17568010d4b52c4dac195ecf45d396b59b97c
00000000-0000-0000-0000-000000000577	gAAAAABqkllUzsl-UdBKHkLsM1NET4BrwUUGLjr_HC43kb7gS4o79--aPqiPXev0g-blgGqlrD4oky7FqKVzXrMBCXyAddJlKg==	fb954f0ff3c79510a328dddb73bff675da6a9a5df1caa7368e2856cfab99cd58
00000000-0000-0000-0000-000000000578	gAAAAABqkllUUy0LYnknPiTj-XdmMfgkxS9PnYCcNOmqyeblB9icCKP3VKj5fgmar2BYroQRtA1prLGy0oXEv3jduAqV6aMT-w==	c785ca8b98514b3ee61f20141524ee014206060a95269a088f2e73fe9d2a7fe9
00000000-0000-0000-0000-000000000579	gAAAAABqkllUQHvMQi_mtZLDyxsw7kOK6Ta6qiabclz2p0Ha0L5RtleFJTDIvS1XH73kG2SWz5Q6LQTvu2VKkopa_gvrvXZc8w==	7a14f8c3b7629732bf756b73a030e598faa2921ef2c0e1ec8b61ba1f7994ea30
00000000-0000-0000-0000-000000000580	gAAAAABqkllU46wBsccYFAOTzlX9-rK1abYOurUoHO-8cr7a9TqE3PS3ppCgqxVHMgCanzUL0cRIyQK-Xt-LU3kaRO6n6mAuMQ==	a594eb0638c5b6e573fa1d3d653607719778b61e8789a5fab304e26362fcfc41
00000000-0000-0000-0000-000000000581	gAAAAABqkllUwT5kDjQ3ePS-Sqeut6S0OC62Rkm7CyqJt5S4jY8LybGwHx7bZ_jwoj8dkykRVR4L2y25uOu3uTU8jUxI5UyTDA==	f4601dc8a09fb20739104f934ad615df60a58ebb46f23fcc79877807ddad097b
00000000-0000-0000-0000-000000000582	gAAAAABqkllUjd4eZ6MYUcJfiwrL5TUNq_x4SiKZWBIyueyLZGnZS7TykrPnAD9dyq0Oq9DvbSUPwARvOifG0sv2Q-uPx-EWbA==	fb5adfec21e59c930de23f8cfdeb57be4c2d2acdead7f8e121716bad2ee0065b
00000000-0000-0000-0000-000000000583	gAAAAABqkllU6MRlz-JsPKR9Tg9o53GCWBJjhe6wH0s9ZaGQi4gqzB59vQrzEKBusrKXztR8dUcRi239X1xfqzEUPFFfN86b1A==	26eab3ce0a1870d994a6b36171b31ced9d04aa2380e8ba49548ec59ddbc4ab16
00000000-0000-0000-0000-000000000584	gAAAAABqkllU2X7MCZYIbpJaN6FKEswy32tnxqNrRGsQ9FHA3P3aIy4n85ToqDt0HxEh2LwfOJjgdyWh60EDJHL9dZLWvgzKHA==	3f9a34c9fb63c1ca2d9fef7ce9949ed00d153684fb35c2e6aca6e9601533594b
00000000-0000-0000-0000-000000000585	gAAAAABqkllUOAj9OMS_QfgcmjI6w5qe1wE9x2NmrcG37H-V0ehd5Acdvc0mgV90Ar36c0EdA2pxhhnoo0Va9LbJmddWIPkeuw==	1425833f235fddd440e4b8f882ee9da2da1adcd5969fcdffde8aa9805fc6ee2d
00000000-0000-0000-0000-000000000586	gAAAAABqkllU2HAe1K68xfvN-UdpJv_Kdws0RvFANynBnn1h_d4NlR4ci2JyHHz_CDMupe221FN8vo9r-JfpmxZsju3DP_7png==	c2b318a97584201f944aaba061e95f064b90e2c0cf59e6fa3df456860f10b380
00000000-0000-0000-0000-000000000587	gAAAAABqkllUJM1wY1D_Jpg1VNiPtdPM_u7QMDVlRHsI8TH4qOcA4T4UP0mVHLHpmTCbf-aiRf0iZO1ySrZoaaDNlY2RxrreZg==	241f25d963530ae0db39358f40b6456d9077a7c22f0eb9a656fc8095d315680d
00000000-0000-0000-0000-000000000588	gAAAAABqkllUoYxbNR5lgPR8lPhxWU2CyUdgKOhc5mNZ2ZapkRGtA9j0zZ8UxfZix0x2dDXZRieyLvzGsdlUCRJebnP-hSz6BQ==	df1ffae260e233deed83c8c5618de5eba27912263ac4acc06d7c51391eb0d216
00000000-0000-0000-0000-000000000589	gAAAAABqkllUdFakuolmHHtS02rM3pwQu1jJf2DwTSGSnlUkimSfwaP_KcakMZQXUZrkAsFKMqN1Wn-Q7HqxlrEV4JHaAso9oA==	06916f35669279ccdf849f939ae68317ccb81f060731335ab7bc7b1a7f825ac3
00000000-0000-0000-0000-000000000590	gAAAAABqkllUF7iw2V2BQmFe6ftgfBBruQLG4mEktLbEr_u5AIJg3ohPJLQCeMAjiB-sDLf-rDcRWsMdRLHdYXRCuVO7Rmsidg==	786d80949079db158edd28ae11809183ae7ef448d08d5edb7dcc9bd7b57c4f65
00000000-0000-0000-0000-000000000591	gAAAAABqkllU3jqs5r0dBgoyze_ZxGS3fj1Yg80QQdlCVcaKrRsfsuZxZq-uAu0dyyBFzOUCM5pt6ASz5g1SpByIJBC8xcLWxQ==	9661573e2950e65253a6a77e45f3414851fbeafbac88e7c814bc4e7874dfb1b8
00000000-0000-0000-0000-000000000592	gAAAAABqkllUeOGOcwQtC0yaV3IyLUJdG-hkxdbvhAHacFyCJXp38DYmg5MwrIXL9UifccYGU4ZRhH6eRboi_BdyswtcmNcbmg==	6dfbd68a1d807d8d2ea28fbbebfcad94774aab63e8b952c63c12889d4d82cf80
00000000-0000-0000-0000-000000000593	gAAAAABqkllUYGOLBJu77ZuVnwFx2EiaOTZ08izSenYKO44qRKRC7yMhcoS8SNzyC2VjedX6COjGVvLOKEaQpVPWsMASPHF4fQ==	026b53f4b9e9f2cf070eea9d81790d940917e9386b9ad94a90bedc49ece55097
00000000-0000-0000-0000-000000000594	gAAAAABqkllUlWe_yeDCHmmSgGgE_6IkI0n7xFM5aGAdkjbvs1LVTtC7wKdhjP9C5gfiPJrrIa8_n6po-hr9Q2v_37gCtcT7tA==	8d956fe78de0dc8161caaab8b3c0da8be4eec8b37b0fd6683e9b38aaf033b273
00000000-0000-0000-0000-000000000595	gAAAAABqkllUZf-3Pie-vO2-XPpfxbX2JksoNzXwwXZrZLRDFXNdK6k4IbY2NVqoSEdVWGuSCa4qZL-uVvea-7u4AD40deDB8g==	fec774fcb4a91294731d78cc2de18f5e9d85f0190a234091849d2c13c9dc0a21
00000000-0000-0000-0000-000000000596	gAAAAABqkllUdC0RkPcj9W8lp1Y-IC0-i_MpIfk9vC19swjzn1YOfzs2n5vWvRZummo1Y-D4F7s5pyP_FiHCYum58dwGo0e6AA==	385b08c59bc1fcceeea94bde7173124604e2afd169e38c10743b18b68bbc5dbf
00000000-0000-0000-0000-000000000597	gAAAAABqkllUkXrijKOP23HPNXnN6W_qn8s_OCWXq8l3wo9MsjTl8FEExEcOJu26oqh0g5Ai6MXFZG2CztD7dUAbvaTTC5XFXA==	bda1e900b1d0ff3b3fb040a6fa7c8d0db6c84f3e0b47299c45e0ae22fc8a9455
00000000-0000-0000-0000-000000000598	gAAAAABqkllUv8RR7kJJ-7moabiWZE-idDNqCOYMEOHfKxZ8Qsrccpt97QmyscSz5QeOU1eyQlBaYXnR0t45aGGyQCHDSuTIXQ==	ef34c64adb46ae4ccff018aae4375652e0f47a5d840fc3a93ef9526e384d916d
00000000-0000-0000-0000-000000000599	gAAAAABqkllU15jwdhbv1EDJPBk6kLQeBuaoFYStGpExU9BY3eL_5ATXbCJZHBB7y4bh4AF7NzG6VRlP6NtUpcitOIJOgB8mYw==	789b57fc341110d197f18e9aff0e31c5ece2ef89cbf5fd74f6ce2c51c954ca99
00000000-0000-0000-0000-000000000600	gAAAAABqkllUaqtTc_dKtoZrsDxvOv0Ji2ep0Qvv9dc489YniXnKW4-hQibeGOYjJqalJNZsXBGf6DymlRPw7Jc-RvPRJxjyXQ==	54d16cc14b5f2a9d9546000343945de6894ec25b54fcaa157683da088a4111d5
00000000-0000-0000-0000-000000000601	gAAAAABqkllUmVfNHxjEBknuA5tTnGuhgJ1ilPWDvRvdZriDzLBe36cO7Vo023XAFnwxjD7qwhaoKEmYfn89EOoY7REzL3k8iw==	cda87af98d3eedbb1bd71570dc28a7cac7705fade0250d207d2834c255470d01
00000000-0000-0000-0000-000000000602	gAAAAABqkllU0tsIdLVqWJxUt0DldTdj5AjP9kBSl3SEiOu2XJ3zjpOCDNal0EPhdOlxrH0cNN6ZCgTbwpGSbi1J1LAVH_i-Gg==	4337bd7a622bf6135ffa7bd6504fd6fd234fe9adf8ea8e4e988cf16399f3fb8d
00000000-0000-0000-0000-000000000603	gAAAAABqkllUuBocAQQmg2BpjlmzMmrwtQmBvc_wVKTzpdJcCF-4DCuwmuL-qd-7PHNEfLObaD_ppMcY5IOVCAXml7euKpMBwg==	802a6d9813ab35702ab942cdce3ec5e8de74a53b97f0952730202876d562deff
00000000-0000-0000-0000-000000000604	gAAAAABqkllUOuZjNdXKK8Zct6kWzEK396fhujeQl-GhA-YaXlUh4FTAmcYCFjj6q8PiOmTpbIM6tamdaA43E4r9P28pa4UfMw==	b280ad74db7597cbfaf88b4f6e56ca5acb1047ce58ba49ff0de142664ef3aa8e
00000000-0000-0000-0000-000000000605	gAAAAABqkllUafWtjM9hgeiXRLHbXPW0ovCxJS0WbBc_DqJHClnXibjzatje0bCl_MtQ_B9c0s5tPKqaGMfo3ateM2Aj80MdOw==	07795128e4346e8ffcd5390136f4a12875406b34be333f5e5f6d7aa0dc8fafa7
00000000-0000-0000-0000-000000000606	gAAAAABqkllUuGDC70RBqRFvCGszP0SEDPStfTtxpi4IO3Lp2wLh6hXGOyHD_K5DISggdA8XF1Xu9TwjAFrK0LuGLnHQmyOtag==	4da1033abbf2ddf0c8a4665a4c591f4184b50be136594fd169a8949449187d79
00000000-0000-0000-0000-000000000607	gAAAAABqkllURzdDhdMeBQpnSi9obQvvFhao2QIezaqGWIRZEeiylqARDKKbZd3CIOQ9-qc3UbOMaQ3Y4Mnp49RwPDcw5mUMLg==	b4e1b9ea3b64fd67d5621041244f852e05d55fa641c5a1a696baafcb40e998b1
00000000-0000-0000-0000-000000000608	gAAAAABqkllUHH5xM0qaWvtnoHrw-u2Ai1HeXz1DD_xCzXZ4tlOcffz6ISOM-Gcq1tPrOb3az9f8FdOBZfDYXFSd-w56Ea6E0g==	bd07c9885a1ce86f31f4c3d68ba0f7199fd584701cc2e55a9723b590f5c931e7
00000000-0000-0000-0000-000000000609	gAAAAABqkllU08rHWvre1-79_uy8huzakRK8l6p5XTdz7fb3d5OcoLjKa1jSzhaXx_zZGVVZSdG8CajTHb4eZsqOZQsxNga9Xg==	ce53067cb781ac45d950579806e611bbbb9e19543ac8eb7089e9141c97041f08
00000000-0000-0000-0000-000000000610	gAAAAABqkllUi2ptczXGij8yIItFnCG18ql467bjLExDbAhNV-6DIyMt322jaKdeOjheSIvREHSW_VyQMlXtS4FTq3s5-Sos9Q==	c5ecd1509523fae96ae5f6bf316185dba6454b7267fbc1db0d12c16987a76a81
301827d1-d8cc-4a96-ac3b-29ac83d0477f	gAAAAABqktwU8HUqBOyfigJBs-wgfmh5PG8E-PiBxc7rsTagTvy4oA_YR9o_Z5lepq0LN-HDmVietkEm8S2kqocPiZ4yxKai9w==	031986548e9cb437925116ffa338bafee2aae0008b8b21929806048ac256ee82
309c9ead-2d9e-407d-b6be-4a658a7e68c2	gAAAAABqkoU5j51QEP8SAdWviXCmgJvm5R7bJLdNt2zrqFYVTn6YPIC3QuhEY_l-YG0wiclDXpL4co3UPIwYymklcNxhjdqypA==	321ba197033e81286fedb719d60d4ed5cecaed170733cb4a92013811afc0e3b6
